text,label
"Targeted therapies and immunotherapies have radically improved treatment for advanced non-small-cell lung cancer (NSCLC). Tyrosine kinase inhibitors targeting oncogenic driver mutations continue to evolve over multiple generations to enhance effectiveness and tackle drug resistance. Immune checkpoint inhibitors remain integral for the treatment of NSCLCs that do not have specific actionable genetic mutations. Antibody-drug conjugates and bispecific antibodies are being integrated into treatment guidelines, and emerging therapies include T-cell engagers, cellular therapies, cancer vaccines, and external devices. Despite these advances, challenges remain in identifying predictive biomarkers to individually tailor treatments, abrogate resistance, reduce costs, and ensure optimal cancer treatment accessibility.",Oncology
"As far as health issues are concerned, cancer causes one out of every six deaths around the globe. As potent therapeutics are still awaited for the successful treatment of cancer, some unconventional treatments like radiotherapy, surgery, and chemotherapy and some advanced technologies like gene therapy, stem cell therapy, natural antioxidants, targeted therapy, photodynamic therapy, nanoparticles, and precision medicine are available to diagnose and treat cancer. In the present scenario, the prime focus is on developing efficient nanomedicines to treat cancer. Although stem cell therapy has the capability to target primary as well as metastatic cancer foci, it also has the ability to repair and regenerate injured tissues. However, nanoparticles are designed to have such novel therapeutic capabilities. Targeted therapy is also now available to arrest the growth and development of cancer cells without damaging healthy tissues. Another alternative approach in this direction is photodynamic therapy (PDT), which has more potential to treat cancer as it does minimal damage and does not limit other technologies, as in the case of chemotherapy and radiotherapy. The best possible way to treat cancer is by developing novel therapeutics through translational research. In the present scenario, an important event in modern oncology therapy is the shift from an organ-centric paradigm guiding therapy to complete molecular investigations. The lacunae in anticancer therapy may be addressed through the creation of contemporary and pertinent cancer therapeutic techniques. In the meantime, the growth of nanotechnology, material sciences, and biomedical sciences has revealed a wide range of contemporary therapies with intelligent features, adaptable functions, and modification potential. The development of numerous therapeutic techniques for the treatment of cancer is summarized in this article. Additionally, it can serve as a resource for oncology and immunology researchers.",Oncology
"Molecular targeted therapies are revolutionized therapeutics which interfere with specific molecules to block cancer growth, progression, and metastasis. Many molecular targeted therapies approved by the Food and Drug Administration (FDA), have demonstrated remarkable clinical success in the treatment of a myriad of cancer types including breast, leukemia, colorectal, lung, and ovarian cancers. This review provides an update on the different types of molecular targeted therapies used in the treatment of cancer, focusing on the fundamentals of molecular targeted therapy, its mode of action in cancer treatment, as well as its advantages and limitations.",Oncology
"Cancer is one of the leading cause of death in the world with the prevalence of >10 million mortalities annually. Current cancer treatments include surgical intervention, radiation, and taking chemotherapeutic drugs, which often kill the healthy cells and result in toxicity in patients. Therefore, researchers are looking for ways to be able to eliminate just cancerous cells. Intra-tumor heterogeneity of cancerous cells is the main obstacle on the way of an effective cancer treatment. However, better comprehension of molecular basis of tumor and the advent of new diagnostic technologies can help to improve the treatment of various cancers. Therefore, study of epigenetic changes, gene expression of cancerous cells and employing methods that enable us to correct or minimize these changes is critically important. In this paper, we will review the recent advanced strategies being used in the field of cancer research.",Oncology
"Cervical cancer is one of the most common cancers in women worldwide. The outcome of patients with metastatic cervical cancer is poor. We reviewed the relevant literature concerning the treatment and diagnosis of metastatic cervical cancer. There are two types of metastasis related to different treatments and survival rates: hematogenous metastasis and lymphatic metastasis. Patients with hematogenous metastasis have a higher risk of death than those with lymphatic metastasis. In terms of diagnosis, fluoro-2-deoxy-D-glucose positron emission tomography (FDG-PET) and PET-computed tomography are effective tools for the evaluation of distant metastasis. Concurrent chemoradiotherapy and subsequent chemotherapy are well-tolerated and efficient for lymphatic metastasis. As for lung metastasis, chemotherapy and/or surgery are valuable treatments for resistant, recurrent metastatic cervical cancer and chemoradiotherapy may be the optimal choice for stage IVB cervical cancer. Chemotherapy and bone irradiation are promising for bone metastasis. A better survival is achieved with multimodal therapy. Craniotomy or stereotactic radiosurgery is an optimal choice combined with radiotherapy for solitary brain metastases. Chemotherapy and palliative brain radiation may be considered for multiple brain metastases and other organ metastases.",Oncology
"Natural killer (NK) cells are cytotoxic lymphocytes of the innate immune system that are capable of killing virally infected and/or cancerous cells. Nearly 20 years ago, NK cell-mediated immunotherapy emerged as a safe and effective treatment approach for patients with advanced-stage leukaemia. Subsequently, the field of NK cell-based cancer therapy has grown exponentially and currently constitutes a major area of immunotherapy innovation. In general, the development of NK cell-directed therapies has two main focal points: optimizing the source of therapeutic NK cells for adoptive transfer and enhancing NK cell cytotoxicity and persistence in vivo. A wide variety of sources of therapeutic NK cells are currently being tested clinically, including haploidentical NK cells, umbilical cord blood NK cells, stem cell-derived NK cells, NK cell lines, adaptive NK cells, cytokine-induced memory-like NK cells and chimeric antigen receptor NK cells. A plethora of methods to augment the cytotoxicity and longevity of NK cells are also under clinical investigation, including cytokine-based agents, NK cell-engager molecules and immune-checkpoint inhibitors. In this Review, we highlight the variety of ways in which diverse NK cell products and their auxiliary therapeutics are being leveraged to target human cancers. We also identify future avenues for NK cell therapy research.",Oncology
"Bladder cancer is a heterogeneous disease. Treatment decisions are mostly decided based on disease stage (non-muscle invasive or muscle invasive). Patients with muscle-invasive disease will be offered a radical treatment combined with systemic therapy, while in those with non-muscle-invasive disease, an attempt to resect the tumor endoscopically will usually be followed by different intravesical instillations. The goal of intravesical therapy is to decrease the recurrence and/or progression of the tumor. In the current landscape of bladder cancer treatment, BCG is given intravesically to induce an inflammatory response and recruit immune cells to attack the malignant cells and induce immune memory. While the response to BCG treatment has changed the course of bladder cancer management and spared many ""bladders"", some patients may develop BCG-unresponsive disease, leaving radical surgery as the best choice of curative treatment. As a result, a lot of effort has been put into identifying novel therapies like systemic pembrolizumab and Nadofaragene-Firadenovac to continue sparing bladders if BCG is ineffective. Moreover, recent logistic issues with BCG production caused a worldwide BCG shortage, re-sparking interest in alternative BCG treatments including mitomycin C, sequential gemcitabine with docetaxel, and others. This review encompasses both the historic and current role of BCG in the treatment of non-muscle-invasive bladder cancer, revisiting BCG alternative therapies and reviewing the novel therapeutics that were approved for the BCG-unresponsive stage or are under active investigation.",Oncology
"Alterations in KRAS, NRAS, and HRAS occur in roughly 20% of patients with cancer, making RAS one of the most intensively studied oncogenic targets. The discovery of mutant-selective KRAS<sup>G12C</sup> inhibitors has provided a proof-of-concept for RAS-directed therapies, heralding a new era in the treatment of RAS-driven cancers. Yet, the efficacy of first-generation KRAS<sup>G12C</sup> inhibitors is limited by the rapid emergence of resistance. Novel classes of (K)RAS inhibitors with distinct mechanisms of action and broader target coverage hold promise to overcome resistance and extend the benefits of RAS-targeted therapies to a wider patient population. In this review, we summarize clinical evidence for KRAS<sup>G12C</sup> inhibitors across tumor types and delineate key mechanisms of resistance. We further discuss the rapidly evolving landscape of next-generation (K)RAS inhibitors, with particular emphasis on their target selectivity, mechanisms of action, preliminary clinical efficacy, and the therapeutic opportunities and challenges inherent to each class.",Oncology
"The treatment of unresectable metastatic colorectal cancer has evolved over the last two decades, as knowledge of cancer biology has broadened and new targets have emerged. 'The Hallmarks of Cancer' illustrate the crucial capabilities acquired by cells to become malignant and represent the evolution of knowledge of tumor biology. This review integrates these novel targets and therapies into selected hallmarks: sustaining proliferative signaling, inducing vasculature, avoiding immune destruction, genome instability and mutation, reprogramming cellular metabolism, and resisting cell death. The different strategies and combinations under study are based on treatments with anti-EGFR, anti-VEGF, and anti-HER2 agents, KRAS G12C inhibitors, BRAF and MEK inhibitors, and immune checkpoint inhibitors. However, new approaches are emerging, including vaccines, WEE1 inhibitors, and PARP inhibitors, among others. The further deciphering of cancer biology will unravel new targets, develop novel therapies, and improve patients' outcomes.",Oncology
"This comprehensive review explores the transformative potential of PROTAC (Proteolysis-Targeting Chimeras) therapy as a groundbreaking approach in the landscape of lung cancer treatment. The introduction provides a succinct overview of current challenges in lung cancer treatment, emphasizing the significance of targeted therapies. Focusing on PROTAC therapy, the article elucidates its mechanism of action, comparing it with traditional targeted therapies and highlighting the key components and design principles of PROTAC molecules. In the context of lung cancer, the review meticulously summarizes preclinical evidence, emphasizing efficacy and specificity gleaned from studies evaluating PROTAC therapy. It delves into the implications of this preclinical data, discussing potential advantages over existing targeted therapies. An update on ongoing clinical trials involving PROTAC therapy for lung cancer offers a snapshot of the current progress, with a summary of key outcomes and advancements in early-phase trials. The mechanistic insights into PROTAC therapy's impact on lung cancer cells are explored, alongside a discussion on potential biomarkers for patient stratification and response prediction. The influence of tumor heterogeneity on PROTAC therapy outcomes is also addressed. Safety and tolerability assessments, encompassing preclinical and clinical studies, are comprehensively evaluated, including a comparative analysis with traditional targeted therapies and strategies to mitigate side effects. Looking forward, the article discusses the future perspectives of PROTAC therapy in lung cancer treatment and addresses ongoing challenges, providing a nuanced exploration of potential combination therapies and synergistic approaches. In conclusion, the review summarizes key findings and insights, underscoring the tremendous potential of PROTAC therapy as a promising and innovative avenue in pursuing more effective lung cancer treatments.",Oncology
"RAS inhibition has the potential to transform cancer treatment for many patients. The landscape of RAS inhibitor therapies is rapidly evolving, with two mutant-selective KRAS inhibitors now approved and multiple other mutant-selective, pan-KRAS, and pan-RAS inhibitors in development. However, monotherapy efficacy has been limited by primary and acquired resistance. In this article, we review preclinical and clinical data on RAS inhibition in cancer and describe multiple genetic and nongenetic mechanisms of resistance. Moreover, we highlight future opportunities for the design of rational combination therapy strategies, which will ultimately be needed to overcome resistance and enhance the efficacy of these promising treatments. RAS inhibitors have shown early evidence of efficacy in multiple cancer types, but clinical benefit is limited by acquired resistance. Development of best-in-class inhibitors, with optimal potency, selectivity, and pharmacokinetic properties, as well as effective and tolerable combination therapies will be needed to overcome resistance and maximize the clinical impact of RAS-targeted therapy.",Oncology
"The broad field of gene therapy promises a number of innovative treatments that are likely to become important in preventing deaths from cancer. In this review, we discuss the history, highlights and future of three different gene therapy treatment approaches: immunotherapy, oncolytic virotherapy and gene transfer. Immunotherapy uses genetically modified cells and viral particles to stimulate the immune system to destroy cancer cells. Recent clinical trials of second and third generation vaccines have shown encouraging results with a wide range of cancers, including lung cancer, pancreatic cancer, prostate cancer and malignant melanoma. Oncolytic virotherapy, which uses viral particles that replicate within the cancer cell to cause cell death, is an emerging treatment modality that shows great promise, particularly with metastatic cancers. Initial phase I trials for several vectors have generated excitement over the potential power of this technique. Gene transfer is a new treatment modality that introduces new genes into a cancerous cell or the surrounding tissue to cause cell death or slow the growth of the cancer. This treatment technique is very flexible, and a wide range of genes and vectors are being used in clinical trials with successful outcomes. As these therapies mature, they may be used alone or in combination with current treatments to help make cancer a manageable disease.",Oncology
"The NOTCH gene was identified approximately 110 years ago. Classical studies have revealed that NOTCH signaling is an evolutionarily conserved pathway. NOTCH receptors undergo three cleavages and translocate into the nucleus to regulate the transcription of target genes. NOTCH signaling deeply participates in the development and homeostasis of multiple tissues and organs, the aberration of which results in cancerous and noncancerous diseases. However, recent studies indicate that the outcomes of NOTCH signaling are changeable and highly dependent on context. In terms of cancers, NOTCH signaling can both promote and inhibit tumor development in various types of cancer. The overall performance of NOTCH-targeted therapies in clinical trials has failed to meet expectations. Additionally, NOTCH mutation has been proposed as a predictive biomarker for immune checkpoint blockade therapy in many cancers. Collectively, the NOTCH pathway needs to be integrally assessed with new perspectives to inspire discoveries and applications. In this review, we focus on both classical and the latest findings related to NOTCH signaling to illustrate the history, architecture, regulatory mechanisms, contributions to physiological development, related diseases, and therapeutic applications of the NOTCH pathway. The contributions of NOTCH signaling to the tumor immune microenvironment and cancer immunotherapy are also highlighted. We hope this review will help not only beginners but also experts to systematically and thoroughly understand the NOTCH signaling pathway.",Oncology
"Human epidermal growth factor receptor 2 (HER2), a targetable transmembrane glycoprotein receptor of the epidermal growth factor receptor (EGFR) family, plays a crucial role in cell proliferation, survival, and differentiation. Aberrant HER2 signaling is implicated in various cancers, particularly in breast and gastric cancers, where HER2 overexpression or amplification correlates with aggressive tumor behavior and poor prognosis. HER2-activating mutations contribute to accelerated tumorigenesis and metastasis. This review provides an overview of HER2 biology, signaling pathways, mechanisms of dysregulation, and diagnostic approaches, as well as therapeutic strategies targeting HER2 in cancer. Understanding the intricate details of HER2 regulation is essential for developing effective targeted therapies and improving patient outcomes.",Oncology
"Multiple classes of therapies targeting claudin-18 isoform 2 (CLDN18.2) are under development for the treatment of advanced gastroesophageal adenocarcinoma and other solid tumors. At the 2024 American Society of Clinical Oncology (ASCO) Annual Meeting, the final results of the phase 3 SPOTLIGHT trial were presented, demonstrating a significant survival benefit from the addition of the CLDN18.2-specific antibody zolbetuximab to chemotherapy in the first-line treatment of advanced gastroesophageal adenocarcinomas with ≥ 75% CLDN18.2 expression. Early-phase trial results presented at ASCO 2024 showed promising efficacy and safety of the afucosylated CLDN18.2-specific antibody FG-M108 in combination with chemotherapy in the first-line treatment of CLDN18.2-positive advanced gastroesophageal and pancreatic cancers. In addition, several early-phase trials presented at ASCO 2024 investigate other CLDN18.2-targeting approaches in CLDN18.2-positive refractory advanced solid tumors, including the CLDN18.2-targeting antibody-drug conjugates LM-302 and IBI343, the bispecific anti-CLDN18.2/CD3 antibody IBI38, and the chimeric antigen receptor T cell therapy satricabtagene autoleucel. These novel approaches could potentially expand the benefit of CLDN18.2-targeting therapies to a broader range of tumor types and to tumors expressing lower levels of CLDN18.2.",Oncology
"Cancer is the second worldwide cause of death, exceeded only by cardiovascular diseases. It is characterized by uncontrolled cell proliferation and an absence of cell death that, except for hematological cancers, generates an abnormal cell mass or tumor. This primary tumor grows thanks to new vascularization and, in time, acquires metastatic potential and spreads to other body sites, which causes metastasis and finally death. Cancer is caused by damage or mutations in the genetic material of the cells due to environmental or inherited factors. While surgery and radiotherapy are the primary treatment used for local and non-metastatic cancers, anti-cancer drugs (chemotherapy, hormone and biological therapies) are the choice currently used in metastatic cancers. Chemotherapy is based on the inhibition of the division of rapidly growing cells, which is a characteristic of the cancerous cells, but unfortunately, it also affects normal cells with fast proliferation rates, such as the hair follicles, bone marrow and gastrointestinal tract cells, generating the characteristic side effects of chemotherapy. The indiscriminate destruction of normal cells, the toxicity of conventional chemotherapeutic drugs, as well as the development of multidrug resistance, support the need to find new effective targeted treatments based on the changes in the molecular biology of the tumor cells. These novel targeted therapies, of increasing interest as evidenced by FDA-approved targeted cancer drugs in recent years, block biologic transduction pathways and/or specific cancer proteins to induce the death of cancer cells by means of apoptosis and stimulation of the immune system, or specifically deliver chemotherapeutic agents to cancer cells, minimizing the undesirable side effects. Although targeted therapies can be achieved directly by altering specific cell signaling by means of monoclonal antibodies or small molecules inhibitors, this review focuses on indirect targeted approaches that mainly deliver chemotherapeutic agents to molecular targets overexpressed on the surface of tumor cells. In particular, we offer a detailed description of different cytotoxic drug carriers, such as liposomes, carbon nanotubes, dendrimers, polymeric micelles, polymeric conjugates and polymeric nanoparticles, in passive and active targeted cancer therapy, by enhancing the permeability and retention or by the functionalization of the surface of the carriers, respectively, emphasizing those that have received FDA approval or are part of the most important clinical studies up to date. These drug carriers not only transport the chemotherapeutic agents to tumors, avoiding normal tissues and reducing toxicity in the rest of the body, but also protect cytotoxic drugs from degradation, increase the half-life, payload and solubility of cytotoxic agents and reduce renal clearance. Despite the many advantages of all the anticancer drug carriers analyzed, only a few of them have reached the FDA approval, in particular, two polymer-protein conjugates, five liposomal formulations and one polymeric nanoparticle are available in the market, in contrast to the sixteen FDA approval of monoclonal antibodies. However, there are numerous clinical trials in progress of polymer-protein and polymer-drug conjugates, liposomal formulations, including immunoliposomes, polymeric micelles and polymeric nanoparticles. Regarding carbon nanotubes or dendrimers, there are no FDA approvals or clinical trials in process up to date due to their unresolved toxicity. Moreover, we analyze in detail the more promising and advanced preclinical studies of the particular case of polymeric nanoparticles as carriers of different cytotoxic agents to active and passive tumor targeting published in the last 5 years, since they have a huge potential in cancer therapy, being one of the most widely studied nano-platforms in this field in the last years. The interest that these formulations have recently achieved is stressed by the fact that 90% of the papers based on cancer therapeutics with polymeric nanoparticles have been published in the last 6 years (PubMed search).",Oncology
"Surgery, chemotherapy, and endocrine therapy have improved the overall survival and postoperative recurrence rates of Luminal A, Luminal B, and HER2-positive breast cancers but treatment modalities for triple-negative breast cancer (TNBC) with poor prognosis remain limited. The effective application of the rapidly developing chimeric antigen receptor (CAR)-T cell therapy in hematological tumors provides new ideas for the treatment of breast cancer. Choosing suitable and specific targets is crucial for applying CAR-T therapy for breast cancer treatment. In this paper, we summarize CAR-T therapy's effective targets and potential targets in different subtypes based on the existing research progress, especially for TNBC. CAR-based immunotherapy has resulted in advancements in the treatment of breast cancer. CAR-macrophages, CAR-NK cells, and CAR-mesenchymal stem cells (MSCs) may be more effective and safer for treating solid tumors, such as breast cancer. However, the tumor microenvironment (TME) of breast tumors and the side effects of CAR-T therapy pose challenges to CAR-based immunotherapy. CAR-T cells and CAR-NK cells-derived exosomes are advantageous in tumor therapy. Exosomes carrying CAR for breast cancer immunotherapy are of immense research value and may provide a treatment modality with good treatment effects. In this review, we provide an overview of the development and challenges of CAR-based immunotherapy in treating different subtypes of breast cancer and discuss the progress of CAR-expressing exosomes for breast cancer treatment. We elaborate on the development of CAR-T cells in TNBC therapy and the prospects of using CAR-macrophages, CAR-NK cells, and CAR-MSCs for treating breast cancer.",Oncology
"Cancer growth and progression are associated with immune suppression. Cancer cells have the ability to activate different immune checkpoint pathways that harbor immunosuppressive functions. Monoclonal antibodies that target immune checkpoints provided an immense breakthrough in cancer therapeutics. Among the immune checkpoint inhibitors, PD-1/PD-L1 and CTLA-4 inhibitors showed promising therapeutic outcomes, and some have been approved for certain cancer treatments, while others are under clinical trials. Recent reports have shown that patients with various malignancies benefit from immune checkpoint inhibitor treatment. However, mainstream initiation of immune checkpoint therapy to treat cancers is obstructed by the low response rate and immune-related adverse events in some cancer patients. This has given rise to the need for developing sets of biomarkers that predict the response to immune checkpoint blockade and immune-related adverse events. In this review, we discuss different predictive biomarkers for anti-PD-1/PD-L1 and anti-CTLA-4 inhibitors, including immune cells, PD-L1 overexpression, neoantigens, and genetic and epigenetic signatures. Potential approaches for further developing highly reliable predictive biomarkers should facilitate patient selection for and decision-making related to immune checkpoint inhibitor-based therapies.",Oncology
"The Hippo pathway is a highly conserved signalling network that controls tissue growth and cell fate, responding to physical properties of the tissue microenvironment and cell biological features such as adhesion and polarity. Hippo signalling perturbation is associated with several human diseases, particularly various solid cancers. Hippo pathway-targeted therapies are beginning to emerge for the treatment of cancer, most of which are focused on disrupting the ability of the YAP and TAZ transcription co-activator proteins to promote transcription of genes with their cognate TEAD1-4 DNA binding proteins. Recently, TEAD inhibitors have shown promise in a phase I clinical trial in cancers that are enriched for Hippo pathway mutations, such as mesothelioma. Moreover, Hippo pathway-targeted therapies have great potential to be combined with RAS-MAPK pathway inhibitors, given the close functional relationship that these signalling pathways share in development and disease.",Oncology
"HER3 is a member of the HER/ErbB family of receptor tyrosine kinases, together with EGFR (HER1), HER2 and HER4. Despite having only weak intrinsic kinase activity, HER3 can contribute to oncogenic signalling via ligand-induced heterodimerization with other HER family members. Evidence indicates that HER3 is altered or aberrantly expressed across a variety of tumour types and can be associated with poor clinical outcomes. Whereas anticancer agents targeting EGFR and HER2 have been approved for decades, no drug targeting HER3 had been approved until very recently. Initial targeting of HER3 with monoclonal antibodies as single agents or in combination with other therapeutics produced disappointing clinical results. Subsequently, efforts have been made to target HER3 with novel agents such as antibody-drug conjugates and bispecific antibodies, with promising efficacy observed in several trials encompassing various tumour types. In December 2024, the HER3 × HER2 bispecific antibody zenocutuzumab was granted FDA Accelerated Approval for the treatment of non-small-cell lung cancers or pancreatic cancers harbouring fusions involving NRG1, the gene encoding the high-affinity HER3 ligand neuregulin 1. In this Review, we provide an essential guide to HER3 signalling and oncogenesis, HER3 expression in cancer and its prognostic implications, oncogenic HER3 somatic mutations as well as rare NRG1 fusions that might depend on HER3 signalling, and the roles of HER3 in resistance to cancer therapies. We also highlight efforts to target HER3 with diverse therapeutic strategies and the potential interplay between HER3 and the antitumour immune response.",Oncology
"The search for new therapeutics for the treatment of prostate cancer is ongoing with a focus on the balance between the harms and benefits of treatment. New therapies are being constantly developed to offer treatments similar to radical therapies, with limited side effects. Photodynamic therapy (PDT) is a promising strategy in delivering focal treatment in primary as well as post radiotherapy prostate cancer. PDT involves activation of a photosensitizer (PS) by appropriate wavelength of light, generating transient levels of reactive oxygen species (ROS). Several photosensitizers have been developed with a focus on treating prostate cancer like mTHPC, motexafin lutetium, padoporfin and so on. This article will review newly developed photosensitizers under clinical trials for the treatment of prostate cancer, along with the potential advantages and disadvantages in delivering focal therapy.",Oncology
"Despite the recent progress in cancer management approaches, the mortality rate of cancer is still growing and there are lots of challenges in the clinics in terms of novel therapeutics. MicroRNAs (miRNA) are regulatory small noncoding RNAs and are already confirmed to have a great role in regulating gene expression level by targeting multiple molecules that affect cell physiology and disease development. Recently, miRNAs have been introduced as promising therapeutic targets for cancer treatment. Regulatory potential of tumor suppressor miRNAs, which enables regulation of entire signaling networks within the cells, makes them an interesting option for developing cancer therapeutics. In this regard, over recent decades, scientists have aimed at developing powerful and safe targeting approaches to restore these suppressive miRNAs in cancerous cells. The present review summarizes the function of miRNAs in tumor development and presents recent findings on how miRNAs have served as therapeutic agents against cancer, with a special focus on tumor suppressor miRNAs (mimics). Moreover, the latest investigations on the therapeutic strategies of miRNA delivery have been presented.",Oncology
Gene therapy involves identifying a gene of interest and then manipulating the expression of this gene through a variety of techniques. Here we specifically address gene therapy's role in cancer research. This paper will encompass thoroughly investigated techniques such as cancer vaccines and suicide gene therapy and the latest advancements in and applications of these techniques. It will also cover newer techniques such as Antisense Oligonucleotides and small interfering RNAs and how these technologies are being developed and used. The use of gene therapy continues to expand in cancer research and has an integral role in the advancement of cancer treatment.,Oncology
"Tumor-agnostic, or histology-agnostic, cancer therapy marks a groundbreaking evolution in the realm of precision oncology. In stark contrast to conventional cancer treatments that categorize malignancies based on their tissue of origin (eg, breast, lung, renal cell, etc), tumor-agnostic therapies transcend histologic boundaries, honing in on the genetic and molecular attributes of tumors, regardless of their location. This article offers a comprehensive review of the current landscape of tissue-agnostic cancer therapies and provides clinical insights to empower surgical oncologists with a deeper understanding of these innovative therapeutic approaches.",Oncology
"Over the past decade, immune therapy has become a standard treatment for a variety of cancers. Monoclonal antibodies, immune adjuvants, and vaccines against oncogenic viruses are now well-established cancer therapies. Immune modulation is a principal element of supportive care for many high-dose chemotherapy regimens. In addition, immune activation is now appreciated as central to the therapeutic mechanism of bone marrow transplantation for hematologic malignancies. Advances in our understanding of the molecular interactions between tumors and the immune system have led to many novel investigational therapies and continue to inform efforts for devising more potent therapeutics. Novel approaches to immune-based cancer treatment strive to augment antitumor immune responses by expanding tumor-reactive T cells, providing exogenous immune-activating stimuli, and antagonizing regulatory pathways that induce immune tolerance. The future of immune therapy for cancer is likely to combine many of these approaches to generate more effective treatments.",Oncology
"In 1975, Köhler and Milstein invented hybridoma technology for the generation of murine monoclonal antibodies with predetermined antigen-binding specificity. The transformative impact of monoclonal antibodies is demonstrated by their ubiquitous use as biomedical research reagents and the worldwide approval of at least 212 antibody therapeutics with tens of millions of patients treated to date. Advances in antibody technologies, such as humanization and robust methods for human antibody generation, mitigated the major limitations of murine antibodies as therapeutics. These technologies, combined with progress in biomanufacturing, helped to launch this modern era of antibody therapeutics. Beyond IgG, antibody therapeutics have blossomed into multiple alternative formats, including bispecific antibodies and antibody-drug conjugates. Additionally, antibody fragments have been developed as stand-alone therapeutics and to target cell therapies, notably chimeric antigen receptor T cells. These advances in antibody technologies, plus innovation enabling subcutaneous delivery, have improved the therapeutic benefits and convenience of antibody treatment for many patients. This concept is illustrated here by multiple generations of antibody therapeutics for human epidermal growth factor receptor 2 (HER2)<sup>+</sup> cancers and B cell-targeted therapies for haematological cancers and immunological diseases. Finally, we opine briefly on some of the many promising future directions with antibody therapeutics, including the application of artificial intelligence for antibody identification and multi-parameter optimization.",Oncology
"Genomic instability is a key hallmark of cancer that arises owing to defects in the DNA damage response (DDR) and/or increased replication stress. These alterations promote the clonal evolution of cancer cells via the accumulation of driver aberrations, including gene copy-number changes, rearrangements and mutations; however, these same defects also create vulnerabilities that are relatively specific to cancer cells, which could potentially be exploited to increase the therapeutic index of anticancer treatments and thereby improve patient outcomes. The discovery that BRCA-mutant cancer cells are exquisitely sensitive to inhibition of poly(ADP-ribose) polymerase has ushered in a new era of research on biomarker-driven synthetic lethal treatment strategies for different cancers. The therapeutic landscape of antitumour agents targeting the DDR has rapidly expanded to include inhibitors of other key mediators of DNA repair and replication, such as ATM, ATR, CHK1 and CHK2, DNA-PK and WEE1. Efforts to optimize these therapies are ongoing across a range of cancers, involving the development of predictive biomarker assays of responsiveness (beyond BRCA mutations), assessment of the mechanisms underlying intrinsic and acquired resistance, and evaluation of rational, tolerable combinations with standard-of-care treatments (such as chemotherapeutics and radiation), novel molecularly targeted agents and immune-checkpoint inhibitors. In this Review, we discuss the current status of anticancer therapies targeting the DDR.",Oncology
"RNA therapeutics are a class of drugs that use RNA molecules to treat diseases, including cancer. RNA therapeutics work by targeting specific genes or proteins involved in the disease process, with the aim of blocking or altering their activity to ultimately halt or reverse the disease progression. The use of RNA therapeutics in cancer treatment has shown great potential, as they offer the ability to specifically target cancer cells while leaving healthy cells intact. This is in contrast to traditional chemotherapy and radiation treatments, which can damage healthy cells and cause unpleasant side effects. The field of RNA therapeutics is rapidly advancing, with several types of RNA molecules being developed for cancer treatment, including small interfering RNA, microRNA, mRNA, and RNA aptamers. Each type of RNA molecule has unique properties and mechanisms of action, allowing for targeted and personalized cancer treatments. In this chapter, we will explore the different types of RNA therapeutics used in cancer treatment, their mechanisms of action, and their potential applications in treating different types of cancer. We will also discuss the challenges and opportunities in the development and research of RNA therapeutics for cancer, as well as the future outlook for this promising field.",Oncology
"Macropinocytosis, a cellular process often hyperactivated in cancers with KRAS mutations or PTEN deficiencies, plays a crucial role in tumor survival and therapy. While inhibiting this pathway has been explored as a strategy to deprive cancer cells of essential nutrients, recent advances in nanotechnology offer an innovative approach that exploits macropinocytosis for selective drug delivery. Engineered therapeutics, including nanoparticles, peptide-drug conjugates, and macromolecule-bound drugs, leverage the elevated macropinocytic activity in tumor cells to enhance drug uptake, thereby improving treatment efficacy while minimizing off-target effects. This review provides a comprehensive examination of the molecular mechanisms regulating macropinocytosis in cancer, addressing both intrinsic factors, such as oncogenic mutations, and extrinsic influences from the tumor microenvironment. We explore both inhibition strategies and therapeutic exploitation of macropinocytosis in cancer therapy, focusing specifically on the latest innovations in engineered therapeutics designed to enhance selective drug delivery. By addressing the challenges of translating macropinocytosis-targeting therapies into clinical practice, including tumor heterogeneity and drug resistance, this review highlights how modulating macropinocytosis presents new opportunities for more effective and personalized cancer treatments.",Oncology
"Prostate cancer is the most commonly diagnosed cancer in American men and 2nd leading cause of cancer-related deaths in the United States. Androgen deprivation therapy (ADT) is the backbone of treatment for advanced prostate cancer. Over the past several decades a number of new therapeutics, such as novel androgen receptor pathway inhibitors, targeted agents and radionuclide therapies, have been introduced for the treatment of prostate cancers. These agents have been demonstrated to improve clinical outcomes of prostate cancer patients in randomized clinical trials. In addition, new therapeutic strategies, such as early intensification of ADT, novel treatment combinations, and treatment sequencing, are expected to improve outcomes further. In this clinical review, we discuss the changing treatment landscape for advanced prostate cancer with a focus on new therapeutics.",Oncology
"The elucidation of prostate cancer biology and genomics has led to new therapies improving disease outcomes with novel androgen receptor (AR) pathway inhibitors (ARPIs), taxanes, and targeted therapeutics that require disease molecular stratification. We are presenting a narrative and qualitative synthesis based on a systematic search. Medline (PubMed) and Embase (OvidSP) were searched (October 1, 2024, covering 2019-2024) using keywords and Medical Subject Headings terms; ClinicalTrials.gov and ASCO/ESMO abstracts were also reviewed. The inclusion criteria were phase 1-3 studies on molecular targets or therapies for metastatic prostate cancer with posted results. The exclusion criteria included non-English articles, reviews, meta-analyses, commentaries, case reports, duplicates, nonhuman/preclinical studies, protocols, and studies lacking molecular targets. Targeted therapies have emerged for specific molecular subtypes of advanced prostate cancer. For instance, poly(ADP)-ribose polymerase inhibitors target DNA repair defective prostate cancer (especially BRCA2 and PALB2 biallelic loss). Immune checkpoint inhibitors against PD-1/PD-L1 are effective in hypermutated prostate cancer cases, especially those with mismatch repair defective (MMRd) disease. Additionally, 177Lu-PSMA-617 impacts prostate-specific membrane antigen (folate hydrolase) expressing disease. Several other major therapeutic advances are envisioned in the near future, including targeting novel cell surface proteins with T-cell engager antibody constructs, immunoconjugates, and radiopharmaceuticals. Other rational therapeutic strategies are being pursued, targeting continued AR signalling; AR cofactors, for example, P300; PI3K/AKT signalling; the PRC2 complex protein including EZH2; as well as novel synthetic lethal strategies. A rapidly evolving standard of care is anticipated for metastatic prostate cancer, making it imperative that rational registration trial designs incorporating multipurpose biomarkers to accelerate anticancer drug development are pursued.",Oncology
"The treatment of hepatobiliary cancers has advanced rapidly, with novel approaches under active development. Current drug development can be classified into two primary strategies, based on their underlying mechanisms of action. The first focuses on novel therapies targeting the immune system beyond conventional immune checkpoints like programmed death-1 and cytotoxic T-lymphocyte-associated protein 4. This includes antibodies targeting new immune checkpoints and cytokines involved in tumour immune response regulation. Phase II and III clinical trials are exploring combinations of these antibodies with approved immunotherapy regimens. Cellular therapies, including chimeric antigen receptor-T cells and tumour-infiltrating lymphocytes, are also being tested in early clinical studies for hepatocellular carcinoma (HCC) and biliary tract cancer (BTC). Advances in antibody engineering have also enabled the design of bispecific T-cell engagers. The second direction addresses new targets or revised approaches to traditionally undruggable targets, such as peroxisome proliferator-activated receptor-α, Kirsten rat sarcoma viral oncogene, histone deacetylase, and β-catenin. Successful in other cancers, antibody-drug conjugates expressing human epidermal growth factor receptor-2 or nectin-4 are also being developed for BTC. Notably, the classification of these advances is somewhat arbitrary, as emerging evidence reveals new immunomodulatory roles for these therapies. Finally, these therapeutic advances suggest a change in the treatment approach for less common liver cancers, such as sarcomatoid HCC and combined HCC-cholangiocarcinoma. Recent clinical experiences and genomic data indicate potential responsiveness to immune checkpoint inhibitors. Including these subtypes in clinical trials may help accelerate the development of effective treatments for these uncommon entities.",Oncology
"Prostate cancer, a slow-growing tumor, develops through the over-proliferation of malignant cells in the prostate and is one of the most common types of cancer. Active surveillance, radical prostatectomy, external beam radiation, brachytherapy, cryotherapy, stereotactic body radiation therapy, hormone therapy, and chemotherapy are common treatment strategies for prostate cancer. However, resistance to treatment in advanced prostate cancer is a concerning issue in the use of these therapies. Immune checkpoint inhibitor (ICI) therapy for prostate cancer is an emerging strategy for the treatment of advanced prostate cancers but the resistance and limited efficacy to ICIs observed in metastatic castration-resistant prostate cancer (mCRPC) raises concerns. The ongoing clinical trials for combination therapies for mCRPC have provided some hope. This review concisely discusses the molecular and cellular mechanisms, immunotherapy, the limitations of ICIs, combination therapies, and the prospects of developing novel therapeutics for prostate cancer.",Oncology
"Nanoparticle-based drug delivery systems have found extensive use in delivering oncology therapeutics; however, some delivery vehicles still exhibit rapid immune clearance, lack of biocompatibility and insufficient targeting. In recent years, bionanoparticles constructed from tumour cell membranes have gained momentum as tumour-targeting therapeutic agents. Cancer cell membrane-coated nanoparticles (CCMCNPs) typically consist of a drug-loaded nanoparticle core coated with cancer cell membrane. CCMCNPs retain homologous tumour cell surface antigens, receptors and proteins, and it has been shown that the modified nanoparticles exhibit better homologous targeting, immune escape and biocompatibility. CCMCNPs are now widely used in a variety of cancer treatments, including photothermal, photodynamic and sonodynamic therapies, chemotherapy, immunotherapy, chemodynamical therapy or other combination therapies. This article presents different therapeutic approaches using multimodal antitumour therapy-combination of two or more therapies that treat tumours synergistically-based on tumour cell membrane systems. The advantages of CCMCNPs in different cancer treatments in recent years are summarised, thus, providing new strategies for cancer treatment research.",Oncology
"Cancer poses a global challenge in diagnostics and therapeutics. Treatments like chemotherapy, radiotherapy, surgery, and immunotherapy have significantly decreased the fatality rate, but drug resistance, therapy side effects, and relapse remain as major concerns. Live biotherapeutics are microorganisms that can be developed as therapeutic agents to modulate cancer pathophysiology and aid in disease management. Live biotherapeutic products (LBPs) have the potential to suppress tumour growth, enhance the effectiveness of conventional therapies, and reduce treatment-related side effects. Dysbiosis in the gut and cancer-specific tissues is linked to cancers of the colon, stomach, pancreas, and liver. Live biotherapeutics aim either to re-establish microbial balance or to employ microbes directly as anticancer tools. Both native and engineered LBPs (bacteria and viruses) represent promising interventions that may form part of next-generation cancer treatment strategies. Their clinical application draws on the integration of microbiology, immunology, synthetic biology, and oncology. LBPs can be used to target cancer cells by delivering antitumour payloads such as immune modulators, toxins, exposing cancer antigens, and molecules for targeted killing. LBPs offer advantages such as reduced systemic toxicity, overcoming drug resistance, and synergy with chemo-, radio-, and immunotherapies. Despite challenges in safety, manufacturing, regulation, and personalization, advances in synthetic biology and omics are enabling precision approaches. Future innovations such as bacteriobots, biocontainment systems, and patient-specific microbiome integration highlight their potential as next-generation cancer therapeutics.",Oncology
"Hepatobiliary malignancies encompass a spectrum of invasive carcinomas arising in the liver [hepatocellular carcinoma (HCC), bile ducts [intrahepatic cholangiocarcinoma (ICC), and extrahepatic cholangiocarcinoma (EHC)] and the gallbladder. These malignancies represent a growing global health burden, with rising incidence and mortality rates and their overall prognosis remains poor because many patients present with advanced unresectable disease at diagnosis. In recent years, significant advancements in understanding HCC immunogenicity have reshaped the therapeutic scenario of advanced HCC with the immunotherapy revolutionizing the current HCC treatment landscape and patients' prognosis. Moreover, the addition of immunotherapy to chemotherapy has recently established a new standard of care first-line treatment for patients with biliary tract cancers (BTCs) who had historically few therapeutic options. Currently, immunotherapy and immune checkpoint inhibitor (ICI)-based regimens stand as a valuable and practice-changing options in both HCC and BTC management. The mounting recent evidence supporting immunotherapy's survival benefit demands clinicians to stay updated with a rapidly evolving treatment landscape as well as gain knowledge about patient selection, response rate compared with other systemic treatments and immune-mediated adverse events (imAEs) management. A panel of international Experts, comprising hepatologists and oncologists, gathered to explore the challenges in effectively integrating immunotherapy in routine clinical practice. The aim of this review is to present the Experts' insights to inform treatment choice in HCC and BTC with a special emphasis on the role of currently available ICI-based therapies in shifting treatment paradigms and potentially reversing the natural course of these two deadly malignancies.",Oncology
"Human epidermal growth factor receptor 2 (HER2) is an established therapeutic target in multiple solid tumors, particularly breast and gastric cancers. Significant advancements have been made in the development of HER2-targeted therapies, including monoclonal antibodies, tyrosine kinase inhibitors, antibody-drug conjugates (ADC), and novel bispecific antibodies. These agents have revolutionized the treatment landscape for HER2-positive metastatic cancers, resulting in improved progression-free and overall survival, and quality of life for patients. Beyond breast and gastric cancers, HER2 expression/amplification has been observed in other solid tumors, such as colorectal, lung, bladder, ovarian, and biliary tract cancers, offering new opportunities for personalized therapy in a larger patient population. In this review, we highlight the current state of HER2-targeted treatment strategies across HER2-expressing solid tumors, discussing the clinical efficacy, adverse event profiles, and challenges of existing therapies. We explore emerging treatment approaches, including novel agents such as HER2-targeting ADCs, combination therapies, and strategies to overcome resistance mechanisms. Additionally, we examine the role of HER2 expression heterogeneity, biomarker-driven patient selection, and diagnostic tools for patient selection and optimization of treatment outcomes. This review also investigates ongoing challenges in expanding HER2-targeted therapies, including addressing intrinsic and acquired resistance and tailoring strategies to low HER2-expressing or HER2-mutant tumors. Lastly, we provide insights into future directions, emphasizing the importance of precision oncology to broaden the therapeutic opportunities of HER2-targeted therapies across diverse HER2-driven malignancies.",Oncology
"In recent decades, the field of systemic cancer treatment has seen remarkable changes due to advancements in the understanding of cancer's biology, immunology, and genetic makeup. As a result, individuals with late-stage cancers are now achieving survival rates that were previously unattainable. The goal of personalized cancer therapy is to enhance clinical outcomes by customizing drug treatments to suit the unique genetic and/or epigenetic profiles of each patient's tumor. This approach aims to reduce the side effects commonly associated with ineffective treatments. Advances in genetic sequencing and molecular cytogenetics have been instrumental in identifying cancer-driving mutations and epigenetic irregularities, leading to the development of specific molecular therapies. This review article highlights the progress and success of targeted molecular therapies in treating malignant melanoma, illustrating the concept of personalized cancer treatment.",Oncology
"Cancer causes millions of deaths and huge economic losses every year. The currently practiced methods for cancer therapy have many defects, such as side effects, low curate rate, and discomfort for patients. Herein, we summarize the applications of gold nanorods (AuNRs) in cancer therapy based on their photothermal effect-the conversion of light into local heat under irradiation. The recent advances in the synthesis and regulation of AuNRs, and facile surface functionalization further facilitate their use in cancer treatment. For cancer therapy, AuNRs need to be modified or coated with biocompatible molecules (e.g. polyethylene glycol) and materials (e.g. silicon) to reduce the cytotoxicity and increase their biocompatibility, stability, and retention time in the bloodstream. The accumulation of AuNRs in cancerous cells and tissues is due to the high leakage in tumors or the specific interaction between the cell surface and functional molecules on AuNRs such as antibodies, aptamers, and receptors. AuNRs are employed not only as therapeutics to ablate tumors solely based on the heat produced under laser that could denature protein and activate the apoptotic pathway, but also as synergistic therapies combined with photodynamic therapy, chemotherapy, and gene therapy to kill cancer more efficiently. More importantly, other materials like TiO2, graphene oxide, and silicon, etc. are incorporated on the AuNR surface for multimodal cancer treatment with high drug loadings and improved cancer-killing efficiency. To highlight their applications in cancer treatment, examples of therapeutic effects both in vitro and in vivo are presented. AuNRs have potential applications for clinical cancer therapy.",Oncology
"Neuropilin-1 (NRP1), initially identified as a neuronal guidance protein, has emerged as a multifaceted regulator in cancer biology. Beyond its role in axonal guidance and angiogenesis, NRP1 is increasingly recognized for its significant impact on tumor progression and therapeutic outcomes. This review explores the diverse functions of NRP1 in cancer, encompassing its influence on tumor cell proliferation, migration, invasion, and metastasis. NRP1 interacts with several key signaling pathways, including vascular endothelial growth factor (VEGF), semaphorins, and transforming growth factor-beta (TGF-β), modulating the tumor microenvironment and promoting angiogenesis. Moreover, NRP1 expression correlates with poor prognosis in various malignancies, underscoring its potential as a prognostic biomarker. Therapeutically, targeting NRP1 holds promise as a novel strategy to inhibit tumor growth and enhance the efficacy of regular treatments such as chemotherapy and radiotherapy. Strategies involving NRP1-targeted therapies, including monoclonal antibodies, small molecule inhibitors, and gene silencing techniques, are being actively investigated in preclinical and clinical settings. Despite challenges in specificity and delivery, advances in understanding NRP1 biology offer new avenues for personalized cancer therapy. Although several types of cancer cells can express NRPs, the role of NRPs in tumor pathogenesis is largely unknown. Future investigations are needed to enhance our understanding of the effects and mechanisms of NRPs on the proliferation, apoptosis, and migration of neuronal, endothelial, and cancer cells. The novel frameworks or multi-omics approaches integrate data from multiple databases to better understand cancer's molecular and clinical features, develop personalized therapies, and help identify biomarkers. This review highlights the pivotal role of NRP1 in cancer pathogenesis and discusses its implications for developing targeted therapeutic approaches to improve patient outcomes, highlighting the role of OMICS in targeting cancer patients for personalized therapy.",Oncology
"Current traditional cancer treatment methods include surgery, chemotherapy, radiotherapy, etc., which lack targeted killing functions and may damage normal tissues. Immunotherapy, targeted therapy, and personalized medicine have become promising methods for cancer treatment, providing more precise and effective treatment for patients. Among them, chimeric antigen receptor (CAR)-T cell therapy utilizes the immune system's T cells to recognize and attack tumor cells, showing promising therapeutic prospects. The FDA has approved CAR-T therapy for treating B-cell acute lymphoblastic leukemia, large B-cell lymphoma, and multiple myeloma, targeting CD-19 and B-cell maturation antigens. Despite success in hematologic cancers, CAR-T technology faces challenges in solid tumors, including a lack of reliable tumor-associated antigens, hypoxic cores, immunosuppressive tumor environments, enhanced reactive oxygen species, and decreased T cell infiltration. This review covers the advantages and disadvantages of various immunotherapy methods, highlights CAR-T therapy's evolution, summarizes CAR-T therapy's current status, lists promising therapeutic targets, and emphasizes the challenges CAR-T cell therapy faces.",Oncology
"CD40 agonists are a promising class of immunotherapeutic agents that potentiate both innate and adaptive immunity. This review examines the established facts and prospects of CD40 agonists in cancer immunotherapy. CD40, a costimulatory receptor of the TNF receptor superfamily, is found on antigen-presenting cells. CD40 activation licenses dendritic cells to prime tumor-specific T cells, polarizes macrophages to a proinflammatory phenotype, activates B cells, and facilitates tumor fibrosis remodeling. Preclinical models demonstrate the significant potential of CD40 agonists to induce antitumor immunity, leading to the development of various CD40-activating therapeutics, including mAbs, recombinant CD40L, and ectopic expression of CD40L via gene transfer. Whereas clinical trials show modest antitumor activity, some patients experience durable responses, especially when CD40 agonists are combined with other therapies, such as immune checkpoint inhibitors and chemotherapy. These combinations, tested in traditionally difficult-to-treat cancers such as pancreatic cancer, provide hope for improved outcomes. Current research focuses on refining CD40 agonist therapies through novel combination strategies, improving patient selection, and the development of tumor-targeted CD40 agonists and Fc-engineered antibodies that aim to enhance efficacy while mitigating toxicity. However, significant challenges remain, particularly in identifying patients most likely to benefit from CD40 immunotherapy and understanding resistance mechanisms. Addressing these challenges is crucial for guiding effective combination strategies and optimizing treatment outcomes. By examining both established facts and ongoing developments, this review provides a comprehensive overview of the status and potential of CD40 agonists in cancer immunotherapy.",Oncology
"Triple-negative breast cancer (TNBC) is a particularly aggressive breast cancer subtype, characterised by a higher incidence in younger women, rapid metastasis, and a generally poor prognosis. Patients with TNBC and BRCA mutations face additional therapeutic challenges due to the cancer's intrinsic resistance to conventional therapies. Poly (ADP-ribose) polymerase inhibitors (PARPis) have emerged as a promising targeted treatment for BRCA-mutated TNBC, exploiting vulnerabilities in the homologous recombination repair (HRR) pathway. However, despite initial success, the efficacy of PARPis is often compromised by the development of resistance mechanisms, including HRR restoration, stabilisation of replication forks, reduced PARP1 trapping, and drug efflux. This review explores latest breakthroughs in overcoming PARPi resistance through combination therapies. These strategies include the integration of PARPis with chemotherapy, immunotherapy, antibody-drug conjugates, and PI3K/AKT pathway inhibitors. These combinations aim to enhance the therapeutic efficacy of PARPis by targeting multiple cancer progression pathways. The review also discusses the evolving role of PARPis within the broader treatment paradigm for BRCA-mutated TNBC, emphasising the need for ongoing research and clinical trials to optimise combination strategies. By tackling the challenges associated with PARPi resistance and exploring novel combination therapies, this review sheds light on the future possibilities for improving outcomes for patients with BRCA-mutated TNBC.",Oncology
"The goal of field cancerization treatment is to reduce the risk of developing keratinocyte carcinoma. Selecting the appropriate therapy depends on the degree of field cancerization and the number of invasive cutaneous squamous cell carcinomas. Other considerations include treatment efficacy, cost, side effects, and patient preference. Field therapies are preferred because they address clinically visible disease and subclinical atypia. However, lesion-directed therapies are useful for lesions that are more difficult to treat or those where a histologic diagnosis is required. Patients with extensive field cancerization benefit from a combination of field-directed and lesion-directed treatments. The second article in this continuing medical education series provides a framework to guide evidence-based decision making for field cancerization treatment.",Oncology
"Triple-negative breast cancer (TNBC), which accounts for 15-20% of all breast cancers, does not express estrogen receptor (ER) or progesterone receptor (PR) and lacks human epidermal growth factor receptor 2 (HER2) overexpression or amplification. These tumors have a more aggressive phenotype and a poorer prognosis due to the high propensity for metastatic progression and absence of specific targeted treatments. Patients with TNBC do not benefit from hormonal or trastuzumab-based targeted therapies because of the loss of target receptors. Although these patients respond to chemotherapeutic agents such as taxanes and anthracyclines better than other subtypes of breast cancer, prognosis remains poor. A group of targeted therapies under investigation showed favorable results in TNBC, especially in cancers with BRCA mutation. The lipid-lowering statins (3-hydroxy-3-methyl-glutaryl coenzyme A reductase inhibitors), including lovastatin and simvastatin, have been shown to preferentially target TNBC compared with non-TNBC. These statins hold great promise for the management of TNBC. Only with the understanding of the molecular basis for the preference of statins for TNBC and more investigations in clinical trials can they be reformulated into a clinically approved drug against TNBC.",Oncology
"Resistance to existing cancer therapies is a major factor contributing to cancer's persistence as a global health challenge. Abnormal sialylation patterns, commonly due to changes in the expression of sialyltransferases (STs) is a well-established property of tumour cells. There is a growing body of evidence to demonstrate that sialylation is involved in resistance to chemotherapy, targeted therapy, radiotherapy and immunotherapy through a variety of mechanisms that are still being unveiled. In this review, we summarise the reported correlations between aberrant sialylation and cancer therapy resistance, the underlying mechanisms discovered thus far, and progress made in targeting sialylation to enhance responsiveness to cancer treatment.",Oncology
"Hyperthermia therapy (HT) is the exposure of a region of the body to elevated temperatures to achieve a therapeutic effect. HT anticancer properties and its potential as a cancer treatment have been studied for decades. Techniques used to achieve a localised hyperthermic effect include radiofrequency, ultrasound, microwave, laser and magnetic nanoparticles (MNPs). The use of MNPs for therapeutic hyperthermia generation is known as magnetic hyperthermia therapy (MHT) and was first attempted as a cancer therapy in 1957. However, despite more recent advancements, MHT has still not become part of the standard of care for cancer treatment. Certain challenges, such as accurate thermometry within the tumour mass and precise tumour heating, preclude its widespread application as a treatment modality for cancer. MHT is especially attractive for the treatment of glioblastoma (GBM), the most common and aggressive primary brain cancer in adults, which has no cure. In this review, the application of MHT as a therapeutic modality for GBM will be discussed. Its therapeutic efficacy, technical details, and major experimental and clinical findings will be reviewed and analysed. Finally, current limitations, areas of improvement, and future directions will be discussed in depth.",Oncology
"Vascular events have become an important issue in the overall management of cancer patients. They usually result from a combination of (i) direct or indirect toxicity of anticancer treatments, (ii) a higher prevalence of cardiovascular risk factors in cancer patients, and (iii) prolonged exposure to treatments due to an increasing patient survival rate. In addition to conventional chemotherapies and radiotherapy, targeted therapies and immunotherapies have been developed which improve the prognosis of cancer patients but sometimes at the cost of vascular toxicity, which can lead to systemic or pulmonary hypertension and arterial/venous thromboembolic events. Endothelial dysfunction, a procoagulant state and metabolic disorders are the three main pathophysiological patterns leading to cancer treatment-related vascular toxicity. This issue is challenging because serious vascular adverse events can necessitate cancer treatment being put on hold or stopped, which could compromise patient survival. In addition to increasing the risk of thrombotic adverse events, cancer therapies may lead to an increased risk of bleeding, especially in treatments with vascular endothelial growth factor inhibitors. Therefore, we can define vasculo-oncology as a part of the cardio-oncology specialty; its aims are to predict, prevent, screen, and treat vascular toxicity related to cancer treatments. While the level of evidence is low regarding the management of vascular toxicity during cancer therapy, cardiologists and specialists in vascular diseases should closely collaborate with oncologists and hematologists to determine the optimal strategy for each patient.",Oncology
"Despite recent advancements in breast cancer management, it remains the most common malignancy among women worldwide and is the second leading cause of cancer-related deaths in women. Therefore, there is considerable room for improvement in diagnostics, therapeutics, and research related to breast cancer. Although chemotherapy, radiation therapy, surgery, and targeted therapies for estrogen receptor-positive, progesterone receptor-positive, and human epidermal growth factor receptor 2-positive breast cancers remain the standard treatments, numerous new therapeutic targets and treatment modalities are emerging. Since their discovery, nanobodies have attracted significant attention in biomedical science as research tools, diagnostic agents, and therapeutic molecules. While many studies have explored nanobodies, this mini review focuses on recent advancements in their application to breast cancer therapy. Specifically, we examine nanobody-based strategies for targeting uniquely expressed molecules in breast cancer, modulating immune responses, and facilitating nanobody-drug delivery systems, as well as how nanobodies can help overcome the limitations of current treatments. We also discuss the challenges hindering their rapid traslation into clinical practice. SIGNIFICANCE STATEMENT: Breast cancer remains a leading cause of cancer-related deaths in women. Despite substantial therapeutic progress in recent decades, it continues to pose a major global health challenge. Therefore, translating novel therapeutic modalities from the laboratory to clinical settings is critically needed.",Oncology
"Cervical cancer is the fourth most common cause of cancer-related death worldwide. High-risk locally advanced or recurrent/metastatic cervical cancers have a poor prognosis with routine treatments. The objective of this study is to analyze the data available in the literature on therapies and molecules currently in use to improve the prognosis of recurrent cervical cancer. An extensive literature search was conducted by authors to identify relevant trials on various databases. Articles in English published until September 2023 that investigate different pharmacotherapy strategies for the treatment of recurrent cervical cancer, were included. Results of various pharmacological regimens including different combinations of chemotherapy, immune checkpoint inhibitors, DNA damage repair inhibitors and antibody-drug conjugates were analyzed. In recent years, there have been significant improvements in the outcomes of recurrent/metastatic cervical cancer. However, these improvements do not address the unmet need in terms of oncological outcomes. The introduction of immunotherapy and targeted therapies showed advantages in cervical cancer patients. New therapies and combination strategies must be implemented. Centralization of care and enrollment in clinical trials are of paramount importance. Primary and secondary prevention remains the fundamental goal to reduce the burden of cervical cancer.",Oncology
"Signal transduction therapy for cancer targets signaling elements with key roles in cancer cell survival and proliferation, but with more minor roles in the survival of healthy cells. Cancer cells have shrunken signaling networks, and therefore tend to be dependent on fewer signaling modules than non-cancerous cells. Thus, targeted therapy holds the promise of efficacy with minimal toxicity. Yet, with the notable exception of Gleevec for the treatment of early chronic myelogenous leukemia (CML), targeted therapies have so far had minimal success. Unlike early CML, which is dependent upon BCR-ABL, most cancers are not dependent on a single survival factor. Furthermore, tumors are constantly evolving entities, and are heterogeneous in their cellular makeup, compounding the challenge. ""Smart cocktails"", comprising rational combinations of therapies, need to be developed to meet this challenge. What are the best pathways to target, and why? What types of molecules can be developed into effective therapeutics? What combinations are likely to be successful? Here we present an overview of the principles that need to be considered in designing effective targeted therapy for cancer.",Oncology
"Dignity therapy is a psychosocial intervention that has been used primarily at the end of life to improve quality of life and other patient outcomes, but many individuals are unable to complete it due to health decline and death. The purpose of this study was to identify what individuals with advanced pancreatic or lung cancer with limited life expectancy, undergoing active cancer treatment describe during the dignity therapy intervention as important to them when not immediately facing end of life. Twenty patients undergoing chemotherapy for advanced cancer participated in a dignity therapy intervention study. Initial interviews were analyzed using descriptive content analysis. Family provided the overall context and background for emerging themes of defining events, accomplishments, and God's plan, which led to lessons learned, and resulted in messages of hope. Interviews were often autobiographical in nature and contained much reminiscence, consistent with dignity therapy's intent. Few participants spoke about their cancer diagnoses during the interview. This study adds unique insight into the use of dignity therapy for those still receiving active cancer treatment, different from work by others in which it was offered only at end of life. As part of supportive care, clinicians need to validate the importance of family to those with advanced cancer and to provide opportunities for patients to share what they have learned throughout life and to impart messages of hope to those closest to them.",Oncology
"Breast cancer is one of the most lethal cancers in women worldwide, and the development of efficient treatments faces several challenges. Breast cancer is characterized by histological and functional heterogeneity in aspects such as tumorigenesis, metastasis, and drug resistance. RNA therapy has emerged as a highly attractive class of drugs for the treatment and prevention of breast cancer. It might play remarkable regulatory roles in the treatment of targeted cells by either increasing or silencing expressions of specific proteins, and such features of RNA-based drugs cause high selectivity and low risk of off-target effect in breast cancer. RNA therapy exerts anti-proliferative and pro-apoptotic effects upon cell culture systems, animal models, and in clinical trials in most studies. In this mini-review, we outline the classifications, mechanisms, advantages, and challenges of RNA therapy and highlight its application in breast cancer treatment. Additionally, we summarize the clinical trials of RNA-targeting therapies and the development of anti-tumor RNA drugs and provide future directions for RNA therapeutics in breast cancer.",Oncology
"Dermatologists have many therapeutic options for the management of actinic keratoses (AK), in order to treat individual lesions or wider areas. Field cancerization is an area of sun-damaged skin, where visible and subclinical lesions co-exist, and is prone to the development of further AK lesions and sun-related skin cancers (SC). Treatments available are instrumental or medical. Resistance to treatment or atypical symptoms must lead to a biopsy for histological exam. Cryotherapy is the most frequently used method to destroy small or isolated AK, whereas photodynamic therapy (PDT), 5-fluoro-uracil (5-FU), imiquimod, ingenol mebutate and diclofenac are required for large, multiple lesions, and for the treatment of field cancerization. Side-effects of these therapies are essentially local, including pain, irritation, erythema, edema and scars. There is no randomized comparative study reviewing all these treatments, therefore physicians must also consider clinical characteristics, patient's compliance, side-effects and cost when treating AK. Medicoeconomic data of these treatments have been analyzed in several countries, and annual costs are estimated between 250 € and 2 000 €, with an uncertain cost-effective relation. Finally, beyond treatment of AK lesions, patients with AK are at high risk of developing SC, and must therefore have regular full-body examination, in order to be detected and treated precociously. © 2019 Elsevier Masson SAS. All rights reserved. Cet article fait partie du numéro supplément Kératoses actiniques : comprendre et traiter réalisé avec le soutien institutionnel de Galderma International.",Oncology
"The field of cell therapy is rapidly emerging as a priority area for oncology research and drug development. Currently, two chimeric antigen receptor T-cell therapies are approved by the US Food and Drug Administration and other agencies worldwide for two types of hematologic cancers. To facilitate the development of these therapies for patients with life-threatening cancers with limited or no therapeutic options, science- and risk-based approaches will be critical to mitigating and balancing any potential risk associated with either early clinical research or more flexible manufacturing paradigms. Friends of Cancer Research and the Parker Institute for Cancer Immunotherapy convened an expert group of stakeholders to develop specific strategies and proposals for regulatory opportunities to accelerate the development of cell therapies as promising new therapeutics. This meeting took place in Washington, DC on May 17, 2019. As academia and industry expand research efforts and cellular product development pipelines, this report summarizes opportunities to accelerate entry into the clinic for exploratory studies and optimization of cell products through manufacturing improvements for these promising new therapies.",Oncology
"Resistance to chemotherapy, molecular targeted therapy as well as radiation therapy is a major obstacle for cancer treatment. Cancer resistance may be exerted through multiple different mechanisms which may be orchestrated as observed in multidrug resistance (MDR). Cancer resistance may be intrinsic or acquired and often leaves patients without any treatment options. Strategies for alternative treatment modalities for resistant cancer are therefore highly warranted. Photochemical internalization (PCI) is a technology for cytosolic delivery of macromolecular therapeutics based on the principles of photodynamic therapy (PDT). The present report reviews the current knowledge of PCI of therapy-resistant cancers. In summary, PCI may be able to circumvent several of the major mechanisms associated with resistance towards chemotherapeutics including increased expression of drug efflux pumps, altered intracellular drug distribution and increased ROS scavenging. Current data also suggest PCI of targeted toxins as highly effective in cancers resistant to clinically available targeted therapy such as monoclonal antibodies (mAbs) and tyrosine kinase inhibitors (TKIs). PCI may therefore, in general, represent a future treatment option for cancers resistant to other therapies.",Oncology
"Head and neck cancers are a heterogeneous group of highly aggressive tumors and collectively represent the sixth most common cancer worldwide. Most head and neck cancers are squamous cell carcinomas (HNSCCs). Current multimodal treatment concepts combine surgery, chemotherapy, irradiation, immunotherapy, and targeted therapeutics. Recent scientific advancements have enabled a more precise molecular characterization of HNSCC and revealed novel therapeutic targets and prognostic/predictive biomarkers. Notably, HNSCC is characterized by complex relations between stromal, epithelial, and immune cells within the tumor microenvironment (TME). The TME consists of different subsets of immune cells that infiltrate the tumors and interact with the tumor cells or with each other. Understanding multiple pivotal factors in HNSCC tumorigenesis and tumor progression may help define novel targets and develop more effective therapies for patients. This review provides a comprehensive overview of the latest advances in the molecular biology of HNSCC and their effects on clinical oncology; it is meant for a broad readership in the head and neck cancers field.",Oncology
"A bottleneck that is hindering therapeutics innovation in cancers is the current lack of integration of what we have learned in tumor biology as well as the tumor microenvironment (TME). This is because tumors are complex tissues composed of cancer cells, stromal cells, and the extracellular matrix (ECM). Although genetic alterations might cause the initial uncontrolled growth, resistance to apoptosis in cancer cells and stromal cells play additional key roles within the TME and thus influence tumor initiation, progression, therapy resistance, and metastasis. Therapies targeting cancer cells are usually insufficient when the stromal component of the TME causes therapy resistance. For innovation in cancer treatment and to take a full snapshot of cancer biology, anticancer drug design must, therefore, target both cancer cells and the stromal component. This expert review critically examines the TME components such as cancer-associated fibroblasts and ECM that can be reprogrammed to create a tumor-suppressive environment, thereby aiding in tumor treatment. Better cancer experimental models that mimic the TME such as tumor spheroids, microfluidics, three dimensional (3D) bioprinted models, and organoids will allow deeper investigations of the TME complexity and can lead to the translation of basic tumor biology to effective cancer treatments. Ultimately, innovative cancer treatments and, by extension, improvement in cancer patients' outcomes will emerge from combinatorial drug development strategies targeting both cancer cells and stromal components of the TME. Combinatorial treatment strategies can take the form of chemotherapy and radiotherapy (targeting tumor cells and stromal components) and immunotherapy that is able to regulate immune responses against tumor cells. This expert review thus addresses a previously neglected knowledge gap in cancer drug design and development by broadening the focus in cancer biology to TME so as to empower disruptive health care innovations in the oncology clinic.",Oncology
"Treatment for solid tumor malignancies, which constitute the majority of human cancers, is still dominated by surgery and radiotherapies. This is especially true for many localized solid tumors, which are often curable with these treatments. However, metastatic cancers are beyond the reach of these therapies, and many localized cancers that are initially treated with surgery and radiation will recur and metastasize. Thus, for over 60years there has been a concerted effort to develop effective drug treatments for metastatic cancers. Combination therapies are an increasingly important part of the anti-cancer drug armamentarium. In the case of cytotoxic chemotherapy, multi-drug regimens rapidly became the norm, as the earliest single agents were relatively ineffective. In contrast to chemotherapy, where combination therapies were required in order to achieve treatment efficacy, for both hormonal and targeted therapies the impetus to move toward the use of combination therapies is to prevent or reverse the development of treatment resistance. In addition, emerging evidence suggests that combination therapy may also improve cancer treatment by neutralizing an emerging treatment side effect termed therapy-induced metastasis, which accompanies some effective single agent therapies. Finally, although gene therapy is still far from use in the clinic, we propose that combination therapies may enhance its effectiveness.",Oncology
"Cancers are increasing in prevalence and many challenges remain for their treatment, such as chemoresistance and toxicity. In this context, siRNA-based therapeutics have many potential advantages for cancer therapies as a result of their ability to reduce or prevent expression of specific cancer-related genes. However, the direct delivery of naked siRNA is hindered by issues like enzymatic degradation, insufficient cellular uptake, and poor pharmacokinetics. Hence, the discovery of a safe and efficient delivery vehicle is essential. This review explores various lipid and polymer-based delivery systems for siRNA in cancer treatment. Both polymers and lipids have garnered considerable attention as carriers for siRNA delivery. While all of these systems protect siRNA and enhance transfection efficacy, each exhibits its unique strengths. Lipid-based delivery systems, for instance, demonstrate high entrapment efficacy and utilize cost-effective materials. Conversely, polymeric-based delivery systems offer advantages through chemical modifications. Nonetheless, certain drawbacks still limit their usage. To address these limitations, combining different materials in formulations (lipid, polymer, or targeting agent) could enhance pharmaceutical properties, boost transfection efficacy, and reduce side effects. Furthermore, co-delivery of siRNA with other therapeutic agents presents a promising strategy to overcome cancer resistance. Lipid-based delivery systems have been demonstrated to encapsulate many therapeutic agents and with high efficiency, but most are limited in terms of the functionalities they display. In contrast, polymeric-based delivery systems can be chemically modified by a wide variety of routes to include multiple components, such as release or targeting elements, from the same materials backbone. Accordingly, by incorporating multiple materials such as lipids, polymers, and/or targeting agents in RNA formulations it is possible to improve the pharmaceutical properties and therapeutic efficacy while reducing side effects. This review focuses on strategies to improve siRNA cancer treatments and discusses future prospects in this important field.",Oncology
"Pancreatic cancer is a highly lethal disease that is usually diagnosed at a late stage for which there are few effective therapies. Emerging evidence has suggested that malignant tumors are quite heterogeneous and that they are composed of a small subset of distinct cancer cells (usually defined by cell surface marker expression) that are responsible for tumor initiation and propagation, termed cancer stem cells. These cells are termed cancer stem cells because, like normal stem cells, they possess the ability to self-renew and make differentiated progeny. Recent studies of human pancreatic cancers have shown a population of pancreatic cancer stem cells that have aberrantly activated developmental signaling pathways, are resistant to standard chemotherapy and radiation, and have up-regulated signaling cascades that are integral for tumor metastasis. An improved understanding of the biological behavior of these cells may lead to more effective therapies to treat pancreatic cancer. In this review, approaches to develop and test therapeutics targeting pancreatic cancer stem cells are discussed.",Oncology
"Skin cancer is one of the most common malignancies in white populations. The therapy strategy is important in skin cancer treatment, depending on several criteria such as stage, size, and localization. Removal of cancerous tissue following anticancer therapeutic administration is considered as gold standard in skin cancer treatment. However, annually rising drug resistance, local inflammation, and ineffective treatment result in a reduction in the effectiveness of the patient's treatment. Nanotechnology has emerged as a prospective in the field of skin cancer medicine, offering innovative, promising solutions for therapeutic procedures and targeted drug delivery. Different nanomaterials are investigated for their potential in skin cancer treatment. Nanohydrogels as a hybrid material, have gained considerable attention due to their unique biomedical and pharmaceutical properties, such as biocompatibility, high water content, and tunable physicochemical characteristics. The principal problem with common skin melanoma chemotherapy is the strong side effects because therapeutics used for treatment do not distinguish cancer cells from healthy cells. Nanohydrogels, as a new-generation, versatile system with the possession of dual characteristics of hydrogels and nanoparticles have shown great potential in targeted delivery in cancer therapy thanks to the possibility of their various modifications, and by that overcome problems with side effects of treatment. This scientific review provides an analysis of the current state of research on nanohydrogels in skin cancer medicine, highlighting their design principles, synthesis methods, and applications in drug delivery, imaging, and combination therapies.",Oncology
"MicroRNAs (miRNAs) control physiological and fundamental processes in cellular development and differentiation by modulating the expression of their target genes. They have been found to participate in cell transformation and multiplication by functioning as oncomiRs and tumor suppressors in diverse cancers. Introduction of antisense miRNAs (antagomiRs) into primary cells such as immune cells by lipofection, viral vectors or electroporation can achieve the specific silencing of individual miRNAs. Therefore, harnessing miRNAs may lead to promising cancer therapeutics. There is emerging evidence demonstrating the involvement of miRNAs in combined cancer therapies, including chemotherapy, radiotherapy and immunotherapy combining with miRNA therapy.",Oncology
"Improved medical care has resulted in a documented increase in cancer survivors in the United States. Cancer survivors face challenges in participation across all facets of life as a result of the cancer and subsequent cancer treatments. Long-term and late-term sequelae can result in impairments in neurological systems, decreased stamina, loss of range of motion, and changes in sensation and cognition. These impairments are often long lasting, which categorizes cancer survivorship as a chronic condition. This categorization presents treatment challenges, especially in creating rehabilitation and habilitation service options that support cancer survivors. Occupational therapy provides a unique focus that can benefit cancer survivors as they face limitations in participation in all aspects of daily living. Research, advocacy, and education efforts are needed to focus on the specific rehabilitation and habilitation needs of cancer survivors to increase access to occupational therapy's distinct value.",Oncology
"The development of immune checkpoint inhibitor (ICI) immunotherapy has revolutionized the treatment of several cancers. Malignancies are one of the leading causes of death in solid organ transplant recipients (SOTRs). Although ICI treatment may be an effective option in treating malignancies in SOTRs, concerns about triggering allograft rejection have been raised in this population. Herein, we will review currently available data regarding patients, allograft and malignancy outcomes in SOTRs who received ICI therapy. Cancer incidence is three to five-fold higher among SOTRs, compared with the general population. Skin cancer is the most prevalent cancer after transplant, followed by kidney cancer, lymphoma and Kaposi sarcoma. There are no large prospective studies evaluating ICI therapy's use for treating cancers in SOTRs. However, retrospective studies have shown that ICI treatment may be associated with improved malignancy outcomes and overall survival (OS). However, the risk of allograft rejection is high (around 40%) of whom about half lose their allograft. Maintaining higher levels of immunosuppression may be associated with a lower risk of allograft rejection, but potentially worse malignancy outcomes. Although ICI treatment may be associated with improved patient and malignancy outcomes, the risk of allograft rejection and loss are high. Prospective studies are needed to confirm the benefits of ICI therapy in SOTRs and to evaluate the optimal immunosuppression regimen modifications, if any, to improve patient, malignancy and allograft outcomes in transplant recipients.",Oncology
"Cancer cells optimize oncogenic signaling to maintain a defined range for survival. The success of targeted therapeutic inhibitors is based on suppressing signaling below this optimal fitness zone. Conversely, cancers are also susceptible to a clinically underutilized vulnerability - oncogenic hyperactivation. Cytotoxic hyperactivation is observed across diverse cancers, with direct small-molecule activators and inhibitors of negative regulators inducing lethal pathway activation. Deep characterization of the cancer genome and unbiased screening approaches have yielded multiple targets vulnerable to hyperactivation; however, translation into the clinical setting will require defining signaling thresholds, discovering biomarkers, and developing appropriate trial designs. By exploiting cancer's intrinsic vulnerabilities, activation lethality offers a promising therapeutic strategy to expand the treatment landscape and overcome resistance to targeted inhibition.",Oncology
"This article reviews the management of laryngeal and hypopharyngeal squamous cell carcinoma. Available therapies for early and late stage cancers are discussed, and the literature is reviewed. The indications and outcomes of surgical and nonsurgical modalities are discussed and compared.",Oncology
"The human microbiome is an emerging target in cancer development and therapeutics. It may be directly oncogenic, through promotion of mucosal inflammation or systemic dysregulation, or may alter anti-cancer immunity/therapy. Microorganisms within, adjacent to and distant from tumors may affect cancer progression, and interactions and differences between these populations can influence the course of disease. Here we review the microbiome as it pertains to cancer for clinicians. The microbiota of cancers including colorectal, pancreas, breast and prostate are discussed. We examine ""omics"" technologies, microbiota associated with tumor tissue and tumor-site fluids such as feces and urine, as well as indirect effects of the gut microbiome. We describe roles of the microbiome in immunotherapy, and how it can be modulated to improve cancer therapeutics. While research is still at an early stage, there is potential to exploit the microbiome, as modulation may increase efficacy of treatments, reduce toxicities and prevent carcinogenesis.",Oncology
"Microbes have an immense metabolic capability and can adapt to a wide variety of environments; as a result, they share complicated relationships with cancer. The goal of microbial-based cancer therapy is to treat patients with cancers that are not easily treatable, by using tumor-specific infectious microorganisms. Nevertheless, a number of difficulties have been encountered as a result of the harmful effects of chemotherapy, radiotherapy, and alternative cancer therapies, such as the toxicity to non-cancerous cells, the inability of medicines to penetrate deep tumor tissue, and the ongoing problem of rising drug resistance in tumor cells. Due to these difficulties, there is now a larger need for designing alternative strategies that are more effective and selective when targeting tumor cells. The fight against cancer has advanced significantly owing to cancer immunotherapy. The researchers have greatly benefited from their understanding of tumor-invading immune cells as well as the immune responses that are specifically targeted against cancer. Application of bacterial and viral cancer therapeutics offers promising potential to be employed as cancer treatments among immunotherapies. As a novel therapeutic strategy, microbial targeting of tumors has been created to address the persisting hurdles of cancer treatment. This review outlines the mechanisms by which both bacteria and viruses target and inhibit the proliferation of tumor cells. Their ongoing clinical trials and possible modifications that can be made in the future have also been addressed in the following sections. These microbial-based cancer medicines have the ability to suppress cancer that builds up and multiplies in the tumor microenvironment and triggers antitumor immune responses, in contrast to other cancer medications.",Oncology
"Our immune system is characterized by remarkable specificity, potency, and memory -- the ability of a single vaccine treatment to provide life-long protection. No pharmacologic treatment for any indication can provide the same level of safety, efficacy, and long-lasting effect that a vaccine can. Thus, researchers and clinicians alike have sought to apply these characteristics to the treatment of cancer. Yet, for the last 125 years, the field has failed to realize this potential. Here, we will review some of the most promising cancer immunotherapeutic approaches in development today, as recent clinical successes signal the beginning of cancer immuno-therapy's transition from experimental to established therapy.",Oncology
"Type 2 diabetes mellitus (T2DM) has emerged as a pandemic. It has different complications, both microvascular and macrovascular. The purpose of this review is to summarize the different types of macrovascular complications associated with T2DM. A comprehensive review of the literature was performed to identify clinical studies, which determine the macrovascular complications associated with T2DM. Macrovascular complications of T2DM include coronary heart disease, cardiomyopathy, arrhythmias and sudden death, cerebrovascular disease and peripheral artery disease. Cardiovascular disease is the primary cause of death in diabetic patients. Many clinical studies have shown a connection between T2DM and vascular disease, but almost always other risk factors are present in diabetic patients, such as hypertension, obesity and dyslipidaemia. T2DM causes a variety of macrovascular complications through different pathogenetic pathways that include hyperglycaemia and insulin resistance. The association between T2DM and cardiovascular disease is clear, but we need more clinical studies in order to identify the pure effect of T2DM.",Cardiology
"Diabetes is a chronic medical condition that causes high glycaemic levels, leading to damage to vital organs over time. It is a common disease worldwide, affecting around 422 million individuals living in middle- and low-income countries, which make up most of the population. Unfortunately, diabetes results in 1.5 million deaths annually. Diabetic patients are at a higher risk for developing cardiovascular conditions. Diabetic heart disease constitutes multiple genres, including diabetic cardiomyopathy, coronary artery disease, and heart failure. Hypoglycaemic agents aim to prevent these metabolic issues however some of these are cardiotoxic in nature. In contrast, other hypoglycaemic agents work beyond controlling glycaemic levels with their cardioprotective properties. Given that there is an alarming increase in diabetic heart disease cases universally, we have attempted to review the existing data on the topic and the effects of hypoglycaemic drugs on heart diseases.",Cardiology
Measurement of blood flow is important for assessing the severity of disease processes involving the cardiovascular system. Phase-contrast cardiovascular magnetic resonance (PC-CMR) can be used to measure blood flow noninvasively without ionizing radiation or limitations imposed by body habitus. This review describes the performance of PC-CMR and its clinical utility in assessing patients with cardiovascular or valvular heart disease.,Cardiology
"Radiation induced heart diseases (RIHD) are increasingly recognized as more patients who received radiation therapy survive their diseases with improved management of various malignancies. Radiation affects every component of the heart, ranging from subclinical histopathologic changes to overt clinical disease. Pericardial involvement is the most common and includes asymptomatic pericardial effusion and constrictive pericarditis. The diseases involving the myocardium, valvular apparatus, and conduction system are often subclinical. When symptomatic, they are often the harbinger of more lethal, but treatable, radiation-induced coronary artery disease (CAD). Improvements in the modern radiation delivery systems have minimized irradiation of the heart. However, with increased and emerging indications for radiation therapy for various malignancies in the chest, as a part of bone marrow transplantations, and as the main agent of brachytherapy for advanced preexisting CAD, the incidence of RIHD is likely to increase. Appropriate management of RIHD, either overt or occult, must include understanding the natural history of RIHD, recognition of symptoms by careful history, and vigilant search for treatable causes of the RIHD or other diseases that might mimic RIHD. This article focuses on providing practical yet comprehensive clinical information for general internal medicine and cardiology practices.",Cardiology
"Micro-RNAs (miRNAs) are small noncoding RNAs involved in the posttranscriptional regulation of gene expression. Exosomes have recently emerged as novel elements of intercellular communication in the cardiovascular system. Exosomal miRNAs could be key players in intercellular cross-talk, particularly during different diseases such as myocardial infarction (MI) and heart failure (HF). This review addresses the functional role played by exosomal miRNAs in heart disease and their potential use as new biomarkers.",Cardiology
"Second-hand smoke (SHS) increases the risk of heart disease by approximately 30% in nonsmokers. Recent evidence from cities that have implemented 100% smoke-free laws has shown that myocardial infarction admissions rapidly declined after law implementation. This decline is, in part, explained by the acute and substantial cardiovascular effects of SHS, many of which are rapid and nearly as large as smoking. The cardiovascular effects of SHS include platelet activation, endothelial dysfunction, inflammation, atherosclerosis development and progression, increased oxidative stress, decreased energy metabolism, and increased insulin resistance. These effects are, on average, 80% to 90% that of chronic active smoking. However, cardiovascular function is partially recovered after SHS exposure ends. Given the evidence, cardiovascular nurses should advise their patients and relatives to avoid SHS exposure and demand smoke-free workplaces and homes.",Cardiology
"The cardiovascular effects of therapeutic plasma levels of tricyclic antidepressants in depressed patients with and without preexisting cardiac disease have been well characterized and include orthostatic hypotension and conduction delay. Bupropion, structurally unrelated to tricyclic antidepressants, is relatively free of cardiac side effects in depressed patients without cardiac disease. However, it is unknown whether bupropion is safe for depressed patients with preexisting heart disease, so the authors studied the cardiovascular effects of bupropion in such patients. The subjects were 36 inpatients with DSM-III major depression and preexisting left ventricular impairment (N = 15), ventricular arrhythmias (N = 15), and/or conduction disease (N = 21). The patients continued their cardiac drug regimens and received bupropion for 3 weeks (mean +/- SD dose = 442 +/- 47 mg/day). Cardiovascular functioning was measured by pulse, blood pressure, high-speed ECG, 24-hour portable ECG, and radionuclide angiography. Although bupropion caused a rise in supine blood pressure, it did not cause significant conduction complications, did not exacerbate ventricular arrhythmias, had a low rate of orthostatic hypotension, and had no effect on pulse rate. However, bupropion treatment was discontinued for 14% of the patients because of adverse effects, including exacerbation of baseline hypertension in two patients. The cardiovascular profile of bupropion may make this drug a useful agent in the treatment of the depressed patient with preexisting cardiovascular disease. Further studies, with longer durations of bupropion treatment and more subjects, are needed to confirm these findings.",Cardiology
"Heart disease is a significant global cause of mortality, and predicting it through clinical data analysis poses challenges. Machine learning (ML) has emerged as a valuable tool for diagnosing and predicting heart disease by analyzing healthcare data. Previous studies have extensively employed ML techniques in medical research for heart disease prediction. In this study, eight ML classifiers were utilized to identify crucial features that enhance the accuracy of heart disease prediction. Various combinations of features and well-known classification algorithms were employed to develop the prediction model. Neural network models, such as Naïve Bayes and Radial Basis Functions, were implemented, achieving accuracies of 94.78% and 90.78% respectively in heart disease prediction. Among the state-of-the-art methods for cardiovascular problem prediction, Learning Vector Quantization exhibited the highest accuracy rate of 98.7%. The motivation behind predicting Cardiovascular Heart Disease lies in its potential to save lives, improves health outcomes, and allocates healthcare resources efficiently. The key contributions encompass early intervention, personalized medicine, technological advancements, the impact on public health, and ongoing research, all of which collectively work toward reducing the burden of CHD on both individual patients and society as a whole.",Cardiology
"Cardiovascular diseases (CVD) are closely linked to protein homeostasis (proteostasis) and its failure. Beside genetic mutations that impair cardiac protein quality control, obesity is a strong risk factor for heart disease. In obesity, adipose tissue becomes dysfunctional and impacts heart function and CVD progression by releasing cytokines that contribute to systemic insulin resistance and cardiovascular dysfunction. In addition, chronic inflammation and lipotoxicity compromise endoplasmic reticulum (ER) function, eliciting stress responses that overwhelm protein quality control beyond its capacity. Impairment of proteostasis-including dysfunction of the ubiquitin-proteasome system (UPS), autophagy, and the depletion of chaperones-is intricately linked to cardiomyocyte dysfunction. Interventions targeting UPS and autophagy pathways are new potential strategies for re-establishing protein homeostasis and improving heart function. Additionally, lifestyle modifications such as dietary interventions and exercise have been shown to promote cardiac proteostasis and overall metabolic health. The pursuit of future research dedicated to proteostasis and protein quality control represents a pioneering approach for enhancing cardiac health and addressing the complexities of obesity-related cardiac dysfunction.",Cardiology
"Acromegaly is a chronic disease due to growth hormone (GH) and insulin-like growth factor 1 (IGF-1) excess. It is associated with various systemic complications including cardiovascular disease. Arterial hypertension occurs in about 20% to 30% of patients. Its pathogenesis is mainly related to the increase in plasma volume secondary to a sodium retaining actions of GH and IGF-1 in the kidney, but abnormalities in vessel architecture and reactivity participate. Left ventricular hypertrophy and diastolic dysfunctions were frequently reported in echo-based studies and are mostly mild and without clinical consequences. Recent cardiac MRI studies described a much lower frequency of myocardial hypertrophy than echo-based assessments. Progression to systolic dysfunction with congestive heart failure is nowadays very rare. Risk of coronary heart disease and of clinically significant arrythmias does not seem to be increased. Acromegaly-related cardiac valve abnormalities may be related to fibrotic changes and seem to persist after effective treatment of acromegaly. Advances in acromegaly treatment over the last decades significantly diminished the cardiovascular burden of the disease, with the cardiovascular disease anymore being the leading cause of death.",Cardiology
"Cardiovascular disease may be associated with several comorbidities, including diabetes mellitus, thyroid disorders, and the metabolic syndrome, which are predominantly observed in women and often starting at particular ages. In addition, common treatment options for carcinomas frequently seen in women may induce serious cardiotoxic effects. We review the scope of the problem, the pathophysiologic mechanisms involved, as well as the resulting abnormalities regarding cardiac structure and function as observed by using imaging techniques.",Cardiology
"Among several known RNA modifications, N6-methyladenosine (m6A) is the most studied RNA epitranscriptomic modification and controls multiple cellular functions during development, differentiation, and disease. Current research advancements have made it possible to examine the regulatory mechanisms associated with RNA methylation and reveal its functional consequences in the pathobiology of many diseases, including heart failure. m6A methylation has been described both on coding (mRNA) and non-coding RNA species including rRNA, tRNA, small nuclear RNA and circular RNAs. The protein components which catalyze the m6A methylation are termed methyltransferase or 'm6A writers'. The family of proteins that recognize this methylation are termed 'm6A readers' and finally the enzymes involved in the removal of a methyl group from RNA are known as demethylases or 'm6A erasers'. At the cellular level, different components of methylation machinery are tightly regulated by many factors to maintain the m6A methylation dynamics. The m6A methylation process impacts different stages of mRNA metabolism and the biogenesis of long non-coding RNA and miRNA. Although, mRNA methylation was initially described in the 1970s, its regulatory roles in various diseases, including cardiovascular diseases are broadly unexplored. Recent investigations suggest the important role of m6A mRNA methylation in both hypertrophic and ischaemic heart diseases. In the present review, we evaluate the significance of m6A methylation in the cardiovascular system, in cardiac homeostasis and disease, all of which may help to improve therapeutic intervention for the treatment of heart failure. RNA methylation in cardiovascular diseases: altered m6A RNA (coding and non-coding RNA) methylation is identified during different cardiovascular diseases. Increased cardiac hypertrophy is observed following METTL3 overexpression. In contrast, reduced FTO level was seen in mice following myocardial infarction. Increased cardiac fibroblasts activation or increased atherosclerotic plaques were also co-related with m6A RNA methylation.",Cardiology
"Heart disease remains a global health challenge, contributing notably to morbidity and mortality. The lymphatic vasculature, an integral component of the cardiovascular system, plays a crucial role in regulating essential physiological processes, including fluid balance, transportation of extravasated proteins and immune cell trafficking, all of which are important for heart function. Through thorough scientometric analysis and extensive research, the present review identified lymphangiogenesis as a hotspot in cardiovascular disease research, and the mechanisms underlying impaired cardiac lymphangiogenesis and inadequate lymph drainage in various cardiovascular diseases are discussed. Furthermore, the way used to improve lymphangiogenesis to effectively regulate a variety of heart diseases and associated signaling pathways was investigated. Notably, the current review also highlights the impact of Traditional Chinese Medicine (TCM) on lymphangiogenesis, aiming to establish a clinical basis for the potential of TCM to improve cardiovascular diseases by promoting lymphangiogenesis.",Cardiology
"Knowledge of normal and abnormal flow patterns in the human cardiovascular system increases our understanding of normal physiology and may help unravel the complex pathophysiological mechanisms leading to cardiovascular disease. Four-dimensional (4D) flow cardiovascular magnetic resonance (CMR) has emerged as a suitable technique that enables visualization of in vivo blood flow patterns and quantification of parameters that could potentially be of prognostic value in the disease process. In this review, current image processing tools that are used for comprehensive visualization and quantification of blood flow and energy distribution in the heart and great vessels will be discussed. Also, imaging biomarkers extracted from 4D flow CMR will be reviewed that have been shown to distinguish between normal and abnormal flow patterns. Furthermore, current applications of 4D flow CMR in the heart and great vessels will be discussed, showing its potential as an additional diagnostic modality which could aid in disease management and timing of surgical intervention.",Cardiology
"The physical examination of the term newborn's cardiovascular system is reviewed detailing the normal and abnormal variants that can be found within the first few days after birth. The authors discuss the pathophysiologic changes that occur in the presence of congenital heart disease and how these changes affect the clinical presentation. The major common cardiac defects are described and discussed. Pulse oximetry screening is reviewed in detail indicating its value in the early detection of most cases of critical congenital heart disease. Finally, the reader is given several suggestions on diagnosis, stabilization, and when to refer to specialists.",Cardiology
"Insulin resistance has been regarded as a hallmark of diabetes heart disease (DHD). Numerous studies have shown that insulin resistance can affect blood circulation and myocardium, which indirectly cause cardiac hypertrophy and ventricular remodeling, participating in the pathogenesis of DHD. Meanwhile, hyperinsulinemia, hyperglycemia, and hyperlipidemia associated with insulin resistance can directly impair the metabolism and function of the heart. Targeting insulin resistance is a potential therapeutic strategy for the prevention of DHD. Currently, the role of insulin resistance in the pathogenic development of DHD is still under active research, as the pathological roles involved are complex and not yet fully understood, and the related therapeutic approaches are not well developed. In this review, we describe insulin resistance and add recent advances in the major pathological and physiological changes and underlying mechanisms by which insulin resistance leads to myocardial remodeling and dysfunction in the diabetic heart, including exosomal dysfunction, ferroptosis, and epigenetic factors. In addition, we discuss potential therapeutic approaches to improve insulin resistance and accelerate the development of cardiovascular protection drugs.",Cardiology
"Anderson Fabry disease is a life threatening, X-linked inborn metabolic defect of the lysosomal enzyme áalpha-galactosidase A. The deficiency of alpha-galactosidase A leads to a progressive accumulation of globotriaosylceramide (Gb(3)), the major glycosphingolipid substrate of the enzyme, within vulnerable cells, tissues, and organs, including the cardiovascular system. Cardiac involvement is frequent and patients with cardiac affection develop progressive hypertrophic infiltrative cardiomyopathy, valvular abnormalities, arrhythmias, and conduction abnormalities and may develop coronary heart disease. Hemizygous male patients have no detectable alpha-galactosidase A activity, while affected heterozygous females may have normal level of alpha-galactosidase A activity. Death occurs in male patients at 45 to 50 years, about 15 to 20 years earlier than in female patients due to a vicious circle from chronic renal insufficiency, arterial hypertension, atherosclerotic lesions and cerebrovascular hemorrhage or insults, and cardiomyopathy. Cardiac involvement in hetero- and hemizygotes will be discussed as well as the influence of enzyme replacement of alpha-galactosidase A.",Cardiology
"Matrix metalloproteinases (MMPs) are a family of proteolytic enzymes important in the degradation and turnover of extracellular matrix (ECM) components. MMPs and their inhibitors play major roles not only in ECM degradation but also in mediating cell-cell adhesion, cell migration and invasion, cell proliferation and apoptosis, tissue remodeling, and growth factor and cytokine signaling. There is a vast amount of literature regarding changes in MMPs and MMP inhibitor levels during the progression of cardiovascular diseases but a paucity of information regarding their roles in the embryonic cardiovascular development. Yet, by studying cardiovascular development, much can be learned with regard to the pathophysiology and etiology of adult cardiovascular diseases. In fact, the development of many pathological conditions may reflect inappropriate recapitulation of embryonic events. The objective of this review is to provide an overview of what is known regarding the role of MMPs and their inhibitors during embryonic cardiovascular development and to relate these to the pathophysiology of adult cardiovascular diseases whenever possible.",Cardiology
"SARS-CoV-2 virus can not only damage the respiratory system but may also pose a threat to other organs, such as the heart or vessels. This review focuses on cardiovascular complications of COVID-19, including acute cardiac injury, arrhythmias, biomarkers, accompanying comorbidities and outcomes in patients diagnosed with SARS-CoV-2 infection. The research was conducted on the databases: PubMed, Springer, ScienceDirect, UpToDate, Oxford Academic, Wiley Online Library, ClinicalKey. Fifty-six publications from 1 November 2020 till 15 August 2021 were included in this study. The results show that cardiac injury is present in about 1 in 4 patients with COVID-19 disease, and it is an independent risk factor, which multiplies the death rate several times in comparison to infected patients without myocardial injury. New-onset cardiac injury occurs in nearly every 10th patient of the COVID-19-suffering population. Comorbidities (such as hypertension, cardiovascular disease and diabetes) severely deteriorate the outcome. Therefore, patients with SARS-CoV-2 infection should be carefully assessed in terms of cardiac medical history and possible cardiological complications.",Cardiology
"Heart transplant patients present a unique set of anatomical and pathophysiological considerations. Patients often present non-specifically, requiring a low index for further investigation. Accurate assessment with standard imaging modalities can be difficult, and cardiovascular magnetic resonance (CMR) is becoming an increasingly useful modality in the assessment of heart transplant patients. This review describes the anatomy of the transplanted heart and typical CMR appearances and discusses the role of CMR in heart transplant disease.",Cardiology
"Natriuretic Peptides (NP) are important in maintaining normal cardiac and metabolic status and have been used to predict cardiovascular events. Whether plasma concentrations of NP products within the normal range reflect cardio-metabolic health is unknown. Plasma NTproANP, NTproBNP and NTproCNP and their bioactive counterparts were measured in a random sample of 348 community dwellers aged 49-51 yr without heart disease and associations sought with established vascular risk factors, echocardiographic indices and a genetic variant previously linked with BNP. Stratified by sex, each of ten vascular risk factors were positively associated with NTproCNP whereas associations with NTproBNP and NTproANP were all negative. In both sexes, higher plasma NTproCNP was associated with higher arterial elastance, lower LV stroke volume and lower LV end diastolic volume. Exactly opposite associations were found with plasma NTproBNP or NTproANP. Sex specific differences were identified: positive association of NTproBNP with LV end systolic volume and the negative association with LV elastance were found only in males. The genetic variant rs198358 was independently associated with NTproBNP but not with NTproANP. In conclusion, higher NTproCNP is likely to be an adaptive response to impaired LV relaxation whereas genetic factors likely contribute to higher NTproBNP and improved cardio-metabolic health at midlife.",Cardiology
"The European Heart Journal - Cardiovascular Imaging was launched in 2012. It has gained an impressive impact factor of 8.336 during its first 6 years and is now established as one of the top 10 cardiovascular journals in the world and the most important cardiovascular imaging journal in Europe. The most important studies published in the journal in 2017 will be highlighted in two reports. Part I will focus on studies about myocardial function, coronary artery disease and myocardial ischaemia, and emerging techniques and applications in cardiovascular imaging, whereas Part II will focus on valvular heart disease, heart failure, cardiomyopathies, and congenital heart disease.",Cardiology
"During the past century, cardiac imaging technologies have revolutionized the diagnosis and treatment of acquired and congenital heart disease. Many important contributions to the field of cardiac imaging were initially reported in Radiology. The field developed from the early stages of cardiac imaging, including the use of coronary x-ray angiography and roentgen kymography, to nowadays the widely used echocardiographic, nuclear medicine, cardiac computed tomographic (CT), and magnetic resonance (MR) applications. It is surprising how many of these techniques were not recognized for their potential during their early inception. Some techniques were described in the literature but required many years to enter the clinical arena and presently continue to expand in terms of clinical application. The application of various CT and MR contrast agents for the diagnosis of myocardial ischemia is a case in point, as the utility of contrast agents continues to expand the noninvasive characterization of myocardium. The history of cardiac imaging has included a continuous process of advances in our understanding of the anatomy and physiology of the cardiovascular system, along with advances in imaging technology that continue to the present day.",Cardiology
"This review focuses on recent advances in understanding the pathogenesis of paediatric heart disease and on the known single gene defects responsible for these diseases. Many paediatric cardiovascular diseases are heritable, have clinical manifestations in adult ages, are frequent in occurrence, and can have significant social and economic impact. Specific gene defects have been identified for hypertrophic and dilated cardiomyopathies, mitochondrial cardiomyopathies, Marfan's syndrome, Williams syndrome, familial supravalvar aortic stenosis, CATCH-22 syndrome and atrioventricular canal. Limited phenotypic response of the developing heart accounts for similar cardiovascular defects from differing gene defects. Although environmental factors affect expression of many of these genes, it is clear that single gene defects can be identified which cause paediatric cardiovascular disease. Interactions among cardiologists, cardiovascular surgeons, geneticists and basic scientists are vitally important in understanding the genetic basis of paediatric heart disease, its diagnosis and its therapy.",Cardiology
"The maternal cardiovascular system undergoes extensive changes during pregnancy. These changes become especially important in women with underlying cardiac disease. In order to provide a basis for understanding cardiac disease in pregnancy, the authors provide a discussion of the normal cardiovascular physiology of pregnancy, followed by a review of the types of heart disease in women of childbearing age.",Cardiology
"<i>Xenopus</i> has been used to study a wide array of developmental processes, benefiting from vast quantities of relatively large, externally developing eggs. <i>Xenopus</i> is particularly amenable to examining the cardiac system because many of the developmental processes and genes involved in cardiac specification, differentiation, and growth are conserved between <i>Xenopus</i> and human and have been characterized in detail. Furthermore, compared with other higher vertebrate models, <i>Xenopus</i> embryos can survive longer without a properly functioning heart or circulatory system, enabling investigation of later consequences of early embryological manipulations. This biology is complemented by experimental technology, such as embryonic explants to study the heart, microinjection of overexpression constructs, and, most recently, the generation of genetic mutations through gene-editing technologies. Recent investigations highlight <i>Xenopus</i> as a powerful experimental system for studying injury/repair and regeneration and for congenital heart disease (CHD) modeling, which reinforces why this model system remains ideal for studying heart development.",Cardiology
"A decline in normal physiological functions characterizes the aging process. While some of these changes are benign, the decrease in the function of the cardiovascular system that occurs during aging leads to the activation of pathological processes associated with an increased risk for heart disease and its complications. Imbalances in endocrine function are also common occurrences during the aging process. Glucocorticoids are primary stress hormones and are critical regulators of energy metabolism, inflammation, and cardiac function. Glucocorticoids exert their actions by binding the glucocorticoid receptor (GR) and, in some instances, to the mineralocorticoid receptor (MR). GR and MR are members of the nuclear receptor family of ligand-activated transcription factors. There is strong evidence that imbalances in GR and MR signaling in the heart have a causal role in cardiac disease. The extent to which glucocorticoids play a role in the aging heart, however, remains unclear. This review will summarize the positive and negative direct and indirect effects of glucocorticoids on the heart and the latest molecular and physiological evidence on how alterations in glucocorticoid signaling lead to changes in cardiac structure and function. We also briefly discuss the effects of other hormones systems such as estrogens and GH/IGF-1 on different cardiovascular cells during aging. We will also review the link between imbalances in glucocorticoid levels and the molecular processes responsible for promoting cardiomyocyte dysfunction in aging. Finally, we will discuss the potential for selectively manipulating glucocorticoid signaling in cardiomyocytes, which may represent an improved therapeutic approach for preventing and treating age-related heart disease.",Cardiology
"Valvular heart disease is common in pregnancy. Maternal physiology changes significantly during gestation with substantial increases in cardiac output and blood volume; this can cause unmasking or worsening of cardiac disease. Acquired valvular lesions most frequently arise from rheumatic fever, especially in patients who have emigrated from developing nations. Congenital lesions are also encountered. The most common conditions seen, mitral stenosis and regurgitation and aortic stenosis and regurgitation, each require a specific evaluation and management and are associated with their own set of possible complications. Patients with prosthetic valves require anticoagulation, and maternal and fetal risks and benefits must be carefully weighed. Patients with heart disease should be meticulously managed preconceptionally up to the postpartum period by maternal-fetal medicine specialists, obstetricians, cardiologists, and anesthesiologists using a multi-disciplinary approach to their cardiac conditions. Obstetricians & Gynecologists and Family Physicians. After the completing the CME activity, physicians should be better able to examine the epidemiology of valvular heart disease in pregnancy, categorize key physiologic parameters that change in the cardiovascular system during pregnancy, classify the pathophysiology of valvular lesions, and evaluate the general principles of maternal and fetal management for cardiac disease.",Cardiology
"Obesity is recognized as a risk factor for cardiovascular disease, expending independent adverse effects on the cardiovascular system. This relationship is complex due to several associations with cardiovascular disease risk factors/markers such as hypertension, dyslipidemia, insulin resistance/dysglycemia, or type 2 diabetes mellitus. Obesity induces a variety of cardiovascular system structural adaptations, from subclinical myocardial dysfunction to severe left ventricular systolic heart failure. Abnormalities in cardiac metabolism and subsequent cardiac energy, have been proposed as major contributors to obesity-related cardiovascular disease. Ectopic fat depots play an important role in several of the hypotheses postulated to explain the association between obesity, cardiac metabolism and cardiac dysfunction. In this review, we addressed with contemporary studies how obesity-associated metabolic conditions and ectopic cardiac fat accumulation, translate into cardiac energy metabolism disturbances that may lead to adverse effects on the cardiovascular system. Obesity and ectopic fat accumulation has long been related to metabolic diseases and adverse cardiovascular outcomes. Recent imaging advances have just started to address the complex interplays between obesity, ectopic fat depots, cardiac metabolism and the risk of obesity-related cardiovascular disease. A better comprehension of these obesity-associated metabolic disturbances will lead to earlier detection of patients at increased risk of cardiovascular disease and to the development of novel therapeutic metabolic targets to treat a wide variety of cardiovascular diseases.",Cardiology
"Running is an excellent means of conditioning the cardiovascular system. It is a highly aerobic activity that utilizes both fatty acids and carbohydrates for energy. The typical runner tends to have a slow resting pulse rate and a high maximal oxygen consumption. Echocardiographic studies show that distance runners have larger, thicker left ventricles than do sedentary controls; their hearts are more efficient than those of sedentary people, pumping a larger volume per beat. Physiologic findings on examination of well-trained runners can sometimes be confused with pathologic entities. The ""athlete's heart,"" once believed to be an abnormal condition, is now recognized as representing a highly efficient organ. Runners are not immune to organic heart disease. Careful physical examination of the cardiovascular system, the resting EKG, and echocardiography are useful ways to screen young competitive athletes for cardiomyopathy, the leading cause of sudden death in this age group. Treadmill testing is often used as a screening test in middle-aged and older runners for underlying coronary atherosclerotic heart disease, the leading cause of sudden exercise-related death in this age category. Radionuclide exercise scans and, on occasion, coronary angiography will be of use when the diagnosis of coronary disease is still in doubt. Distance running has positive effects on a host of coronary risk factors, which may help to explain why chronic endurance exercise is associated with lower coronary death rates.",Cardiology
"Caveolins serve as a platform in plasma membrane associated caveolae to orchestrate various signaling molecules to effectively communicate extracellular signals into the interior of cell. All three types of caveolin, Cav-1, Cav-2 and Cav-3 are expressed throughout the cardiovascular system especially by the major cell types involved including endothelial cells, cardiac myocytes, smooth muscle cells and fibroblasts. The functional significance of caveolins in the cardiovascular system is evidenced by the fact that caveolin loss leads to the development of severe cardiac pathology. Caveolin gene mutations are associated with altered expression of caveolin protein and inherited arrhythmias. Altered levels of caveolins and related downstream signaling molecules in cardiomyopathies validate the integral participation of caveolin in normal cardiac physiology. This chapter will provide an overview of the role caveolins play in cardiovascular disease. Furthering our understanding of the role for caveolins in cardiovascular pathophysiology has the potential to lead to the manipulation of caveolins as novel therapeutic targets.",Cardiology
"MicroRNAs (miRNAs) are a class of small noncoding RNAs that have gained status as important regulators of gene expression. Recent studies have demonstrated that miRNAs are aberrantly expressed in the cardiovascular system under some pathological conditions. Gain- and loss-of-function studies using in vitro and in vivo models have revealed distinct roles for specific miRNAs in cardiovascular development and physiological function. The implications of miRNAs in cardiovascular disease have recently been recognized, representing the most rapidly evolving research field. In the present minireview, the current relevant findings on the role of miRNAs in cardiac diseases are updated and the target genes of these miRNAs are summarized.",Cardiology
"Environmental contamination has exposed humans to various metal agents, including mercury. It has been determined that mercury is not only harmful to the health of vulnerable populations such as pregnant women and children, but is also toxic to ordinary adults in various ways. For many years, mercury was used in a wide variety of human activities. Nowadays, the exposure to this metal from both natural and artificial sources is significantly increasing. Recent studies suggest that chronic exposure, even to low concentration levels of mercury, can cause cardiovascular, reproductive, and developmental toxicity, neurotoxicity, nephrotoxicity, immunotoxicity, and carcinogenicity. Possible biological effects of mercury, including the relationship between mercury toxicity and diseases of the cardiovascular system, such as hypertension, coronary heart disease, and myocardial infarction, are being studied. As heart rhythm and function are under autonomic nervous system control, it has been hypothesized that the neurotoxic effects of mercury might also impact cardiac autonomic function. Mercury exposure could have a long-lasting effect on cardiac parasympathetic activity and some evidence has shown that mercury exposure might affect heart rate variability, particularly early exposures in children. The mechanism by which mercury produces toxic effects on the cardiovascular system is not fully elucidated, but this mechanism is believed to involve an increase in oxidative stress. The exposure to mercury increases the production of free radicals, potentially because of the role of mercury in the Fenton reaction and a reduction in the activity of antioxidant enzymes, such as glutathione peroxidase. In this review we report an overview on the toxicity of mercury and focus our attention on the toxic effects on the cardiovascular system.",Cardiology
"Cardiac cine magnetic resonance imaging (MRI) continues to be recognized as an established modality for non-invasive assessment of the function and structure of the cardiovascular system. Making full use of fully convolutional neural networks CNNs ability to operate pixel-wise classification, cine MRI sequences can be segmented and volumetric features of three key heart structures are computed for disease prediction. The three key heart structures are the left ventricle cavity, right ventricle cavity and the left ventricle myocardium. In this paper, we suggest an automated pipeline for both cardiac segmentation and diagnosis. The study was conducted on a dataset of 150 patients from Dijon Hospital in the context of the post-2017 Medical Image Computing and Computer Assisted Intervention MICCAI, Automated Cardiac Diagnosis Challenge (ACDC). The challenge consists in two phases: (i) a segmentation contest, where performance is evaluated on dice overlap coefficient and Hausdorff distance metrics, and a (ii) diagnosis contest for heart disease classification. For this aim, we propose the use of a deep learning based network for segmentation of the three key cardiac structures within short-axis cine MRI sequences and a classifier ensemble for heart disease classification. The deep learning segmentation network is a UNet fully convolutional neural network variant with fewer trainable parameters. The classifier ensemble consists in combining three classifiers, namely a multilayer perceptron, a random forest and a support vector machine. Before feeding the segmentation network, a preliminary step consists in localizing heart region and cropping input images to a restricted region of interest (ROI). This is achieved by a signal processing based approach and aims at reducing multi-class imbalance and computational load. We achieved nearly state of the art accuracy performances for both the segmentation and disease classification challenges. Reporting a mean dice overlap coefficient of 0.92 for the three cardiac structures segmentation, along with good limits of agreement for the various derived clinical indices, leading to an accuracy of 0.92 for the disease classification on unseen data.",Cardiology
"Cardiovascular disease is among the main causes of morbidity and mortality in developed countries. The pathological process of the heart is associated with altered expression profile of genes that are important for cardiac function. MicroRNAs (miRNAs) have emerged as one of the central players of gene expression regulation. The implications of miRNAs in the pathological process of cardiovascular system have recently been recognized, representing the most rapidly evolving research field. Here, we summarize and analyze the currently available data from our own laboratory and other groups, providing a comprehensive overview of miRNA function in the heart, including a brief introduction of miRNA biology, expression profile of miRNAs in cardiac tissue, role of miRNAs in cardiac hypertrophy and heart failure, the arrhythmogenic potential of miRNAs, the involvement of miRNAs in vascular angiogenesis, and regulation of cardiomyocyte apoptosis by miRNAs. The target genes and signaling pathways linking the miRNAs to cardiovascular disease are highlighted. The applications of miRNA interference technologies for manipulating miRNA expression, stability, and function as new strategies for molecular therapy of human disease are evaluated. Finally, some specific issues related to future directions of the research on miRNAs relevant to cardiovascular disease are pinpointed and speculated.",Cardiology
"Many patient with, or at risk of, cardiovascular disease have sleep disordered breathing (SDB), which can be either obstructive (with intermittent collapse of the upper airway) or central (episodic loss of respiratory drive). SDB is associated with sleep disturbance, hypoxemia, hemodynamic changes, and sympathetic activation. Such patients have a worse prognosis than those without SDB. Mask-based therapies of positive airway pressure targeted at SDB can improve measures of sleep quality and partially normalize the sleep and respiratory physiology, but recent randomized trials of cardiovascular outcomes in SDB have either been neutral (obstructive sleep apnea) or suggested the possibility of harm, likely from increased sudden death, in central sleep apnea. Alternative methods for the treatment of SDB are being explored, including implantable technologies, but these have not been studied in adequately powered randomized controlled studies. International guidelines recommend screening for SDB, which can be done easily in clinical practice, as there may be a role for the treatment of patients with obstructive sleep apnea and daytime sleepiness, or resistant hypertension, or atrial fibrillation. Further randomised outcome studies are required to determine whether mask-based treatment for SDB is appropriate for patients with chronic systolic heart failure and obstructive sleep apnea; for those with heart failure with preserved ejection fraction; and for those with decompensated heart failure. The case is made that no longer can the surrogate endpoints of improvement in respiratory and sleep metrics be taken as adequate therapeutic outcome measures in patients with sleep apnea and cardiovascular disease.",Cardiology
"Elderly people are the most rapid growing segment of society, and heart disease is the most common cause of death in this population. The aging process is associated with anatomic and physiologic alterations in the cardiovascular system; consequently, the manifestations of disease in the geriatric population differ from those involving younger patients. To formulate diagnosis of ""aging heart"" in older patient may be difficult, because of atypical symptoms or of the acceptance of symptoms as manifestations of old age. Aging is, moreover, often associated with a decline in physical activity, which may result in cardiovascular ""deconditioning"". The treatment strategy is the same as in younger patients, but the higher incidence of adverse effects and complications demands special awareness. In this article we discuss about age-related structural and functional changes that occur in the cardiovascular system, including changes in the heart muscle, valves, conduction system and major arteries.",Cardiology
"Chronic lung disease has significant impact on cardiovascular function. Much of this effect is because of increased right ventricular afterload caused by increased pulmonary vascular resistance resulting from structural changes in the pulmonary circulation, and because of hypoxic pulmonary vasoconstriction. In the case of chronic obstructive diseases, there may be additional increases in afterload resulting from dynamic hyperinflation. These processes can lead to structural changes in the heart (cor pulmonale), including right ventricular dilatation and hypertrophy, to maintain right ventricular output. In most ambulatory patients with chronic obstructive disease, it appears that cardiac output may be maintained at levels that are similar to normal both at rest and during exercise, with no consistent improvement in maximal exercise function afforded by interventions that increase blood flow. In contrast, diseases characterized by fibrosis or infiltration of the lung parenchyma may be associated with a disproportionate increase in pulmonary vascular resistance and more pronounced cardiovascular impairment, particularly with exercise.",Cardiology
Cardiovascular magnetic resonance (CVMR) is the best non invasive imaging technique for the diagnosis of congenital heart disease (CHD) as it gives important information concerning anatomy and function of the heart in the same exploration. This method is useful for the follow up of the patient with congenital heart disease. The most important benefits of CVMR are the non invasiveness of the same and the lack of ionic radiation. The objective of this article is to demonstrate that congenital heart disease can be diagnosed with CVMR with a higher precision compared with other cardiovascular imaging techniques.,Cardiology
"Magnetic resonance imaging has proven to be useful in the assessment of patients with complex congenital heart disease and in the post-surgical follow-up of patients with corrected congenital heart disease. A thorough understanding of the congenital cardiac malformations that can be encountered is needed and the use of the sequential segmental analysis helps to standardize the evaluation and diagnosis of (complex) congenital heart disease. After surgical correction of congenital heart defects, patients must be followed over extended periods of time, because morphological and functional abnormalities may still be present or may develop. The use of echocardiography may be hampered in these patients as scar tissue and thorax deformities limit the acoustic window. Magnetic resonance imaging has proven to be advantageous in the follow-up of these post-surgical patients and with the use of several different techniques the morphological as well as functional abnormalities can be evaluated and followed over time.",Cardiology
"Many cardiovascular disorders are accompanied by a deregulated cellular redox balance resulting in elevated levels of intracellular reactive oxygen species (ROS). One major antioxidative cellular molecule is thioredoxin-1 (Trx-1). Its indispensability is demonstrated by the embryonic lethality of Trx-1 deficient mice. Trx-1 is ubiquitously expressed in cells and has numerous, diverse functions. It not only reduces oxidized proteins or, together with peroxiredoxins, detoxifies H(2)O(2), but also binds to several proteins and thereby regulates their functions. The interaction partners of Trx-1 differ depending on its localization in the cytosol or in the nucleus. Over the past decade it has become clear that Trx-1 is not only critical for tumor functions, which has resulted in therapeutic approaches targeting this protein, but also essential for proper functions of the vasculature and the heart. Changes in post-translational modifications of Trx-1 or in its interactions with other proteins can lead to a switch from a physiologic state of cells and organs to diverse pathologies. This review provides insights into the role of Trx-1 in different physiological situations and cardiac hypertrophy, ischemia reperfusion injury, heart failure, atherosclerosis, and diabetes mellitus type 2, underscoring the central role of Trx-1 in cardiovascular health and disease. Thus, the manipulation of Trx-1 activity in the heart and/or vasculature, for example, by small molecules, seems to be a promising therapeutic option in cardiovascular diseases, as general anti-oxidant treatments would not take into account interactions of Trx-1 with other proteins and also eliminate vital ROS.",Cardiology
"Due to increasing global migration, the spectrum of cardiovascular disease (CVD) is changing in developed countries. Up to 3% of migrants arriving in Europe have underlying CVD. Despite their high global prevalence, conditions such as rheumatic heart disease, Chagas disease, endomyocardial fibrosis, tuberculous pericarditis, peripartum cardiomyopathy, and pulmonary hypertension are often under-recognized, and, as a result, neglected in industrialized countries. Many of these conditions, and their causes, are often unfamiliar to the health-care providers in host countries. In this review, we summarize the epidemiology, etiology, clinical presentation, diagnostic work-up, and management of neglected CVDs that have an increasing prevalence in the Global North.",Cardiology
"Diabesity is a term used to describe the combined adverse health effects of obesity and diabetes mellitus. The worldwide dual epidemic of obesity and type 2 diabetes is an important public health issue. Projections estimate a sixfold increase in the number of adults with obesity in 40 years and an increase in the number of individuals with diabetes to 642 million by 2040. Increased adiposity is the strongest risk factor for developing diabetes. Early detection of the effects of diabesity on the cardiovascular system would enable the optimal implementation of effective therapies that prevent atherosclerosis progression, cardiac remodelling, and the resulting ischaemic heart disease and heart failure. Beyond conventional imaging techniques, such as echocardiography, CT and cardiac magnetic resonance, novel post-processing tools and techniques provide information on the biological processes that underlie metabolic heart disease. In this Review, we summarize the effects of obesity and diabetes on myocardial structure and function and illustrate the use of state-of-the-art multimodality cardiac imaging to elucidate the pathophysiology of myocardial dysfunction, prognosticate long-term clinical outcomes and potentially guide treatment strategies.",Cardiology
"In this article, the determinants of hypoxemia and cyanosis are analyzed and discussed. The pathophysiology, clinical presentation, diagnostic evaluation, and treatment of major cyanotic forms of congenital heart disease also are reviewed.",Cardiology
"Cancer and cardiovascular diseases, including heart failure (HF), are the main causes of death in Western countries. Several anticancer drugs and radiotherapy have adverse effects on the cardiovascular system, promoting left ventricular dysfunction and ultimately HF. Nonetheless, the relationship between cancer and HF is likely not unidirectional. Indeed, cancer and HF share common risk factors, and both have a bidirectional relationship with systemic inflammation, metabolic disturbances, and neurohormonal and immune activation. Few studies have assessed the impact of untreated cancer on the heart. The presence of an active cancer has been associated with elevated cardiac biomarkers, an initial impairment of left ventricular structure and function, autonomic dysfunction, and reduced exercise tolerance. In turn, these conditions might increase the risk of cardiac damage from chemotherapy and radiotherapy. HF drugs such as beta-blockers or inhibitors of the renin-angiotensin-aldosterone system might exert a protective effect on the heart even before the start of cancer therapies. In this review, we recapitulate the evidence of cardiac involvement in cancer patients naïve from chemotherapy and radiotherapy and no history of cardiac disease. We also focus on the perspectives for an early diagnosis and treatment to prevent the progression to cardiac dysfunction and clinical HF, and the potential benefits of cardioactive drugs on cancer progression.",Cardiology
"The cardiovascular effects of the ingestion of ethyl alcohol are determined by the amount consumed and time factors as well as the nutritional status of the individual. Acute alcoholism produces various cardiac manifestations that are related primarily to the concentration of alcohol in the blood. Chronic alcoholism is associated with three identifiable cardiovascular syndromes that have been designated alcoholic myocardosis, nutritional heart disease and beriberi heart disease. Differentiation is indicated because of their respective distinguishing diagnostic features and prognostic implications. The therapeutic effects of alcohol in coronary artery disease are apparently attributable to cerebral responses rather than demonstrable increase in coronary blood flow.",Cardiology
"The mechanistic target of rapamycin (mTOR) integrates several intracellular and extracellular signals involved in the regulation of anabolic and catabolic processes. mTOR assembles into two macromolecular complexes, named mTORC1 and mTORC2, which have different regulators, substrates and functions. Studies of gain- and loss-of-function animal models of mTOR signalling revealed that mTORC1/2 elicits both adaptive and maladaptive functions in the cardiovascular system. Both mTORC1 and mTORC2 are indispensable for driving cardiac development and cardiac adaption to stress, such as pressure overload. However, persistent and deregulated mTORC1 activation in the heart is detrimental during stress and contributes to the development and progression of cardiac remodelling and genetic and metabolic cardiomyopathies. In this review, we discuss the latest findings regarding the role of mTOR in the cardiovascular system, both under basal conditions and during stress, such as pressure overload, ischemia, and metabolic stress. Current data suggest that mTOR modulation may represent a potential therapeutic strategy for the treatment of cardiac diseases.",Cardiology
"Cardiovascular disease, especially heart failure (HF) is the leading cause of death in patients with diabetes. Individuals with diabetes are prone to a special type of cardiomyopathy called diabetic cardiomyopathy (DCM), which cannot be explained by heart diseases such as hypertension or coronary artery disease, and can contribute to HF. Unfortunately, the current treatment strategy for diabetes-related cardiovascular complications is mainly to control blood glucose levels; nonetheless, the improvement of cardiac structure and function is not ideal. The transient receptor potential cation channel subfamily V member 1 (TRPV1), a nonselective cation channel, has been shown to be universally expressed in the cardiovascular system. Increasing evidence has shown that the activation of TRPV1 channel has a potential protective influence on the cardiovascular system. Numerous studies show that activating TRPV1 channels can improve the occurrence and progression of diabetes-related complications, including cardiomyopathy; however, the specific mechanisms and effects are unclear. In this review, we summarize that TRPV1 channel activation plays a protective role in the heart of diabetic models from oxidation/nitrification stress, mitochondrial function, endothelial function, inflammation, and cardiac energy metabolism to inhibit the occurrence and progression of DCM. Therefore, TRPV1 may become a latent target for the prevention and treatment of diabetes-induced cardiovascular complications.",Cardiology
"OBJECTIVE--Recent clinical, laboratory, and epidemiological evidence that passive smoking causes heart disease was reviewed, with particular emphasis on understanding the underlying physiological and biochemical mechanisms. DATA SOURCES--Publications in the peer-reviewed literature were located via MEDLINE, citation in other relevant articles, and appropriate reports by scientific agencies. Greatest emphasis was given to work published since 1990. CONCLUSIONS--Passive smoking reduces the blood's ability to deliver oxygen to the heart and compromises the myocardium's ability to use oxygen to create adenosine triphosphate. These effects are manifest as reduced exercise capability in people breathing secondhand smoke. Secondhand smoke increases platelet activity, accelerates atherosclerotic lesions, and increases tissue damage following ischemia or myocardial infarction. The effects of secondhand tobacco smoke on the cardiovascular system are not caused by a single component of the smoke, but rather are caused by the effects of many elements, including carbon monoxide, nicotine, polycyclic aromatic hydrocarbons, and other, not fully specified elements in the smoke. Nonsmokers exposed to secondhand smoke in everyday life exhibit an increased risk of both fatal and nonfatal cardiac events.",Cardiology
"Depressive symptoms are highly prevalent in patients with cardiac diseases. Co-morbid Depression in cardiac patients causes a significant reduction in health-related quality of life for the patients and inflicts an economic burden on the society. Two types of mechanisms that may explain the link between depression and cardiac diseases are the psychosocial and physiopathological mechanisms. Physiopathological mechanisms are direct biological mechanisms, which include hyperactivity of non-adrenergic and Hypothalamic Pituitary Adrenal Axis (HPA), abnormal platelet activation, endothelial dysfunction, and inflammatory process. Psychosocial factors include behavioral or lifestyle factors like smoking alcoholism and physical inactivity. Pharmacologic and therapeutic interventions are effective at reducing symptoms of depression in patients with cardiac disorders. Among pharmacological treatment, SSRIs seems to be effective for the reduction of depressive symptoms among patients with cardiac disorders because of their good efficacy and minimal cardiovascular side effects. Mechanisms of action of SSRI's in depressive patients with cardiac disorders are associated with their ability to reduce inflammation, platelet, and endothelial dysfunction. This review focuses on the potential pathophysiological and psychosocial links between cardiac diseases and depression, the treatment options, and the importance of routine screening of depressive symptoms in cardiac settings.",Cardiology
"As cancer survival outcomes improve, there is a growing focus on survivorship and long-term morbidity after cancer treatment. In particular, there has been concern about the long-term effects of radiotherapy on cardiac function. In this review, we discuss the cardiac effects of radiotherapy in the context of potential confounding factors, examine the potential parameters of interest when studying and modeling cardiac injury, highlight current treatment techniques to minimize radiation to the heart, and consider future areas of improvement and study.",Cardiology
"Cardiovascular disease (CVD) is the leading cause of morbidity and mortality worldwide. Although a cadre of therapeutic strategies have been made available for CVDs in the clinical setting, predominantly through medication and surgery, these do not fully address the clinical needs of patients with CVD. As a new technique for CVD treatment, nanocarriers are employed to modify and package medications to ease the targeting of tissues, cells and molecules within the cardiovascular system. Nanocarriers are made of biomaterials, metals, or a combination of these materials, with sizes similar to bioactive molecules such as proteins and DNA. Cardiovascular nanomedicine (CVN) has only surfaced in recent years and is still in its infancy. Ample studies have displayed promise for the clinical utility of nanomedicine techniques, courtesy of continued perfection in nanocarrier design to optimize drug delivery and treatment outcomes. Here in this review, we will summarize the research advances in the literature on nanoparticles in the management of CVDs, including ischemic and coronary heart disease (e.g., atherosclerosis, angina pectoris and myocardial infarction), myocardial ischemia-reperfusion injury, aortic aneurysm, myocarditis, hypertension, and pulmonary artery hypertension and thrombosis.",Cardiology
"Many human brain disorders are associated with characteristic alterations in the structural and functional connectivity of the brain. In this article, we explore how commonalities and differences in connectome alterations can reveal relationships across disorders. We survey recent literature on connectivity changes in neurological and psychiatric disorders in the context of key organizational principles of the human connectome and observe that several disturbances to network properties of the human brain have a common role in a wide range of brain disorders and point towards potentially shared network mechanisms underpinning disorders. We hypothesize that the distinct dimensions along which connectome networks are organized (for example, 'modularity' and 'integration') provide a general coordinate system that allows description and categorization of relationships between seemingly disparate disorders. We outline a cross-disorder 'connectome landscape of dysconnectivity' along these principal dimensions of network organization that may place shared connectome alterations between brain disorders in a common framework.",Neurology
"Progressive supranuclear palsy has been recognized as a distinct nosological entity for about three decades now. Typically, this progressive neurological disease manifests itself late in the sixth decade with a terminal course of approximately four to six years. Well over one hundred cases have been described in the literature and the heterogeneous nature of progressive supranuclear palsy includes the characteristic vertical ophthalmoplegia, frequent falling and a profound nuchal rigidity. Other features are similar in many respects to those found in Parkinson's disease. The present article reviews the literature on progressive supranuclear palsy with particular reference to its clinical manifestations including the ophthalmoplegia, characteristic sleep disturbances and unique dementia. Also addressed, are neuropathological and epidemiological findings. Finally, conclusions and recommendations for further investigation are offered especially with regard to the neuropsychological nature of this neurological disorder.",Neurology
"Hashimoto's encephalopathy (HE) is a controversial neurological disorder that comprises a heterogenous group of neurological symptoms that manifest in patients with high titers of antithyroid antibodies. Clinical manifestations of HE may include encephalopathic features such as seizures, behavioral and psychiatric manifestations, movement disorders, and coma. Although it has been linked to cases of Hashimoto's thyroiditis or thyroid dysfunction, the most common immunological feature of HE is the presence of high titers of antithyroglobulin or anti-TPO (antimicrosomal) antibodies. At present, it is unclear whether antithyroid antibodies represent an immune epiphenomenon in a subset of patients with encephalopathic processes or they are really associated with pathogenic mechanisms of the disorder. The significance of classifying encephalopathies under the term HE will be determined in the future once the relevance of the role of antithyroid antibodies is demonstrated or dismissed by more detailed experimental and immunopathological studies. The responsiveness of HE to steroids or other therapies such as plasmapheresis supports the hypothesis that this is a disorder that involves immune pathogenic mechanisms. Further controlled studies of the use of steroids, plasmapheresis, or immunosuppressant medications are needed in the future to prove the concept of the pathogenic role of antithyroid antibodies in HE.",Neurology
"Kleine-Levin Syndrome is a rare neurological disorder with onset typically during adolescence that is characterized by recurrent episodes of hypersomnia, behavioral changes, and cognitive abnormalities, in the absence of structural changes in neuroimaging. As for many functional brain disorders, the exact disease mechanism in Kleine-Levin Syndrome is presently unknown, preventing the development of specific treatment approaches or protective measures. Here we review the pathophysiology and genetics of this functional brain disorder and then present a specific working hypothesis. A neurodevelopmental mechanism has been suspected based on associations with obstetric complications. Recent studies have focused on genetic factors whereby the first genome-wide association study (GWAS) in Kleine-Levin Syndrome has defined a linkage at the TRANK1 locus. A Gene x Environment interaction model involving obstetric complications was proposed based on concepts developed for other functional brain disorders. To stimulate future research, we here performed annotations of the genes under consideration for Kleine-Levin Syndrome in relation to factors expected to be associated with obstetric complications. Annotations used data-mining of gene/protein lists related to for hypoxia, ischemia, and vascular factors and targeted literature searches. Tentative links for TRANK1, four additional genes in the TRANK1 locus, and LMOD3-LMO2 are described. Protein interaction data for TRANK1 indicate links to CBX2, CBX4, and KDM3A, that in turn can be tied to hypoxia. Taken together, the neurological sleep disorder, Kleine-Levin Syndrome, shows genetic and mechanistic overlap with well analyzed brain disorders such as schizophrenia, autism spectrum disorder and ADHD in which polygenic predisposition interacts with external events during brain development, including obstetric complications.",Neurology
"The notion that addiction is a ""brain disorder"" is widespread. However, there is a lack of evidence on the degree of disorder in terms of error processing in addiction. The present meta-analysis aimed at shedding light on this by comparing error-processes with populations with well-recognized brain disorders. We included 17 addiction and 32 neurological disorder studies that compared error-related negativity (ERN) or error positivity (Pe) amplitudes/latencies between experimental and healthy-control groups. Meta-regression analyses were performed for the intergroup comparison and other moderators. Both diagnoses were accompanied by a diminished ERN amplitude, although the degree of impairment was marginally larger in neurological disorders. Neurological disorders presented shorter ERN latencies than addiction when compared with controls. The two groups did not differ in Pe amplitude/latency. Except for a reduced ERN amplitude found along with aging, no other moderator contributed significantly to divergent findings about these four ERP indexes. The results support the brain disease model of addiction, while stressing the importance of quantifying the degrees of brain dysfunctions as a next step.",Neurology
"The human brain is a highly complex neurological system that has been the subject of continuous exploration by scientists. With the help of modern neuroimaging techniques, there has been significant progress made in brain disorder analysis. There is an increasing interest about utilizing artificial intelligence techniques to improve the efficiency of disorder diagnosis in recent years. However, these methods rely only on neuroimaging data for disorder diagnosis and do not explore the pathogenic mechanism behind the disorder or provide an interpretable result toward the diagnosis decision. Furthermore, the scarcity of medical data limits the performance of existing methods. As the hot application of graph neural networks (GNNs) in molecular graphs and drug discovery due to its strong graph-structured data learning ability, whether GNNs can also play a huge role in the field of brain disorder analysis. Thus, in this work, we innovatively model brain neuroimaging data into graph-structured data and propose knowledge distillation (KD) guided brain subgraph neural networks to extract discriminative subgraphs between patient and healthy brain graphs to explain which brain regions and abnormal functional connectivities cause the disorder. Specifically, we introduce the KD technique to transfer the knowledge of pretrained teacher model to guide brain subgraph neural networks training and alleviate the problem of insufficient training data. And these discriminative subgraphs are conducive to learn better brain graph-level representations for disorder prediction. We conduct abundant experiments on two functional magnetic resonance imaging datasets, i.e., Parkinson's disease (PD) and attention-deficit/hyperactivity disorder (ADHD), and experimental results well demonstrate the superiority of our method over other brain graph analysis methods for disorder prediction accuracy. The interpretable experimental results given by our method are consistent with corresponding medical research, which is encouraging to provide a potential for deeper brain disorder study.",Neurology
"Neurological involvement in antiphospholipid antibody syndrome (APS) is common, and its occurrence increases morbidity and mortality. Patients may present variable neurological involvement, such as cerebrovascular disease, cognitive dysfunction, headache, seizures, movement disorders, multiple sclerosis-like syndrome, transverse myelitis and ocular symptoms. Most neurological manifestations are associated with thrombosis of the microcirculation or of large vessels; nonetheless, there is compelling evidence suggesting that, in some cases, symptoms are secondary to an immune-mediated pathogenesis, with direct binding of aPL on neurons and glia. Herein we describe clinical characteristics and management of neurological APS manifestations.",Neurology
"Macroscale white matter pathways are the infrastructure for large-scale communication in the human brain and a prerequisite for healthy brain function. Disruptions in the brain's connectivity architecture play an important role in many psychiatric and neurological brain disorders. Here we show that connections important for global communication and network integration are particularly vulnerable to brain alterations across multiple brain disorders. We report on a cross-disorder connectome study comprising in total 1,033 patients and 1,154 matched controls across 8 psychiatric and 4 neurological disorders. We extracted disorder connectome fingerprints for each of these 12 disorders and combined them into a 'cross-disorder disconnectivity involvement map' describing the level of cross-disorder involvement of each white matter pathway of the human brain network. Network analysis revealed connections central to global network communication and integration to display high disturbance across disorders, suggesting a general cross-disorder involvement and the importance of these pathways in normal function.",Neurology
"Current techniques in brain stimulation are still largely based on a phrenologic approach that a single brain target can treat a brain disorder. Nevertheless, meta-analyses of brain implants indicate an overall success rate of 50% improvement in 50% of patients, irrespective of the brain-related disorder. Thus, there is still a large margin for improvement. The goal of this manuscript is to 1) develop a general theoretical framework of brain functioning that is amenable to surgical neuromodulation, and 2) describe the engineering requirements of the next generation of implantable brain stimulators that follow from this theoretic model. A neuroscience and engineering literature review was performed to develop a universal theoretical model of brain functioning and dysfunctioning amenable to surgical neuromodulation. Even though a single target can modulate an entire network, research in network science reveals that many brain disorders are the consequence of maladaptive interactions among multiple networks rather than a single network. Consequently, targeting the main connector hubs of those multiple interacting networks involved in a brain disorder is theoretically more beneficial. We, thus, envision next-generation network implants that will rely on distributed, multisite neuromodulation targeting correlated and anticorrelated interacting brain networks, juxtaposing alternative implant configurations, and finally providing solid recommendations for the realization of such implants. In doing so, this study pinpoints the potential shortcomings of other similar efforts in the field, which somehow fall short of the requirements. The concept of network stimulation holds great promise as a universal approach for treating neurologic and psychiatric disorders.",Neurology
Walking is a complex motor skill and is governed by a number of interlinked pathways from the cortex above to the muscles below. The author outlines some of the important features in the history and examination of the patient with a gait disorder.,Neurology
"Approximately 3.5 million Americans will experience a manic episode during their lifetimes. The most common causes are psychiatric illnesses such as bipolar I disorder and schizoaffective disorder, but mania can also occur secondary to neurological illnesses, brain injury, or neurosurgical procedures. For this narrative review, we searched Medline for articles on the association of mania with stroke, brain tumors, traumatic brain injury, multiple sclerosis, neurodegenerative disorders, epilepsy, and neurosurgical interventions. We discuss the epidemiology, features, and treatment of these cases. We also review the anatomy of the lesions, in light of what is known about the neurobiology of bipolar disorder. The prevalence of mania in patients with brain lesions varies widely by condition, from <2% in stroke to 31% in basal ganglia calcification. Mania occurs most commonly with lesions affecting frontal, temporal, and subcortical limbic brain areas. Right-sided lesions causing hypo-functionality or disconnection (e.g., stroke; neoplasms) and left-sided excitatory lesions (e.g., epileptogenic foci) are frequently observed. Secondary mania should be suspected in patients with neurological deficits, histories atypical for classic bipolar disorder, and first manic episodes after the age of 40 years. Treatment with antimanic medications, along with specific treatment for the underlying neurologic condition, is typically required. Typical lesion locations fit with current models of bipolar disorder, which implicate hyperactivity of left-hemisphere reward-processing brain areas and hypoactivity of bilateral prefrontal emotion-modulating regions. Lesion studies complement these models by suggesting that right-hemisphere limbic-brain hypoactivity, or a left/right imbalance, may be relevant to the pathophysiology of mania.",Neurology
"Findings from computed tomography (CT), magnetic resonance imaging (MRI), positron emission tomography (PET), and single photon emission computed tomography (SPECT) studies of patients with depression suggest that this mood disorder is associated with regional brain dysfunction. The various elements of depression--dysphoria, anhedonia, helplessness, and sad affect--are all closely associated with changes in cerebral blood flow and/or metabolism in the frontal-temporal cortex and caudate nucleus. A compelling convergence of information from psychiatric and neurologic investigations indicates that depression is mediated by a restricted set of brain structures.",Neurology
"A neurological disorder is one of the significant problems of the nervous system that affects the essential functions of the human brain and spinal cord. Monitoring brain activity through electroencephalography (EEG) has become an important tool in the diagnosis of brain disorders. The robust automatic classification of EEG signals is an important step towards detecting a brain disorder in its earlier stages before status deterioration. Motivated by the computation capabilities of natural evolution strategies (NES), this paper introduces an effective automatic classification approach denoted as natural evolution optimization-based deep learning (NEODL). The proposed classifier is an ingredient in a signal processing chain that comprises other state-of-the-art techniques in a consistent framework for the purpose of automatic EEG classification. The proposed framework consists of four steps. First, the L1-principal component analysis technique is used to enhance the raw EEG signal against any expected artifacts or noise. Second, the purified EEG signal is decomposed into a number of sub-bands by applying the wavelet transform technique where a number of spectral and statistical features are extracted. Third, the extracted features are examined using the artificial bee colony approach in order to optimally select the best features. Lastly, the selected features are treated using the proposed NEODL classifier, where the input signal is classified according to the problem at hand. The proposed approach is evaluated using two benchmark datasets and addresses two neurological disorder applications: epilepsy disease and motor imagery. Several experiments are conducted where the proposed classifier outperforms other deep learning techniques as well as other existing approaches. The proposed framework, including the proposed classifier (NEODL), has a promising performance in the classification of EEG signals, including epilepsy disease and motor imagery. Based on the given results, it is expected that this approach will also be useful for the identification of the epileptogenic areas in the human brain. Accordingly, it may find application in the neuro-intensive care units, epilepsy monitoring units, and practical brain-computer interface systems in clinics.",Neurology
"NFT is a common condition resulting from dysfunction of neural networks without any structural damage identifiable by standard additional tests. It manifests itself through motor and sensory disorders and dissociative functional crises. Diagnosis is essentially clinical, based on positive signs. Additional tests are used to rule out neurological comorbidities and confirm the functional origin. Management is based on a multidisciplinary approach.",Neurology
"Copy Number Variations (CNVs) comprising the distal 1q region 1q43-q44 are associated with neurological impairments, structural brain disorder, and intellectual disability. Here, we report an extremely rare, de novo case of a 1q43-q44 deletion with an adjacent duplication, associated with severe seizures, microcephaly, agenesis of the corpus callosum, and pachygyria, a consequence of defective neuronal migration disorder. We conducted a literature survey to find that our patient is only the second case of such a 1q43-q44 CNV ever to be described. Our data support an association between 1q43-q44 deletions and microcephaly, as well as an association between 1q43-q44 duplications and macrocephaly. We compare and contrast our findings with previous studies reporting on critical 1q43-q44 regions and their constituent genes associated with seizures, microcephaly, and corpus callosum abnormalities [Ballif et al., 2012; Hum Genet 131:145-156; Nagamani et al., 2012; Eur J Hum Genet 20:176-179]. Taken together, our study reinforces the association between 1q43-q44 CNVs and brain disorder.",Neurology
"Brain disorders-encompassing neurological, mental, and substance use disorders-account for 10 of the top 25 causes of disability worldwide according to the Global Burden of Disease (GBD) 2021 study. Despite such an impact, they have not been centrally analyzed in prior GBD studies. This paper synthesizes the latest disability-focused GBD study to quantify the prevalence and disability burden of 35 conditions from 2010 to 2021, a period marking the first decline in global health outcomes in three decades. It further incorporates disability metrics from 2021 to 2023 to contextualize post-pandemic trends. The paper covers the prevalence and disability burden of neurological, mental, and substance use disorders along with COVID-19 using disability-adjusted life-years (DALYs) and years lived with disability (YLDs) metrics. From 2010-2021, Parkinson's, Alzheimer's, and migraine (in neurological disorders), major depressive, anxiety, and eating disorders (in mental disorders), and opioid and drug use disorders (in substance use disorders) showed the greatest increases in age-adjusted prevalence rates across both sexes. In 2021, neurological disorders were the largest contributor to DALYs among brain-disorder categories, while depressive and anxiety disorders ranked as the 2nd and 6th leading causes of global YLDs. Alzheimer's disease/dementias, Parkinson's disease, autism spectrum disorder (ASD), depressive and anxiety disorders, and opioid and drug use disorders showed the largest increases in burden within their respective categories between 2010 and 2021. In both 2021 and 2023, females had higher prevalence rates of overall neurological disorders, headache/migraine, multiple sclerosis, depressive/anxiety disorders, and anorexia nervosa, while males had higher rates of stroke, Parkinson's disease, ASD/ADHD, and substance use disorders. In DALY/YLD metrics, females showed higher rates for anorexia nervosa and multiple sclerosis, and males for ASD, certain neurological disorders, COVID-19, and substance use disorders. In the 2021-2023 extension analysis, disability data showed increases in prevalence and disability of several brain disorders, mostly anxiety disorders, while the COVID-19 disability burden declined markedly by 2023. Further sex-specific disability burden metrics, key insights from each disorder, and limitations/confounds are discussed.",Neurology
"Numerous studies have shown that accurate analysis of neurological disorders contributes to the early diagnosis of brain disorders and provides a window to diagnose psychiatric disorders due to brain atrophy. The emergence of geometric deep learning approaches provides a new way to characterize geometric variations on brain networks. However, brain network data suffer from high heterogeneity and noise. Consequently, geometric deep learning methods struggle to identify discriminative and clinically meaningful representations from complex brain networks, resulting in poor diagnostic accuracy. Hence, the primary challenge in the diagnosis of brain diseases is to enhance the identification of discriminative features. To this end, this paper presents a dual-attention deep manifold harmonic discrimination (DA-DMHD) method for early diagnosis of neurodegenerative diseases. Here, a low-dimensional manifold projection is first learned to comprehensively exploit the geometric features of the brain network. Further, attention blocks with discrimination are proposed to learn a representation, which facilitates learning of group-dependent discriminant matrices to guide downstream analysis of group-specific references. Our proposed DA-DMHD model is evaluated on two independent datasets, ADNI and ADHD-200. Experimental results demonstrate that the model can tackle the hard-to-capture challenge of heterogeneous brain network topological differences and obtain excellent classifying performance in both accuracy and robustness compared with several existing state-of-the-art methods.",Neurology
"Hashimoto's encephalopathy (HE) is a completely treatable but relapsing neuroendocrine disorder associated with Hashimoto's thyroiditis (HT). Though numerous neurological manifestations are often associated with thyroid disorder, this entity is less documented. We are reporting a case of HE in a 65 year old female presenting with sudden onset deep coma following an attack of mild fever and vomiting for two days. Patient was a known diabetic. Hypoglycemic coma, diabetic ketacidosis and hyperosmolar coma were excluded by laboratory investigations. High blood sugar was corrected with insulin. She had hyponatremia and hypokalemia which were corrected with electrolyte replacement. Liver function tests were normal, but serum ammonia was mildly raised. CSF study was normal. Despite correction of her metabolic derangements patient failed to regain her consciousness. CT scan of brain was normal. MRI of brain revealed diffuse brain atrophy. Patient's thyroid function tests were normal but anti-thyroid peroxidase (anti-TPO) antibody was highly raised. EEG showed diffuse slow wave pattern. Intravenous dexamethasone (24 mg/d) was started. Patient regained consciousness slowly over a period of one month. To reduce the toxicity of steroid, oral azathiprine 50 mg/day was added later with tapering of steroid dose. HE must be kept in mind in comatose patients when other metabolic, infective and structural neurological causes have been excluded. Proper and timely treatment can salvage the patient.",Neurology
"This article provides an overview and update on the neurologic manifestations of sarcoidosis. The 2018 Neurosarcoidosis Consortium diagnostic criteria emphasize that biopsy is key for diagnosis and determines the level of diagnostic certainty. Thus, definite neurosarcoidosis requires nervous system biopsy and probable neurosarcoidosis requires biopsy from extraneural tissue. Without biopsy, possible neurosarcoidosis can be diagnosed if the clinical, imaging, and laboratory picture is compatible and other causes are ruled out. Recent large retrospective studies from the United States and France established that infliximab appears to be efficacious when other treatments are inadequate. Sarcoidosis is a multisystem noninfectious granulomatous disorder that is immune mediated, reflecting the response to an as-yet unidentified antigen or antigens. Neurosarcoidosis refers to neurologic involvement due to sarcoidosis that clinically manifests in 5% of cases of sarcoidosis, with asymptomatic involvement in as many as another one in five patients with sarcoidosis. Sarcoid granulomas can occur in any anatomic substrate in the nervous system, causing protean manifestations that have earned neurosarcoidosis the sobriquet the great mimic. Nevertheless, central nervous system sarcoidosis occurs in well-defined presentations that can be classified as cranial neuropathies, meningeal disease, brain parenchymal (including pituitary-hypothalamic) disease, and spinal cord disease. In addition, the peripheral nervous system is affected in the form of peripheral neuropathy and myopathy. Glucocorticoids are the cornerstone of treatment, especially in the acute stage, whereas steroid-sparing agents such as methotrexate, mycophenolate mofetil, and azathioprine are used for prolonged therapy to minimize steroid toxicity. Anti-tumor necrosis factor agents may help in refractory cases.",Neurology
"The total population of 11,865 children of compulsory school age resident on the Isle of Wight was studied to determine the prevalence of epilepsy, cerebral palsy, and other neurological disorders. With the use of reliable methods, children selected from screening of the total population were individually studied by means of parental interviews and questionaries, neurological examination and psychiatric assessment of each child, information from school teachers, and perusal of the records of hospitals and other agencies. The association between organic brain dysfunction and psychiatric disorder was studied by comparing the findings in the children with epilepsy or with lesions above the brain stem (cerebral palsy and similar disorders) with those in (1) a random sample of the general population, (2) children with lesions below the brain stem (for example, muscular dystrophy or paralyses following poliomyelitis), and (3) children with other chronic physical handicaps not involving the nervous system (for example, asthma, heart disease, or diabetes).Psychiatric disorders in children with neuro-epileptic conditions were five times as common as in the general population and three times as common as in children with chronic physical handicaps not involving the brain. It was concluded, on the basis of a study of factors associated with psychiatric disorder, that the high rate of psychiatric disorder in the neuro-epileptic children was due to the presence of organic brain dysfunction rather than just the existence of a physical handicap (though this also played a part). However, organic brain dysfunction was not associated with any specific type of disorder. Within the neuro-epileptic group the neurological features and the type of fit, intellectual/educational factors, and socio-familial factors all interacted in the development of psychiatric disorder.",Neurology
"In recent years, incidence of autoimmune encephalopathies has increased. The diagnosis of the severe form of autoimmune encephalopathy is not difficult; however, milder forms can be misdiagnosed as general encephalopathies. We often treat Hashimoto's encephalopathy, which has diverse clinical symptoms and is often misdiagnosed as a psychosomatic disease. We have found that the neurological findings and symptoms of patients with Hashimoto's encephalopathy are similar to those of psychogenic diseases, such as giveway weakness and atypical sensory disorder. To understand the mechanism underlying these symptoms, we propose a new concept: neurological symptoms of diffuse brain damage. This theory is based on the premise that etiologically, symptoms observed were caused by diffuse, spotty, and shaded brain damage due to autoimmune encephalopathies. We also found similar neurological conditions in patients with anti-ganglionic acetylcholine receptor antibody-related encephalopathy, encephalopathies that developed after injection of the cervical cancer vaccine, and encephalopathies associated with Stiff person syndrome. In conclusion, the clinical features of autoimmune encephalopathy include the ""neurological symptoms of diffuse brain damage"" as well as the presence of antibodies. We could diagnose autoimmune encephalopathy more easily, using this new diagnostic concept.",Neurology
"One of the most alarming and potentially serious complications of Lithium Carbonate therapy is the emergence of central nervous system toxicity. This paper discusses the clinical changes that may occur with illustrative case histories. The role that such factors as serum Lithium levels, sodium balance, organic brain damage, clinical typology, concurrent physical illness and drug interaction play in the genesis of this disorder is discussed. Permanent neurological damage following Lithium poisoning is discussed and guidelines for appropriate use and monitoring of Lithium in psychiatric disorders is outlined.",Neurology
"Immune processes have a vital role in CNS homeostasis, resilience and brain reserve. Our cognitive and social abilities rely on a highly sensitive and fine-tuned equilibrium of immune responses that involve both innate and adaptive immunity. Autoimmunity, chronic inflammation, infection and psychosocial stress can tip the scales towards disruption of higher-order networks. However, not only classical neuroinflammatory diseases, such as multiple sclerosis and autoimmune encephalitis, are caused by immune dysregulation that affects CNS function. Recent insight indicates that similar processes are involved in psychiatric diseases such as schizophrenia, autism spectrum disorder, bipolar disorder and depression. Pathways that are common to these disorders include microglial activation, pro-inflammatory cytokines, molecular mimicry, anti-neuronal autoantibodies, self-reactive T cells and disturbance of the blood-brain barrier. These discoveries challenge our traditional classification of neurological and psychiatric diseases. New clinical paths are required to identify subgroups of neuropsychiatric disorders that are phenotypically distinct but pathogenically related and to pave the way for mechanism-based immune treatments. Combined expertise from neurologists and psychiatrists will foster translation of these paths into clinical practice. The aim of this Review is to highlight outstanding findings that have transformed our understanding of neuropsychiatric diseases and to suggest new diagnostic and therapeutic criteria for the emerging field of immunoneuropsychiatry.",Neurology
"Subiculum is a pivotal output component of the hippocampal formation, a structure often overlooked in neuroscientific research. Here, this review aims to explore the role of the subiculum in various brain disorders, shedding light on its significance within the functional-neuroanatomical perspective on neurological diseases. The subiculum's involvement in multiple brain disorders was thoroughly examined. In Alzheimer's disease, subiculum alterations precede cognitive decline, while in epilepsy, the subiculum plays a critical role in seizure initiation. Stress involves the subiculum's impact on the hypothalamic-pituitary-adrenocortical axis. Moreover, the subiculum exhibits structural and functional changes in anxiety, schizophrenia, and Parkinson's disease, contributing to cognitive deficits. Bipolar disorder is linked to subiculum structural abnormalities, while autism spectrum disorder reveals an alteration of inward deformation in the subiculum. Lastly, frontotemporal dementia shows volumetric differences in the subiculum, emphasizing its contribution to the disorder's complexity. Taken together, this review consolidates existing knowledge on the subiculum's role in brain disorders, and may facilitate future research, diagnostic strategies, and therapeutic interventions for various neurological conditions.",Neurology
"Acquired brain pathology can be associated with diverse psychiatric manifestations. Three major types of psychiatric disorders potentially found in cases of acquired brain pathology are examined: (1) psychosis, (2) mood disorders, and (3) personality disorders with special emphasis in so-called ""acquired psychopathy."" Two types of psychotic manifestations are reviewed: (a) Schizophrenia-like psychosis; (b) Other delusional disorder, specifically, somatoparaphrenia and delusional misidentification syndromes, which include reduplicative paramnesias, Capgras syndrome, Frégoli syndrome, and ""doubles of the self-syndrome."" Schizophrenia-like psychosis has been reported as sequelae of traumatic brain injury with a prevalence of around 1 to 9%. On the other hand, the other delusional disorders are usually associated with right hemisphere or bilateral lesions. The significance of mood disorders particularly in cases of frontal lobe pathology has been reported, including: depression, bipolar disorder, alcohol abuse, panic disorder, and increased risk of suicide are frequently observed. Personality disorders are frequent in cases of brain pathology, particularly frontal lesions. It is concluded that the analysis of the psychiatric changes associated with acquired brain pathology has not only a clinical importance but also a fundamental interest, advancing the understanding of the neurological bases of major psychiatric conditions.",Neurology
"The gut-brain axis (GBA) is a biochemical link that connects the central nervous system (CNS) and enteric nervous system (ENS). Clinical and experimental evidence suggests gut microbiota as a key regulator of the GBA. Microbes living in the gut not only interact locally with intestinal cells and the ENS but have also been found to modulate the CNS through neuroendocrine and metabolic pathways. Studies have also explored the involvement of gut microbiota dysbiosis in depression, anxiety, autism, stroke, and pathophysiology of other neurodegenerative diseases. Recent reports suggest that microbe-derived metabolites can influence host metabolism by acting as epigenetic regulators. Butyrate, an intestinal bacterial metabolite, is a known histone deacetylase inhibitor that has shown to improve learning and memory in animal models. Due to high disease variability amongst the population, a multi-omics approach that utilizes artificial intelligence and machine learning to analyze and integrate omics data is necessary to better understand the role of the GBA in pathogenesis of neurological disorders, to generate predictive models, and to develop precise and personalized therapeutics. This review examines our current understanding of epigenetic regulation of the GBA and proposes a framework to integrate multi-omics data for prediction, prevention, and development of precision health approaches to treat brain disorders.",Neurology
"A 48-year-old man presented with long-standing symptoms of major depression in the absence of markedly abnormal neurological findings or structural brain alterations. Antidepressive treatment, including medication and psychotherapy, had not led to significant improvement. The EEG, cerebrospinal fluid (CSF) analysis, fluorodeoxyglucose-positron emission tomography and neuropsychological testing showed pathological findings. An epileptic state provided further evidence for an organic encephalopathy. Extensively elevated thyroid-antibodies in the serum and CSF, as well as the rapid and sustained recovery after intravenous treatment with prednisolone, pointed to the diagnosis of a primarily psychiatric manifestation of a steroid responsive encephalopathy associated with autoimmune thyroiditis (SREAT).",Neurology
"Recent years have seen a profound resurgence of activity with nonhuman primates (NHPs) to model human brain disorders. From marmosets to macaques, the study of NHP species offers a unique window into the function of primate-specific neural circuits that are impossible to examine in other models. Examining how these circuits manifest into the complex behaviors of primates, such as advanced cognitive and social functions, has provided enormous insights to date into the mechanisms underlying symptoms of numerous neurological and neuropsychiatric illnesses. With the recent optimization of modern techniques to manipulate and measure neural activity in vivo, such as optogenetics and calcium imaging, NHP research is more well-equipped than ever to probe the neural mechanisms underlying pathological behavior. However, methods for behavioral experimentation and analysis in NHPs have noticeably failed to keep pace with these advances. As behavior ultimately lies at the junction between preclinical findings and its translation to clinical outcomes for brain disorders, approaches to improve the integrity, reproducibility, and translatability of behavioral experiments in NHPs requires critical evaluation. In this review, we provide a unifying account of existing brain disorder models using NHPs, and provide insights into the present and emerging contributions of behavioral studies to the field.",Neurology
"To test the hypothesis of 'horizontal epidemiology', i.e. that psychosocial difficulties (PSDs), such as sleep disturbances, emotional instability and difficulties in personal interactions, and their environmental determinants are experienced in common across neurological and psychiatric disorders, together called brain disorders. A multi-method study involving systematic literature reviews, content analysis of patient-reported outcomes and outcome instruments, clinical input and a qualitative study was carried out to generate a pool of PSD and environmental determinants relevant for nine different brain disorders, namely epilepsy, migraine, multiple sclerosis, Parkinson's disease, stroke, dementia, depression, schizophrenia and substance dependency. Information from these sources was harmonized and compiled, and after feedback from external experts, a data collection protocol including PSD and determinants common across these nine disorders was developed. This protocol was implemented as an interview in a cross-sectional study including a convenience sample of persons with one of the nine brain disorders. PSDs endorsed by at least 25% of patients with a brain disorder were considered associated with the disorder. PSD were considered common across disorders if associated to 5 out of the 9 brain disorders and if among the 5 both neurological and psychiatric conditions were represented. The data collection protocol with 64 PSDs and 20 determinants was used to collect data from a convenience sample of 722 persons in four specialized health care facilities in Europe. 57 of the PSDs and 16 of the determinants included in the protocol were found to be experienced across brain disorders. This is the first evidence that supports the hypothesis of horizontal epidemiology in brain disorders. This result challenges the brain disorder-specific or vertical approach in which clinical and epidemiological research about psychosocial difficulties experienced in daily life is commonly carried in neurology and psychiatry and the way in which the corresponding health care delivery is practiced in many countries of the world.",Neurology
"The neurological disorder associated with thyroid autoimmunity is an elusive disease that neurologists have learned to recognize in the last few years. The diagnosis is made, after excluding more common diseases, when neuropsychiatric symptoms develop in a patient with high serum concentrations of anti-thyroid antibodies. The clinical presentations of the disease and the many controversial issues surrounding the diagnosis, the pathogenesis, the role of thyroid autoantibodies, and the choice of therapy are reviewed and discussed in the light of the medical literature in English.",Neurology
"Functional neurological disorders are disorders at the intersection of two disciplines: neurology and psychiatry. The psychiatric team is involved when the diagnosis is made and announced to the patient by the neurologist. The aim is to gain an overall view of the patient's situation and disorder, and to identify the mechanisms involved, in order to offer individualized, multidisciplinary care tailored to the assessed needs.",Neurology
"Neonatal encephalopathy is a common central nervous system disorder of neonatal foals and human infants, resulting in clinical signs such as lethargy, inappropriate behavior, seizures, and other neurologic deficits. Although neonatal encephalopathy is frequently seen in equine practice, a paucity of veterinary clinical and basic science research data is available. Therefore, the pathophysiologic mechanisms of this disorder in equids, such as energy deprivation, excess excitatory amino acids, and free radical injury, have been extrapolated from human medicine. Equine veterinarians have used various diagnostic and therapeutic regimens from human medicine with reasonable success in equine patients. Understanding the potential pathophysiologic mechanisms involved in neonatal encephalopathy can facilitate management of affected foals.",Neurology
"Mutations occur during cell division in all somatic lineages. Because neurogenesis persists throughout human life, somatic mutations in the brain arise during development and accumulate with the aging process. The human brain consists of 100 billion neurons that form an extraordinarily intricate network of connections to achieve higher level cognitive functions. Due to this network architecture, perturbed neuronal functions are rarely restricted to a focal area; instead, they are often spread via the neuronal network to affect other connected areas. Although somatic diversity is an evident feature of the brain, the extent to which somatic mutations affect the neuronal structure and function and their contribution to neurological disorders associated with disrupted brain connectivity remain largely unexplored. Notably, recent reports indicate that brain somatic mutations can indeed play a critical role that leads to the structural and functional abnormalities of the brain observed in several neurodevelopmental disorders. Here, I review the extent and significance of brain somatic mutations and provide my perspective regarding these mutations as potential molecular lesions underlying relatively common conditions with disrupted brain connectivity. Moreover, I discuss emerging technical platforms that will facilitate the detection of low-frequency somatic mutations and validate the biological functions of the identified mutations in the context of brain connectivity.",Neurology
"The functional brain network (FBN) serves as an important tool for investigating neurological and mental disorders. Unlike many traditional networks whose structures are often known in advance, FBNs need to be estimated from neuroimaging or electrophysiological data, and their quality generally determines the performance of downstream tasks, particularly in disorder detection. Recent studies have shown that high-order FBNs tend to achieve better discriminative performance, while some other work indicates that increasing the order of FBN does not necessarily bring additional gains in discriminative performance and may even lead to a rapid decline in discriminability. To fully leverage information across different-order FBNs and identify optimal order for downstream tasks, we design an adaptive high-order FBN fusion learning framework (AHFL) with attention mechanism for brain disorder detection. Specifically, we first construct a series of FBNs with continuously increasing orders and propose a data-driven approach to evaluate each order's contribution to the classification performance. The self-attention mechanism is employed to capture contextual dependencies during the sequential generation of multi-order FBNs, thereby offering a natural fusion approach. Experimental evidence shows that the proposed method achieves superior performance compared to the baseline. In particular, we find that third-order FBN is achieved the highest weights, playing a crucial role for the detection of autism spectrum disorder (ASD), whereas second-order FBN is the most effective for identifying patients with major depressive disorder (MDD). Our findings advance the identification of discriminative high-order FBNs and establish a generalizable diagnostic framework for brain disorders.",Neurology
"Gluten sensitivity is a systemic autoimmune disease with diverse manifestations. This disorder is characterised by abnormal immunological responsiveness to ingested gluten in genetically susceptible individuals. Coeliac disease, or gluten-sensitive enteropathy, is only one aspect of a range of possible manifestations of gluten sensitivity. Although neurological manifestations in patients with established coeliac disease have been reported since 1966, it was not until 30 years later that, in some individuals, gluten sensitivity was shown to manifest solely with neurological dysfunction. Furthermore, the concept of extraintestinal presentations without enteropathy has only recently become accepted. In this Personal View, we review the range of neurological manifestations of gluten sensitivity and discuss recent advances in the diagnosis and understanding of the pathophysiological mechanisms underlying neurological dysfunction related to gluten sensitivity.",Neurology
"Urea cycle disorders encompass several enzyme deficiencies that can result in cerebral damage, with a wide clinical spectrum from asymptomatic to severe. The goal of this study was to correlate brain MRI abnormalities in urea cycle disorders with clinical neurological sequelae to evaluate whether MRI abnormalities can assist in guiding difficult treatment decisions. We performed a retrospective chart review of patients with urea cycle disorders and symptomatic hyperammonemia. Brain MRI images were reviewed for abnormalities that correlated with severity of clinical neurological sequelae. Our case series comprises six urea cycle disorder patients, five with ornithine transcarbamylase deficiency and one with citrullinemia type 1. The observed trend in distribution of brain MRI abnormalities as the severity of neurological sequelae increased was the peri-insular region first, extending into the frontal, parietal, temporal and, finally, the occipital lobes. There was thalamic restricted diffusion in three children with prolonged hyperammonemia. Prior to death, this site is typically reported to be spared in urea cycle disorders. The pattern and extent of brain MRI abnormalities correlate with clinical neurological outcome in our case series. This suggests that brain MRI abnormalities may assist in determining prognosis and helping clinicians with subsequent treatment decisions.",Neurology
"Neurologic disorders can produce ""secondary"" mania. Clinicians must distinguish secondary mania from primary, idiopathic manic-depressive illness (MBI). In addition to medical and drug-induced causes of secondary mania, neurologic causes usually develop in older patients who may lack a strong family history of MDI. Neurologic causes of mania include focal strokes in the right basotemporal or inferofrontal region, strokes or tumors in the perihypothalamic region, Huntington's disease and other movement disorders, multiple sclerosis and other white matter diseases, head trauma, infections such as neurosyphilis and Creutzfeldt-Jakob disease, and frontotemporal dementia. Patients with new-onset mania require an evaluation that includes a thorough history, a neurologic examination, neuroimaging, and other selected tests. The management of patients with neurologic mania involving correcting the underlying disorder when possible and the judicious use of drugs such as the anticonvulsant medications.",Neurology
"Secondary metabolic encephalopathy is a diffuse disorder of the brain caused by an extracerebral process. Underlying causes include oxygen deprivation, systemic metabolic disease, and drug intoxication. Symptoms and signs usually suggest a generalized disturbance of brain function: alterations in the level of consciousness; diffuse and, occasionally, focal motor abnormalities; and seizures. Electroencephalography in most instances gives evidence of generalized neuronal disturbance. Early diagnosis is important because encephalopathy secondary to an extracerebral process is potentially reversible. Treatment is directed toward reversal or control of the underlying process, supportive care, and prevention of complications such as infection, electrolyte imbalance, and cerebral edema.",Neurology
"Nitric Oxide Synthase 1 Adaptor Protein (NOS1AP, previously named CAPON) was firstly identified in rat brain in 1998. Structurally, NOS1AP consists of a phosphotyrosine-binding (PTB) domain at its N-terminal and a PDZ (PSD-95/discs-large/ZO-1) ligand motif at its C-terminal. The PTB domain of NOS1AP mediates the interactions with Dexras1, scribble, and synapsins. The PDZ ligand motif of NOS1AP binds to the PDZ domain of NOS1, the enzyme responsible for nitric oxide synthesis in the nervous system. NOS1AP is implicated in Dexras1 activation, neuronal nitric oxide production, Hippo pathway signaling, and dendritic development through the association with these important partners. An increasing body of evidence is pointing to the significant roles of NOS1AP in excitotoxic neuronal damage, traumatic nervous system injury, bipolar disorder, and schizophrenia. However, the study progress in NOS1AP in neurological or psychiatric diseases, has not been systematically reviewed. Here we introduce the expression, structure, and isoforms of NOS1AP, then summarize the physiological roles of NOS1AP, and discuss the relationships between NOS1AP alterations and the pathophysiology of some neurological and psychiatric disorders. The review will promote the further investigation of NOS1AP in brain disorders and the development of drugs targeting the NOS1AP PTB domain or PDZ-binding motif in the future.",Neurology
"In this paper we reframe febrile seizures, which are viewed as a symptom of an underlying brain disorder. The general observation is that a small cohort of children will develop febrile seizures (2-5% in the West), while the greater majority will not. This suggests that the brain that generates a seizure, in an often-mild febrile context, differs in some ways from the brain that does not. While the underlying brain disorder appears to have no significant adverse implication in the majority of children with febrile seizures, serious long-term outcomes (cognitive and neuropsychiatric) have been recently reported, including sudden death. These adverse events likely reflect the underlying intrinsic brain pathology, as yet undefined, of which febrile seizures are purely a manifestation and not the primary cause. A complex interaction between brain-genetics-epigenetics-early environment is likely at play. In view of this emerging data, it is time to review whether febrile seizures are a single entity, with a new and multidimensional approach needed to help with predicting outcome. WHAT THIS PAPER ADDS: A febrile seizure is due to a brain's aberrant response to high temperature. Problems in a small group of children are now being identified later in life. There is no clear correlation between duration or other characteristics of febrile seizures and subsequent mesial temporal sclerosis.",Neurology
"Resting-state functional magnetic resonance imaging (rs-fMRI) offers a non-invasive approach to examining abnormal brain connectivity associated with brain disorders. Graph neural network (GNN) gains popularity in fMRI representation learning and brain disorder analysis with powerful graph representation capabilities. Training a general GNN often necessitates a large-scale dataset from multiple imaging centers/sites, but centralizing multi-site data generally faces inherent challenges related to data privacy, security, and storage burden. Federated Learning (FL) enables collaborative model training without centralized multi-site fMRI data. Unfortunately, previous FL approaches for fMRI analysis often ignore site-specificity, including demographic factors such as age, gender, and education level. To this end, we propose a specificity-aware federated graph learning (SFGL) framework for rs-fMRI analysis and automated brain disorder identification, with a server and multiple clients/sites for federated model aggregation and prediction. At each client, our model consists of a shared and a personalized branch, where parameters of the shared branch are sent to the server while those of the personalized branch remain local. This can facilitate knowledge sharing among sites and also helps preserve site specificity. In the shared branch, we employ a spatio-temporal attention graph isomorphism network to learn dynamic fMRI representations. In the personalized branch, we integrate vectorized demographic information (i.e., age, gender, and education years) and functional connectivity networks to preserve site-specific characteristics. Representations generated by the two branches are then fused for classification. Experimental results on two fMRI datasets with a total of 1218 subjects suggest that SFGL outperforms several state-of-the-art approaches.",Neurology
"This study aims to investigate the effects of childhood maltreatment on neurological soft signs (NSS) associated with certain brain area in depressive patients. One hundred three depressive patients were enrolled into this study, and evaluated by Childhood Trauma Questionnaire (CTQ), brain area-related neurological examination scale, 24-item Hamilton Rating scale (HAMD24), the scale for suicidal ideation (SSI) and Beck Hopelessness Scale (BHS). Patients undergoing childhood maltreatment exhibited higher frontal area-related NSS scores than patients without childhood maltreatment experience. Patients experiencing childhood emotional or physical neglect displayed more frontal area-related NSS compared to their respective non-maltreatment group. Moreover, physical neglect maltreatment caused more temporal area-related NSS. Patients suffering from childhood sexual abuse had more frontal, temporal and occipital area-related NSS than patients lacking experience of childhood sexual abuse. Further correlation analysis revealed that the total score of maltreatment positively correlated with frontal and temporal area-related NSS score. There was a positive correlation between emotional abuse, emotional neglect or physical abuse and frontal area-related NSS. Physical neglect and sexual abuse were positively associated with the temporal area-related NSS score. HAMD24 score was positively correlated with all brain area-related NSS score; The SSI score correlated with three area (excluded occipital area)-related NSS score. The BHS score only positively correlated with frontal area score of NSS. Finally, no significant association was found between suicidal frequencies and brain area-related NSS score. Childhood maltreatment adversely affects the brain of depressive patients; the different maltreatment may impair different brain areas, especially frontal and temporal areas.",Neurology
"Child molestation or other pedophilic behavior may result as a consequence of a brain disorder. To characterize the mechanisms of pedophilic behavior associated with neurological diseases. We report eight patients with pedophilic behavior as a manifestation of their brain disorder and review the literature. The sexual, neuropsychiatric, and neurological aspects of a series of patients. All eight developed sexual behavior toward prepubescent children in mid- to late-life coincident with the development of a neurological disorder. Five had limited insight, anxiety, or concern for their behavior and tended to have frontal lobe executive deficits. Most of this group had frontally predominant disorders. Two others retained insight and concern in the context of marked hypersexuality. This second group had treated Parkinson's disease and resembled reports of pedophilic behavior from subcortical lesions. The further presence of right temporal lobe-amygdala involvement may have predisposed to specific sexual preoccupation in some patients. Brain disorders may release a predisposition to sexual attraction for children through disinhibition with frontal disease, sexual preoccupation with right temporal disease, or hypersexuality with subcortical disease in non-motor basal ganglia, hypothalamus, or septal nuclei. Differentiating these mechanisms of pedophilic behavior from brain disease could facilitate targeted interventions.",Neurology
"Epigenetic pharmacotherapy for CNS-related diseases is a burgeoning area of research. In particular, members of the bromodomain and extra-terminal domain (BET) family of proteins have emerged as intriguing therapeutic targets due to their putative involvement in an array of brain diseases. With their ability to bind to acetylated histones and act as a scaffold for chromatin modifying complexes, BET proteins were originally thought of as passive epigenetic 'reader' proteins. However, new research depicts a more complex reality where BET proteins act as key nodes in lineage-specific and signal-dependent transcriptional mechanisms to influence disease-relevant functions. Amid a recent wave of drug development efforts from basic scientists and pharmaceutical companies, BET inhibitors are currently being studied in several CNS-related disease models, but safety and tolerability remain a concern. Here we review the progress in understanding the neurobiological mechanisms of BET proteins and the therapeutic potential of targeting BET proteins for brain health and disease.",Neurology
"Hashimoto's encephalopathy (HE) is a rare neurological disorder. Early diagnosis and treatment are critical to prevent irreversible brain damage. In the present study, we aimed to describe and classify HE on the basis of clinical, neuroimaging, and EEG findings. We retrospectively reviewed the clinical, radiological, and electrophysiological findings in patients who showed both neurological symptoms and high titers of anti-thyroid antibodies, and who were admitted between 2006 and 2012. Our patients were classified into two groups: those presenting seizures (group 1) and those with diffuse encephalopathies (group 2). Group 1 contained two patients. Patient 1, who showed verbal memory disturbance, focal MRI lesions, and partial seizure activity on EEG, recovered with antiepileptic and steroid treatments. Five of six patients assigned to group 2 were treated with steroids and showed significant improvement. One patient treated with azathioprine showed moderate improvement. Four of these patients had accompanying metabolic disturbances. HE is a treatable neurologic disorder with different subtypes, each with its own clinical manifestations and treatment options. HE can be difficult to identify and requires careful and attentive clinical observation for diagnosis.",Neurology
"Involuntary emotional expression disorder (IEED) is a syndrome in which emotional or affective motor control becomes dysregulated as a result of brain damage from neurological disease or as a result of brain injury. A debilitating disorder with persistent symptoms, IEED has a significant impact upon the lives of patients and caregivers, but is often overlooked or misdiagnosed. IEED is a clinically well-defined disorder, and specific criteria may be used when making a diagnosis. It must be distinguished from depression or other psychological and neurological conditions. Several assessment scales have been validated for use in IEED, in order to evaluate the baseline severity and to track the course of the disorder and response to treatment.",Neurology
"The objective of this study was to describe the clinical manifestations; radiographic, audiometric, and retinal fluorescein angiography findings; pathogenesis and treatment of Susac syndrome with review of the literature. We conducted a retrospective case review. This study was conducted at a tertiary referral center. A 50-year-old woman presented with recurrent episodes of neurologic symptoms, bilateral sensorineural hearing loss, and silent retinal artery occlusion. The patient underwent complete evaluation, including magnetic resonance image studies, audiometric tests, and retinal fluorescein angiography. She was treated initially with corticosteroids and later with other immunosuppressive agents. The patient was initially diagnosed with left sudden sensorineural hearing loss. Despite comprehensive clinical and laboratory studies that did not reveal systemic disease, 3 weeks later, the patient developed vertigo, sensorineural hearing loss, and tinnitus in the opposite ear. The neurologic involvement and the bilateral audiologic manifestations raised the possibility of Susac syndrome. Susac syndrome is a rare disorder of unknown origin characterized by the triad of encephalopathy, fluctuating hearing loss, and visual loss resulting from microangiopathy of the brain, cochlea, and retina. The multiple organ involvement seen in Susac syndrome raises a differential diagnosis ranging from autoimmune disease, through systemic vasculitis, to multiple sclerosis. Otolaryngologists should be aware of this syndrome as a result of the vestibulocochlear manifestations and the multidisciplinary evaluation that is required.",Neurology
"Numerous developments have improved the safety and efficacy of electroconvulsive therapy (ECT) in recent years, so that ECT is now one of the safest forms of treatment under anesthesia. The indications for psychiatric patients are clearly defined. ECT is also under discussion with respect to certain neurological disorders. This discussion has, however, been largely ignored by the German medical profession. Critical evaluation of previous experience, especially in the United States and in Scandinavia, reveals some clinical situations (e.g., akinetic crisis in Parkinson's disease) in which a primary neurological indication for ECT might be present. ECT is frequently indicated in other brain diseases if pronounced psychopathological disturbances (especially of a depressive type) occur and fail to respond to conventional treatment with psychotropic drugs. ECT may then be indicated on a case-by-case basis. ECT should not be withheld from such patients; on the other hand, there is the risk of uncontrolled expansion of these indications for ECT.",Neurology
"Organic factors are thought to be important in late-life depressive disorder but there have been few studies specifically of neurological signs. To compare neurological signs in a group of patients with late-onset depression and in healthy controls. A case-control study comparing 50 patients with depression and 35 controls on three measures of central nervous system (CNS) signs: a structured CNS examination, the Neurological Evaluation Scale (NES) and the Webster rating scale for parkinsonism. After adjusting for major depression at the time of evaluation and prescription of tranquillisers, ratings on two of the NES sub-scales (complex motor sequencing and 'other' signs) and on the Webster scale were significantly higher (more impaired) in patients compared with controls (P<0.05). With logistic regression, the NES was the main measure predictive of group outcome. There were no differences in scores of vascular risk or white matter but patients had patients had more atrophy. The findings add to the evidence that late-life depression is associated with organic brain dysfunction, perhaps mediated by neurodegeneration or subtle vascular impairment. The use of the NES in subjects with depression should be replicated.",Neurology
"Assessment of neurologic injury and the evolution of severe neurologic injury is limited in comatose or critically ill patients that lack a reliable neurologic examination. For common yet severe pathologies such as the comatose state after cardiac arrest, aneurysmal subarachnoid hemorrhage (aSAH), and severe traumatic brain injury (TBI), critical medical decisions are made on the basis of the neurologic injury. Decisions regarding active intensive care management, need for neurosurgical intervention, and withdrawal of care, depend on a reliable, high-quality assessment of the true state of neurologic injury, and have traditionally relied on limited assessments such as intracranial pressure monitoring and electroencephalogram. However, even within TBI there exists a spectrum of disease that is likely not captured by such limited monitoring and thus a more directed effort towards obtaining a more robust biophysical signature of the individual patient must be undertaken. In this review, multimodal monitoring including the most promising serum markers of neuronal injury, cerebral microdialysis, brain tissue oxygenation, and pressure reactivity index to access brain microenvironment will be discussed with their utility among specific pathologies that may help determine a more complete picture of the neurologic injury state for active intensive care management and long-term outcomes. Goal-directed therapy guided by a multi-modality approach appears to be superior to standard intracranial pressure (ICP) guided therapy and should be explored further across multiple pathologies. Future directions including the application of optogenetics to evaluate brain injury and recovery and even as an adjunct monitoring modality will also be discussed.",Neurology
"Human organoids are small, self-organized, three-dimensional (3D) tissue cultures that have started to revolutionize medical science in terms of understanding disease, testing pharmacologically active compounds, and offering novel ways to treat disease. Organoids of the liver, kidney, intestine, lung, and brain have been developed in recent years. Human brain organoids are used for understanding pathogenesis and investigating therapeutic options for neurodevelopmental, neuropsychiatric, neurodegenerative, and neurological disorders. Theoretically, several brain disorders can be modeled with the aid of human brain organoids, and hence the potential exists for understanding migraine pathogenesis and its treatment with the aid of brain organoids. Migraine is considered a brain disorder with neurological and non-neurological abnormalities and symptoms. Both genetic and environmental factors play essential roles in migraine pathogenesis and its clinical manifestations. Several types of migraines are classified, for example, migraines with and without aura, and human brain organoids can be developed from patients with these types of migraines to study genetic factors (e.g., channelopathy in calcium channels) and environmental stressors (e.g., chemical and mechanical). In these models, drug candidates for therapeutic purposes can also be tested. Here, the potential and limitations of human brain organoids for studying migraine pathogenesis and its treatment are communicated to generate motivation and stimulate curiosity for further research. This must, however, be considered alongside the complexity of the concept of brain organoids and the neuroethical aspects of the topic. Interested researchers are invited to join the network for protocol development and testing the hypothesis presented here.",Neurology
"Rosai-Dorfman disease is a common benign lymphomatous disorder that involves the lymph nodes and other solid organs. Neurological involvement is rare, and an isolated intracranial Rosai-Dorfman lesion even rarer. Whether isolated intracranial Rosai-Dorfman lesions should be defined as Rosai-Dorfman disease or intradural histiocytosis remains debatable. Although these intracranial masses may radiologically mimic a meningioma, some have diagnostically specific radiological appearances. Because isolated intracranial Rosai-Dorfman lesions are so rarely described their best treatment is controversial. Most patients described in published reports underwent surgery followed in selected cases by adjuvant radiotherapy. Medical therapies achieve conflicting results. Our two case reports, a patient with isolated dural intracranial Rosai-Dorfman lesions and another with multiple intracranial lesions, both without lymphadenopathy, should be of interest to neuroradiologists and neurosurgeons managing similar cases.",Neurology
"Zebrafish (Danio rerio) have emerged as a pivotal model organism in translational neuroscience, neuropharmacology and CNS disorder research, leveraging their striking anatomical and physiological parallels to humans. With a brain architecture and functional pathways that are closely similar to those of humans, zebrafish enable critical insights into brain development, neuro-circuitry and disease mechanisms. Notably, zebrafish have a number of benefits over more conventional mammalian models like mice and rats, including their rapid development, optical transparency allowing for real-time imaging and capacity to perform high-throughput genetic and pharmacological screens inexpensively. The combination of vertebrate complexity and experimental tractability that zebrafish possesses renders them uniquely placed for large-scale investigations of brain function and disease. This review synthesizes recent advancements in utilizing zebrafish to model brain disorders such as depression, anxiety, psychoses, autism spectrum disorders, cognitive impairments and drug-induced neurobehavioural alterations. By integrating findings from genetic, pharmacological and behavioural studies, we underscore zebrafish's unique advantages, including genetic tractability, cost-efficiency, high-throughput screening capacity and conserved neuroendocrine and behavioural responses. These features facilitate the exploration of complex neuropsychological processes and drug-brain interactions, bridging gaps between molecular mechanisms and behavioural outcomes. Zebrafish models have proven instrumental in unravelling the neurobiological underpinnings of human psychiatric and neurological disorders, offering a versatile platform for studying gene-environment interactions, neurodevelopmental trajectories and pharmacological interventions. Their translational relevance is further enhanced by rapid developmental cycles, optical transparency during early stages and robust behavioural assays that capture nuanced phenotypes. This review highlights the transformative role of zebrafish in accelerating drug discovery, optimizing neuropharmacological screening and advancing personalized therapeutic strategies. By consolidating evidence from diverse studies, we highlight zebrafish's capacity to address fundamental questions in neuroscience while fostering innovative approaches to diagnose, treat and prevent brain disorders, ultimately driving progress towards precision medicine in neurology and psychiatry.",Neurology
"The increased risk for neurodegenerative and neuropsychiatric disorders associated with extended lifespan has long suggested mechanistic links between chronological age and brain-related disorders, including depression, Recent characterizations of age-dependent gene expression changes now show that aging of the human brain engages a specific set of biological pathways along a continuous lifelong trajectory, and that the same genes that are associated with normal brain aging are also frequently and similarly implicated in depression and other brain-related disorders. These correlative observations suggest a model of age-by-disease molecular interactions, in which brain aging promotes biological changes associated with diseases, and additional environmental factors and genetic variability contribute to defining disease risk or resiliency trajectories. Here we review the characteristic features of brain aging in terms of changes in gene function over time, and then focus on evidence supporting accelerated molecular aging in depression. This proposed age-by-disease biological interaction model addresses the current gap in research between ""normal"" brain aging and its connection to late-life diseases. The implications of this model are profound, as it provides an investigational framework for identifying critical moderating factors, outlines opportunities for early interventions or preventions, and may form the basis for a dimensional definition of diseases that goes beyond the current categorical system.",Neurology
"A thorough evaluation of patients with neurological diseases undergoing surgery can reduce perioperative morbidity and mortality, especially stroke. Various neurological disorders and neurosurgical procedures may influence the nature and extent of preoperative evaluation, selection and conduct of anesthesia, and perioperative management and care. Although anesthesiologists primarily perform a preoperative evaluation of neurological patients, neurologists can contribute further valuable information about the neurological condition and perioperative management of various neurological diseases to obtain the best possible outcome. This article outlines the basic elements of preoperative evaluation and highlights specific considerations for neurological patients undergoing surgery.",Neurology
"Spike-timing-dependent synaptic plasticity (STDP) is a leading cellular model for behavioral learning and memory with rich computational properties. However, the relationship between the millisecond-precision spike timing required for STDP and the much slower timescales of behavioral learning is not well understood. Neuromodulation offers an attractive mechanism to connect these different timescales, and there is now strong experimental evidence that STDP is under neuromodulatory control by acetylcholine, monoamines, and other signaling molecules. Here, we review neuromodulation of STDP, the underlying mechanisms, functional implications, and possible involvement in brain disorders.",Neurology
"Recent work has revealed the impact of deficits of attention on patients with neurological disorders. Here we discuss therapeutic interventions that have been used across a range of conditions, highlighting common themes both in the nature of the attention deficits and the strategies employed to treat them. Cholinesterase inhibitors improve attention, as well as memory, in several conditions including cortical Lewy body disease, Parkinson's disease dementia, traumatic brain injury and Alzheimer's disease. Recent studies suggest that cholinergic stimulation may boost attention further if more specific nicotinic cholinergic agonists are used, or if cholinesterase inhibitors are combined with other agents. Monoaminergic drugs have been shown to improve attention in traumatic brain injury, attention-deficit hyperactivity disorder and hemispatial neglect following right-hemisphere stroke. New compounds targeting other neurotransmitter systems are currently being tested, while several types of behavioural intervention have shown promise, particularly in stroke patients. Pharmacological and behavioural interventions can improve attention in neurological patients. In the future, optimum therapy may depend on careful delineation of the components of attention that are impaired as well as assessment of the potential for surviving brain regions to compensate for attention deficits.",Neurology
"Brain functional network (BFN) analysis has become a popular method for identifying neurological diseases at their early stages and revealing sensitive biomarkers related to these diseases. Due to the fact that BFN is a graph with complex structure, graph convolutional networks (GCNs) can be naturally used in the identification of BFN, and can generally achieve an encouraging performance if given large amounts of training data. In practice, however, it is very difficult to obtain sufficient brain functional data, especially from subjects with brain disorders. As a result, GCNs usually fail to learn a reliable feature representation from limited BFNs, leading to overfitting issues. In this paper, we propose an improved GCN method to classify brain diseases by introducing a self-supervised learning (SSL) module for assisting the graph feature representation. We conduct experiments to classify subjects with mild cognitive impairment (MCI) and autism spectrum disorder (ASD) respectively from normal controls (NCs). Experimental results on two benchmark databases demonstrate that our proposed scheme tends to obtain higher classification accuracy than the baseline methods.",Neurology
"Growing evidence highlights the relevance of microbiota-gut-brain axis in the maintenance of brain homeostasis as well as in the pathophysiology of major neurological and psychiatric disorders, including Parkinson's disease (PD), Alzheimer's disease (AD), multiple sclerosis (MS), autism spectrum disorder (ASD) and major depressive disorder (MDD). In particular, changes in gut microbiota can promote enteric and peripheral neurogenic/inflammatory responses, which, in turn, could contribute to neuroinflammation and neurodegeneration in the central nervous system (CNS). Of note, the nucleotide-binding oligomerization domain leucine rich repeat and pyrin domain-containing protein 3 (NLRP3) inflammasome acts as a key player in both coordinating the host physiology and shaping the peripheral and central immune/inflammatory responses in CNS diseases. In this context, there is pioneering evidence supporting the existence of a microbiota-gut-inflammasome-brain axis, in which enteric bacteria modulate, via NLRP3 signaling, inflammatory pathways that, in turn, contribute to influence brain homeostasis. The present review provides an overview of current knowledge on the role of microbiota-gut-inflammasome-brain axis in the major CNS diseases, including PD, AD, MS, ASD and MDD. In particular, though no direct and causal correlation among altered gut microbiota, NLRP3 activation and brain pathology has been demonstrated and in-depth studies are needed in this setting, our purpose was to pave the way to a novel and pioneering perspective on the pathophysiology of CNS disorders. Our intent was also to highlight and discuss whether alterations of microbiota-gut-inflammasome-brain axis support a holistic view of the pathophysiology of CNS diseases, even though each disorder displays a different clinical picture.",Neurology
"Huntington's disease is a neurological disorder caused by the expansion of a polyglutamine tract in the protein huntingtin. Several other neurological diseases also result from the expansion of polyglutamine regions in different proteins. Despite intense efforts, no definitive biochemical or physiological role for huntingtin has been described, nor has a function been assigned to the polyglutamine region in unaffected individuals. This article presents the hypothesis that polyglutamine expansions within huntingtin and other polyglutamine proteins provide a function in and of themselves. Incorporating multiple glutamine residues into a protein during synthesis, and releasing them during protein turnover, may represent a means of minimizing interruptions in brain levels of glutamine and glutamate during periods of malnutrition. The number and variety of different proteins containing polyglutamine expansions can be interpreted as a series of evolutionary ""experiments"" toward a nontoxic form for glutamine storage.",Neurology
"In the recent 5 years (2014-2018), there has been growing interest in the use of machine learning (ML) techniques to explore image diagnosis and prognosis of therapeutic lesion changes within the area of neuroradiology. However, to date, the majority of research trend and current status have not been clearly illuminated in the neuroradiology field. More than 1000 papers have been published during the past 5 years on subject classification and prediction focused on multiple brain disorders. We provide a survey of 209 papers in this field with a focus on top ten active areas of research; i.e., Alzheimer's disease/mild cognitive impairment, brain tumor; schizophrenia, depressive disorders, Parkinson's disease, attention-deficit hyperactivity disorder, autism spectrum disease, epilepsy, multiple sclerosis, stroke, and traumatic brain injury. Detailed information of these studies, such as ML methods, sample size, type of inputted features and reported accuracy, are summarized. This paper reviews the evidences, current limitations and status of studies using ML to assess brain disorders in neuroimaging data. The main bottleneck of this research field is still the limited sample size, which could be potentially addressed by modern data sharing models, such as ADNI.",Neurology
"The role of cultural forces in either promoting or discouraging interpersonal violence is so obvious that it has been allowed to obscure the part played by biologic disorders in determining responses to endogenous and environmental challenges. Neuroscientists and clinicians have demonstrated, however, that aggression has a neuroanatomic and chemical basis, that developmental and acquired brain disorders contribute to recurrent interpersonal violence, that both biologic and sociologic factors are involved, and that to ignore either is to invite error.",Neurology
"Although functional seizures can start at any age, little is known about the individuals for whom onset occurs after the age of 40. It has been proposed that health-related traumatic events are more relevant causal factors for people with 'later-onset functional seizures' than for those whose functional seizures begin earlier in life, however, the illness representations of people with later-onset functional seizures have not yet been investigated. This study aimed to understand the experiences and illness representations of people with later-onset functional seizures. This was a mixed-methods study. People with later-onset functional seizures were recruited via a neurologist's caseload and online membership-led organisations. Semi-structured interview transcripts were analysed using Template Analysis according to the Common-Sense Model (CSM). Self-report measures of demographic and clinical details were collected to characterise the sample and verify themes. Eight people with later-onset functional seizures participated in the study. Illness representations relating to all domains of the CSM as well as an additional theme of 'Triggers' were identified. Functional seizures were characterised as a mysterious brain disorder analogous to a computer malfunction and involving involuntary movements associated with alterations in consciousness. Perceptions of duration were indefinite, and triggers were unknown or at the extremes of autonomic arousal. Half of the sample identified health-related events/trauma as causal. Opinions were divided on 'cumulative life stress' as a causal factor. Most perceived themselves to have limited or no control but having 'control' over seizures was conceptualised as different to reducing their likelihood, frequency, or impact. Later-onset functional seizures were viewed as being more detrimental for caring and financial responsibilities but to have advantages for acceptance. This is the first study to assess the illness representations of people with later-onset functional seizures. Many themes were similar to those identified in samples including people with earlier-onset functional seizures. Health-related trauma or events were the most strongly endorsed perceived causal factor, but with the exception of 'consequences', all representations were characterised by uncertainty. Clinicians should hold in mind the interaction between life stage and the consequences of later-onset functional seizures.",Neurology
"Status epilepticus is an uncommon but life-threatening seizure. Little is known about the risk of recurrent status epilepticus in patients who present with an initial episode. To determine the risk of recurrent status epilepticus in children, we prospectively followed 95 children, identified at the time of their first episode of status epilepticus, for a mean of 29.0 months (range, 4-60 months). The patients' ages ranged from 1 month to 18 years (mean, 4.6 years). The cause of the status epilepticus was classified as idiopathic (n = 24), remote symptomatic (n = 18), febrile (n = 29), acute symptomatic (n = 18), or progressive neurological disorder (n = 6). Sixteen children (17%) had at least 2 episodes of status epilepticus. The risk of recurrent status was 4% (n = 1) in the idiopathic group, 44% (n = 8) in the remote symptomatic group, 3% (n = 1) in the febrile group, 11% (n = 2) in the acute symptomatic group, and 67% (n = 4) in those with progressive neurological disease. Recurrent status epilepticus occurred primarily in neurologically abnormal children. While neurologically abnormal children accounted for 34% (n = 32) of all children with status epilepticus, they comprised 88% (n = 14) of the children with recurrent status epilepticus (p less than 0.001) and all 5 of the children with multiple (greater than or equal to 3) episodes of status (p less than 0.001). Fifteen of 16 children with recurrent status epilepticus were being treated with antiepileptic drugs at the time of recurrence. The morbidity and mortality of status epilepticus were low.(ABSTRACT TRUNCATED AT 250 WORDS)",Neurology
"Brain functional network (BFN) analysis has become a popular technique for identifying neurological/mental diseases. Due to the fact that BFN is a graph, a graph convolutional network (GCN) can be naturally used in the classification of BFN. Different from traditional methods that directly use the adjacency matrices of BFNs to train a classifier, GCN requires an additional input-node features. To our best knowledge, however, there is no systematic study to analyze their influence on the performance of GCN-based brain disorder classification. Therefore, in this study, we conduct an empirical study on various node feature measures, including (1) original fMRI signals, (2) one-hot encoding, (3) node statistics, (4) node correlation, and (5) their combination. Experimental results on two benchmark databases show that different node feature inputs to GCN significantly affect the brain disease classification performance, and node correlation usually contributes higher accuracy compared to original signals and manually extracted statistical features.",Neurology
"The new coronavirus SARS-CoV-2 caused a pandemic that threatened all aspects of life and health while worsening the socio-economic situation of the entire population. COVID-19 affects all organs and organ systems. The symptoms of the affected organs can last for a long time after the acute infection. About 1/3 of patients develop neuropsychiatric signs in the clinical course of the disease. The most common symptoms are mental fog, headache, cognitive changes, behavior changes, muscle weakness, anosmia and ageusia. These symptoms may develop due to a direct effect of the virus on the neurons or hyper reactive immune response. The aim of this article is to describe 2 young adults who developed neuropsychiatric symptoms in the course of Long COVID-19 syndrome. Ischemic vasculitis was proved using CT imaging. We collected data of two younger females who had previously recovered from the acute form of COVID-19 without respiratory complications. They developed in the next 1-2 months a clinical picture of a brain disorder. In both cases, CT and angiography scans of the brain showed signs of ischemic vasculitis. Neurological therapy has led to an improvement of the neuropsychiatric symptoms. Neuropsychiatric disorders in Long Covid syndrome are common and diverse. Two cases of young adults who developed signs of neurological disorder in the post COVID-19 period were presented, and CT scans of the brain showed signs of ischemic vasculitis.",Neurology
"We report instances of fatal leukoencephalopathy associated with the intravenous administration of the antifungal agent amphotericin B (AmB) to a 16-year-old girl treated for acute lymphoblastic leukemia and a 22-year-old man who underwent bone marrow transplantation for a myelodysplastic syndrome. Both received AmB in association with cranial irradiation and developed a subacutely evolving neurologic disorder characterized by personality change and confusion rapidly progressing to akinetic mutism. Neuroimaging studies disclosed diffuse nonenhancing abnormalities of the cerebral, particularly frontal, white matter that included hypodensity on CT and increased signal on T2-weighted MRI. Postmortem examinations demonstrated a diffuse, noninflammatory leukoencephalopathy with florid astrogliosis, demyelination, and infiltration of the hemispheric white matter by foamy macrophages. In neither case was there evidence of opportunistic infection or neoplastic infiltration of the nervous system. We review the evidence that polyene macrolide antibiotics such as AmB are potential leukotoxins.",Neurology
"The cyclical brain disorder of sensory processing accompanying migraine phases lacks an explanatory unified theory. We searched Pubmed for non-invasive neurophysiological studies on migraine and related conditions using transcranial magnetic stimulation, electroencephalography, visual and somatosensory evoked potentials. We summarized the literature, reviewed methods, and proposed a unified theory for the pathophysiology of electrophysiological abnormalities underlying migraine recurrence. All electrophysiological modalities have determined specific changes in brain dynamics across the different phases of the migraine cycle. Transcranial magnetic stimulation studies show unbalanced recruitment of inhibitory and excitatory circuits, more consistently in aura, which ultimately results in a substantially distorted response to neuromodulation protocols. Electroencephalography investigations highlight a steady pattern of reduced alpha and increased slow rhythms, largely located in posterior brain regions, which tends to normalize closer to the attacks. Finally, non-painful evoked potentials suggest dysfunctions in habituation mechanisms of sensory cortices that revert during ictal phases. Electrophysiology shows dynamic and recurrent functional alterations within the brainstem-thalamus-cortex loop varies continuously and recurrently in migraineurs. Given the central role of these structures in the selection, elaboration, and learning of sensory information, these functional alterations suggest chronic, probably genetically determined dysfunctions of the synaptic short- and long-term learning mechanisms.",Neurology
"This article will outline the link between the immune system and cancer, and provide a historical timeline of immunotherapy developmental milestones. Published data and peer reviewed publications/manuscripts, and textbook chapters. Science has provided a greater understanding of the interactions between cancer and the human immune system. As this knowledge has grown, there has been significant progress in the development of clinically effective cancer immunotherapies. Nurses' knowledge of the different types of immunity and the interaction of cancer cells with the immune system provides foundational knowledge for understanding cancer immunotherapy. Familiarity with the history of cancer immunotherapy will allow nurses to better comprehend why immunotherapy is now a pillar of cancer treatment that continues to develop. This knowledge will translate to better understanding and provision of care for patients receiving immunotherapy for the treatment of cancer.",Immunology
"CD8<sup>+</sup> T cells are end effectors of cancer immunity. Most forms of effective cancer immunotherapy involve CD8<sup>+</sup> T cell effector function. Here, we review the current understanding of T cell function in cancer, focusing on key CD8<sup>+</sup> T cell subtypes and states. We discuss factors that influence CD8<sup>+</sup> T cell differentiation and function in cancer through a framework that incorporates the classic three-signal model and a fourth signal-metabolism-and also consider the impact of the tumor microenvironment from a T cell perspective. We argue for the notion of immunotherapies as ""pro-drugs"" that act to augment or modulate T cells, which ultimately serve as the drug in vivo, and for the importance of overall immune health in cancer treatment and prevention. The progress in understanding T cell function in cancer has and will continue to improve harnessing of the immune system across broader tumor types to benefit more patients.",Immunology
"Various cancer therapies have advanced remarkably over the past decade. Unlike the direct therapeutic targeting of tumor cells, cancer immunotherapy is a new strategy that boosts the host's immune system to detect specific cancer cells for efficient elimination. Unfortunately, the efficacy of these treatments has been limited to a fraction of patients within a subset of tumor types, and further studies are still needed to clarify these mechanisms and develop novel approaches to improve the efficacy of cancer immunotherapy. Emerging data suggest that the innate immune system also plays a key role in tumor immunosurveillance and generation of antitumor immune responses. Nanoparticles incorporating immunomodulatory agents can activate immune cells and modulate the tumor microenvironment to enhance antitumor immunity. Such nanoparticle-based cancer immunotherapies have received considerable attention and have been extensively studied in recent years. In this review, we will discuss the anticancer activities of nanoparticles designed to target innate immune pathways, including Toll-like receptor, nucleotide-binding oligomerization domain-like receptor, and retinoic acid-inducible gene-I-like receptor pathways, as well as DNA sensing pathways. In addition, nanoparticles that target key innate immune cell types, such as macrophages, myeloid-derived suppressor cells, dendritic cells, natural killer cells, and neutrophils, also will be investigated. In summary, although further research and clinical studies are still needed to solve the safety concerns and improve the efficacy of nanoplatform-based cancer immunotherapy, the recent studies presented in this review prove that nanoparticle-incorporated cancer immunotherapy is a highly promising treatment for cancer patients.",Immunology
"Immunotherapy has become a powerful clinical strategy for treating cancer. The number of immunotherapy drug approvals has been increasing, with numerous treatments in clinical and preclinical development. However, a key challenge in the broad implementation of immunotherapies for cancer remains the controlled modulation of the immune system, as these therapeutics have serious adverse effects including autoimmunity and nonspecific inflammation. Understanding how to increase the response rates to various classes of immunotherapy is key to improving efficacy and controlling these adverse effects. Advanced biomaterials and drug delivery systems, such as nanoparticles and the use of T cells to deliver therapies, could effectively harness immunotherapies and improve their potency while reducing toxic side effects. Here, we discuss these research advances, as well as the opportunities and challenges for integrating delivery technologies into cancer immunotherapy, and we critically analyse the outlook for these emerging areas.",Immunology
"Cancer immunotherapy is a rapidly evolving concept that has been given the tag ""fifth pillar"" of cancer therapy while radiation therapy, chemotherapy, surgery and targeted therapy remain the other four pillars. This involves the stimulation of the immune system to control tumor growth and it specifically targets the neoplastic cells rather than the normal cells. Conventional chemotherapy has many limitations which include drug resistance, recurrence of cancer and severe adverse effects. Immunology has made major treatment breakthroughs for several cancers such as colorectal cancer, prostate cancer, breast cancer, lung cancer, liver cancer, kidney cancer, stomach cancer, acute lymphoblastic leukaemia etc. Currently, therapeutic strategies harnessing the immune system involve Checkpoint inhibitors, Chimeric antigen receptor T cells (CAR T cells), Monoclonal antibodies, Cancer vaccines, Cytokines, Radio-immunotherapy and Oncolytic virus therapy. The molecular characterization of several tumor antigens (TA) indicates that these TA can be utilized as promising candidates in cancer immunotherapy strategies. Here in this review, we highlight and summarize the different categories of emerging cancer immunotherapies along with the immunologically recognized tumor antigens involved in the tumor microenvironment.",Immunology
"Immunotherapy has emerged as a promising treatment paradigm for many malignancies and is transforming the drug development landscape. Although immunotherapeutic agents have demonstrated clinical efficacy, they are associated with variable clinical responses, and substantial gaps remain in our understanding of their mechanisms of action and specific biomarkers of response. Currently, the number of preclinical models that faithfully recapitulate interactions between the human immune system and tumours and enable evaluation of human-specific immunotherapies in vivo is limited. Humanized mice, a term that refers to immunodeficient mice co-engrafted with human tumours and immune components, provide several advantages for immuno-oncology research. In this Review, we discuss the benefits and challenges of the currently available humanized mice, including specific interactions between engrafted human tumours and immune components, the development and survival of human innate immune populations in these mice, and approaches to study mice engrafted with matched patient tumours and immune cells. We highlight the latest advances in the generation of humanized mouse models, with the aim of providing a guide for their application to immuno-oncology studies with potential for clinical translation.",Immunology
"The clinical relevance of T cells in the control of a diverse set of human cancers is now beyond doubt. However, the nature of the antigens that allow the immune system to distinguish cancer cells from noncancer cells has long remained obscure. Recent technological innovations have made it possible to dissect the immune response to patient-specific neoantigens that arise as a consequence of tumor-specific mutations, and emerging data suggest that recognition of such neoantigens is a major factor in the activity of clinical immunotherapies. These observations indicate that neoantigen load may form a biomarker in cancer immunotherapy and provide an incentive for the development of novel therapeutic approaches that selectively enhance T cell reactivity against this class of antigens.",Immunology
"Anticancer immunotherapies involving the use of immune-checkpoint inhibitors or adoptive cellular transfer have emerged as new therapeutic pillars within oncology. These treatments function by overcoming or relieving tumour-induced immunosuppression, thereby enabling immune-mediated tumour clearance. While often more effective and better tolerated than traditional and targeted therapies, many patients have innate or acquired resistance to immunotherapies. Cancer immunoediting is the process whereby the immune system can both constrain and promote tumour development, which proceeds through three phases termed elimination, equilibrium and escape. Throughout these phases, tumour immunogenicity is edited, and immunosuppressive mechanisms that enable disease progression are acquired. The mechanisms of resistance to immunotherapy seem to broadly overlap with those used by cancers as they undergo immunoediting to evade detection by the immune system. In this Review, we discuss how a deeper understanding of the mechanisms underlying the cancer immunoediting process can provide insight into the development of resistance to immunotherapies and the strategies that can be used to overcome such resistance.",Immunology
"Immunotherapies have revolutionized the treatment paradigms of various types of cancers. However, most of these immunomodulatory strategies focus on harnessing adaptive immunity, mainly by inhibiting immunosuppressive signaling with immune checkpoint blockade, or enhancing immunostimulatory signaling with bispecific T cell engager and chimeric antigen receptor (CAR)-T cell. Although these agents have already achieved great success, only a tiny percentage of patients could benefit from immunotherapies. Actually, immunotherapy efficacy is determined by multiple components in the tumor microenvironment beyond adaptive immunity. Cells from the innate arm of the immune system, such as macrophages, dendritic cells, myeloid-derived suppressor cells, neutrophils, natural killer cells, and unconventional T cells, also participate in cancer immune evasion and surveillance. Considering that the innate arm is the cornerstone of the antitumor immune response, utilizing innate immunity provides potential therapeutic options for cancer control. Up to now, strategies exploiting innate immunity, such as agonists of stimulator of interferon genes, CAR-macrophage or -natural killer cell therapies, metabolic regulators, and novel immune checkpoint blockade, have exhibited potent antitumor activities in preclinical and clinical studies. Here, we summarize the latest insights into the potential roles of innate cells in antitumor immunity and discuss the advances in innate arm-targeted therapeutic strategies.",Immunology
"The recent success of cancer immunotherapies has highlighted the benefit of harnessing the immune system for cancer treatment. Vaccines have a long history of promoting immunity to pathogens and, consequently, vaccines targeting cancer neoantigens have been championed as a tool to direct and amplify immune responses against tumours while sparing healthy tissue. In recent years, extensive preclinical research and more than one hundred clinical trials have tested different strategies of neoantigen discovery and vaccine formulations. However, despite the enthusiasm for neoantigen vaccines, proof of unequivocal efficacy has remained beyond reach for the majority of clinical trials. In this Review, we focus on the key obstacles pertaining to vaccine design and tumour environment that remain to be overcome in order to unleash the true potential of neoantigen vaccines in cancer therapy.",Immunology
"The immune system in humans is a defense department against both exogenous and endogenous hazards, where CD8<sup>+</sup> T cells play a crucial role in opposing pathological threats. Various immunotherapies based on CD8<sup>+</sup> T cells have emerged in recent decades, showing their promising results in treating intractable diseases. However, in the fight against the constantly changing and evolving cancers, the formation and function of CD8<sup>+</sup> T cells can be challenged by tumors that might train a group of accomplices to resist the T cell killing. As cancer therapy stepped into the era of immunotherapy, understanding the physiological role of CD8<sup>+</sup> T cells, studying the machinery of tumor immune escape, and thereby formulating different therapeutic strategies become the imperative missions for clinical and translational researchers to fulfill. After brief basics of CD8<sup>+</sup> T cell-based biology is covered, this review delineates the mechanisms of tumor immune escape and discusses different cancer immunotherapy regimens with their own advantages and setbacks, embracing challenges and perspectives in near future.",Immunology
"The premise of cancer immunotherapy is that cancers are specifically visible to an immune system tolerized to healthy self. The promise of cancer immunotherapy is that immune effector mechanisms and immunological memory can jointly eradicate cancers and inoperable metastases and de facto vaccinate against recurrence. For some patients with hitherto incurable diseases, including metastatic melanoma, this promise is being realized by game-changing immunotherapies based on αβ T cells. Today's challenges are to bring benefit to greater numbers of patients of diverse ethnicities, target more cancer types, and achieve a cure while incurring fewer adverse events. In meeting those challenges, specific benefits may be offered by γδ T cells, which compose a second T cell lineage with distinct recognition capabilities and functional traits that bridge innate and adaptive immunity. γδ T cell-based clinical trials, including off-the-shelf adoptive cell therapy and agonist antibodies, are yielding promising results, although identifiable problems remain. In addressing those problems, we advocate that immunotherapies be guided by the distinctive biology of γδ T cells, as elucidated by ongoing research.",Immunology
"Anticancer agents continue to dominate the list of newly approved drugs, approximately half of which are immunotherapies. This trend illustrates the considerable promise of cancer treatments that modulate the immune system. However, the immune system is complex and dynamic, and can have both tumour-suppressive and tumour-promoting effects. Understanding the full range of immune modulation in cancer is crucial to identifying more effective treatment strategies. Myeloid-derived suppressor cells (MDSCs) are a heterogeneous population of myeloid cells that develop in association with chronic inflammation, which is a hallmark of cancer. Indeed, MDSCs accumulate in the tumour microenvironment, where they strongly inhibit anticancer functions of T cells and natural killer cells and exert a variety of other tumour-promoting effects. Emerging evidence indicates that MDSCs also contribute to resistance to cancer treatments, particularly immunotherapies. Conversely, treatment approaches designed to eliminate cancer cells can have important additional effects on MDSC function, which can be either positive or negative. In this Review, we discuss the interplay between MDSCs and various other cell types found in tumours as well as the mechanisms by which MDSCs promote tumour progression. We also discuss the relevance and implications of MDSCs for cancer therapy.",Immunology
"Colorectal cancer is the third most common cancer and the second most lethal cancer in the world. The main cause of the disease is due to dietary and behavioral factors. The treatment of this complex disease is mainly based on traditional treatments, including surgery, radiotherapy, and chemotherapy. Due to its high prevalence and high morbidity, more effective treatments with fewer side effects are urgently needed. In recent years, immunotherapy has become a potential therapeutic alternative and one of the fastest-developing treatments. Immunotherapy inhibits tumor growth by activating or enhancing the immune system to recognize and attack cancer cells. This review presents the latest immunotherapies for immune checkpoint inhibitors, cell therapy, tumor-infiltrating lymphocytes, and oncolytic viruses. Some of these have shown promising results in clinical trials and are used in clinical treatment.",Immunology
"Since the discovery of MHC molecules, it has taken 40 years to arrive at a coherent picture of how MHC class I and MHC class II molecules really work. This is a story of the proteases and MHC-like chaperones that support the MHC class I and II molecules in presenting peptides to the immune system. We now understand that the MHC system shapes both the repertoire of presented peptides and the subsequent T cell response, with important implications ranging from transplant rejection to tumor immunotherapies. Here we present an illustrated review of the ins and outs of MHC class I and MHC class II antigen presentation.",Immunology
"Cancer immunotherapy has remarkably reshaped the therapeutic landscape of oncology, and representative therapies including immune checkpoint inhibitors, adoptive cell therapy, oncolytic viruses and tumor vaccines have exhibited superior efficacy over conventional treatments in a broad spectrum of malignancies. Nonetheless, its clinical translation and application are still hampered by four core challenges: insufficient exploration of novel immune targets, inherent limitations of immunotherapeutic monotherapies, the lack of effective strategies for remodeling the microenvironment of cold tumors, and the immaturity of precise patient stratification systems. To address these aforementioned challenges, this review systematically outlines four core future development directions of cancer immunotherapy. First, the multi-dimensional excavation of novel therapeutic targets based on differential cellular expression molecules, metabolic regulatory networks, the tumor microenvironment and immune cell interactions. Second, the innovative upgrading of core therapeutic technologies encompassing engineered bacteria, oncolytic viruses, adoptive cell therapy and tumor vaccines. Third, the remodeling of the immunosuppressive microenvironment of cold tumors through the optimization of combination therapeutic strategies. Fourth, the construction of an integrated artificial intelligence-multi-omics model for precise patient stratification, so as to achieve dynamic prediction of therapeutic efficacy and accurate screening of populations that can derive the maximal benefit from immunotherapies. In the future, it will be necessary to deeply decode the dynamic interaction networks among tumors, the immune system, and the host. By integrating AI and multi-omics technologies, we should propel the evolution of cancer immunotherapy toward a closed-loop system featuring diagnosis, intervention and real-time monitoring, ultimately maximizing the clinical benefits of individualized treatment for cancer patients.",Immunology
"Immunotherapies using new modalities, including antibody-based drugs, nanoparticle-delivered drugs, and adoptive cell therapy, have become major treatment options for immune-related diseases such as cancer, autoimmune diseases, and infections. Although data characterizing individual patients' pharmacological responses, immune statuses, and clinical outcomes become increasingly available, predicting individual patients' immunotherapeutic responses for developing and deploying optimal immunotherapies remains challenging. Here, we propose ""multi-physiology modeling"" of the immune system that integrates omics-based and dynamic systems modeling-based systems immunology and pharmacometrics modeling on top of basic and clinical immunology. The multi-physiology modeling approach aims to integrate different physiological systems to realistically simulate the multi-scale and complex interactions of the immune system under intervention by immunotherapeutic agents for predictive immunotherapies tailored to individual patients. This will accelerate not only our understanding of basic immunology related to immune-related diseases but also the efficiency and accuracy of clinical immunotherapeutics in the era of precision immunotherapy.",Immunology
"The remarkable success of cancer immunotherapies has provided new hope to cancer patients. Unfortunately, a significant proportion of patients remain unable to respond to immunotherapy or maintain durable clinical responses. The lack of objective responses likely results from profound immune dysfunction often observed in patients with cancer. There is substantial evidence that exercise and physical activity can reduce incidence and improve outcomes in cancer patients. As the immune system is highly responsive to exercise, one potential avenue to improve immune function is through exercise and physical activity. A single event of dynamic exercise results in the substantial mobilization of leukocytes with increased functional capacities into the circulation. Chronic, or long-term, exercise leads to higher physical fitness in terms of greater cardiorespiratory function and/or muscle strength and endurance. High aerobic capacity, as measured by maximal oxygen uptake, has been associated with the reduction of dysfunctional T cells and improvements in the abundance of some T cell populations. To be sure, however, the mechanisms of exercise-mediated immune changes are both extensive and diverse. Here, we examine the evidence and theorize how acute and chronic exercise could be used to improve responses to cancer immunotherapies including immune checkpoint inhibitors, dendritic cell vaccines, natural killer cell therapies, and adoptive T cell therapies such as chimeric antigen receptor (CAR) T cells. Although the parameters of optimal exercise to yield defined outcomes remain to be determined, the available current data provide a compelling justification for additional human studies and clinical trials investigating the adjuvant use of exercise in immuno-oncology.",Immunology
"The immune system undergoes substantial changes throughout life, with ageing broadly impacting immune cell composition, function and regenerative capacity. Emerging evidence suggests that age-associated changes in immune fitness - the ability to respond to and eliminate infection, pathogens and malignancy while maintaining self-tolerance - reshape antitumour immunity and influence the efficacy of immunotherapies. Technological advances in high-dimensional immunoprofiling have begun to reveal the complex interplay between ageing, immune fitness and cancer biology, uncovering new therapeutic vulnerabilities and challenges. In this Review, we discuss recent insights derived from age-resolved immunoprofiling of the human tumour microenvironment, how ageing haematopoiesis affects immune cells that contribute to the microenvironment and impact cancer progression, and what is known from preclinical modelling about the functional consequences of immune ageing on tumour control. We further highlight emerging age-stratified analyses of treatment responses, which are beginning to inform hypotheses about how ageing shapes immunotherapy outcomes. Together, these perspectives provide a framework for integrating age as a critical biological variable, underscore the need to consider age in both preclinical models and clinical trial design, and identify key challenges and priorities for the field moving forward.",Immunology
"Immunotherapy has established itself as a promising tool for cancer treatment. There are many challenges that remain including lack of targets and some patients across various cancers who have not shown robust clinical response. One of the major problems that have hindered the progress in the field is the dearth of appropriate mouse models that can reliably recapitulate the complexity of human immune-microenvironment as well as the malignancy itself. Immunodeficient mice reconstituted with human immune cells offer a unique opportunity to comprehensively evaluate immunotherapeutic strategies. These immunosuppressed and genetically modified mice, with some overexpressing human growth factors, have improved human hematopoietic engraftment as well as created more functional immune cell development in primary and secondary lymphoid tissues in these mice. In addition, several new approaches to modify or to add human niche elements to further humanize these immunodeficient mice have allowed a more precise characterization of human hematopoiesis. These important refinements have opened the possibility to evaluate not only human immune responses to different tumor cells but also to investigate how malignant cells interact with their niche and most importantly to test immunotherapies in a more preclinically relevant setting, which can ultimately lead to better success of these drugs in clinical trials.",Immunology
"The lack of T cell infiltrates is a major obstacle to effective immunotherapy in cancer. Conversely, the formation of tumor-associated tertiary-lymphoid-like structures (TA-TLLSs), which are the local site of humoral and cellular immune responses against cancers, is associated with good prognosis, and they have recently been detected in immune checkpoint blockade (ICB)-responding patients. However, how these lymphoid aggregates develop remains poorly understood. By employing single-cell transcriptomics, endothelial fate mapping, and functional multiplex immune profiling, we demonstrate that antiangiogenic immune-modulating therapies evoke transdifferentiation of postcapillary venules into inflamed high-endothelial venules (HEVs) via lymphotoxin/lymphotoxin beta receptor (LT/LTβR) signaling. In turn, tumor HEVs boost intratumoral lymphocyte influx and foster permissive lymphocyte niches for PD1<sup>-</sup> and PD1<sup>+</sup>TCF1<sup>+</sup> CD8 T cell progenitors that differentiate into GrzB<sup>+</sup>PD1<sup>+</sup> CD8 T effector cells. Tumor-HEVs require continuous CD8 and NK cell-derived signals revealing that tumor HEV maintenance is actively sculpted by the adaptive immune system through a feed-forward loop.",Immunology
"The management of autoimmune diseases is currently limited by therapies that largely suppress the immune system, often resulting in partial and temporary remissions. Cellular immunotherapies offer a targeted approach by redirecting immune cells to correct the underlying autoimmunity. This review explores the latest advances in cellular immunotherapies for autoimmune diseases, focusing on various strategies, such as the use of chimeric antigen receptor (CAR) T cells, chimeric auto-antibody receptor (CAAR) T cells, regulatory T cells (Tregs), and tolerogenic dendritic cells (TolDCs). We review recent preclinical studies and results from clinical trials that demonstrate the potential for these therapies to either deplete autoreactive cells or promote immune tolerance through broad or selective targeting of immune cell populations. Key challenges such as ensuring specificity, preventing off-target effects, and improving the longevity of therapeutic effects are discussed. The evolving landscape of cellular immunotherapies holds promise for more durable treatment responses and increased specificity for autoimmune disease treatment.",Immunology
"The success of immunotherapy in oncology underscores the vital role of the immune system in cancer development. Regulatory T cells (Tregs) maintain a fine balance between autoimmunity and immune suppression. They have multiple roles in the tumor microenvironment (TME) but act particularly in suppressing T cell activation. This review focuses on the detrimental and sometimes beneficial roles of Tregs in tumors, our current understanding of recruitment and stabilization of Tregs within the TME, and current Treg-targeted therapeutics. Research identifying subpopulations of Tregs and their respective functions and interactions within the complex networks of the TME will be crucial to develop the next generation of immunotherapies. Through these advances, Treg-targeted immunotherapy could have important implications for the future of oncology.",Immunology
"Microtubules (MTs) are tubular polymers of tubulin that are highly dynamic and found throughout the cytoplasm. MTs are involved in maintaining cell structure and, together with microfilaments and intermediate filaments, form the cytoskeleton. Recent findings on MT structure and function contributed to the understanding of their potential role as players in the innate and adaptive immune systems. Additionally, studies suggest an essential role for these cellular structures in the gut. Here, we review recent data on interactions between MT and various arms of the immune system and propose a model that represents gut MTs as potential targets for immunotherapy, and specifically for oral immunotherapy.",Immunology
"Innate effector cells are immune cells endowed with host protective features and cytotoxic functions. By sensing the tissue environment, innate cells have an important role in regulating the transition from homeostasis to inflammation and the establishment of pathological states, including the onset and development of cancer. The tumor microenvironment induces molecular and functional modifications in innate cells, dampening their capability to initiate and sustain anti-tumor immune responses. Emerging studies clearly showed a contribution of the microbiota in modulating the functions of innate cells in cancer. Commensal microorganisms can not only directly interact with innate cells in the tumor microenvironment but can also exert immunomodulatory features from non-tumor sites through the release of microbial products. The microbiota can mediate the priming of innate cells at mucosal tissues and determine the strength of immune responses mediated by such cells when they migrate to non-mucosal tissues, having an impact on cancer. Finally, several evidences reported a strong contribution of the microbiota in promoting innate immune responses during anti-cancer therapies leading to enhanced therapeutic efficacy. In this review, we considered the current knowledge on the role of the microbiota in shaping host innate immune responses in cancer.",Immunology
"With the introduction of anti-CD19 chimeric antigen receptor (CAR) T-cell (CAR T) therapies, bispecific CD3/CD20 antibodies and anti-CD19 antibodies, immunotherapy continues to transform the treatment of diffuse large B-cell lymphoma (DLBCL). A number of novel immunotherapeutic strategies are under investigation to build upon current clinical benefit and offer further options to those patients who cannot tolerate conventional intensive therapies due to their age and/or state of health. Alongside immunotherapies that leverage the adaptive immune response, natural killer (NK) cell and myeloid cell-engaging therapies can utilize the innate immune system. Monoclonal antibodies engineered for greater recognition by the patient's immune system can enhance antitumor cytotoxic mechanisms mediated by NK cells and macrophages. In addition, CAR technology is extending into NK cells and macrophages and investigational immune checkpoint inhibitors targeting macrophage/myeloid cell checkpoints via the CD47/SIRPα axis are in development. Regimens that engage both innate and adaptive immune responses may help to overcome resistance to current immunotherapies. Furthermore, combinations of immunotherapy and oncogenic pathway inhibitors to reprogram the immunosuppressive tumor microenvironment of DLBCL may also potentiate antitumor responses. As immunotherapy treatment options continue to expand, both in the first-line setting and further lines of therapy, understanding how to harness these immunotherapies and the potential for combination approaches will be important for the development of future DLBCL treatment approaches.",Immunology
"The aging immune system presents profound challenges, notably through the decline of T cell function, which is critical for effective immune responses. As age-related changes lead to diminished T cell diversity and heighten immunosuppressive environments, older individuals face increased susceptibility to infections, autoimmune diseases, and reduced efficacy of immunotherapies. This review investigates the intricate mechanisms by which T cell aging drives immunosenescence, including immune suppression, immune evasion, reduced antigen reactivity, and the overexpression of immune checkpoint molecules. By delving into innovative therapeutic strategies aimed at rejuvenating T cell populations and modifying the immunological landscape, we highlight the potential for enhancing immune resilience in the elderly. Ultimately, our goal is to outline actionable pathways for restoring immune function, thereby improving health outcomes for aging individuals facing immunological decline.",Immunology
"Malignant transformation of cells depends on accumulation of DNA damage. Over the past years we have learned that the T cell-based immune system frequently responds to the neoantigens that arise as a consequence of this DNA damage. Furthermore, recognition of neoantigens appears an important driver of the clinical activity of both T cell checkpoint blockade and adoptive T cell therapy as cancer immunotherapies. Here we review the evidence for the relevance of cancer neoantigens in tumor control and the biological properties of these antigens. We discuss recent technological advances utilized to identify neoantigens, and the T cells that recognize them, in individual patients. Finally, we discuss strategies that can be employed to exploit cancer neoantigens in clinical interventions.",Immunology
"Immune functions decline as we age, while the incidence of cancer rises. The advent of immune checkpoint blockade (ICB) has not only revolutionized cancer therapy, but also spawned great interest in identifying predictive biomarkers, since only one third of patients show treatment response. The aging process extensively affects the adaptive immune system and thus T cells, which are the main target of ICB. In this review, we address age-related changes regarding the adaptive immune system with a focus on T cells and their implication on carcinogenesis and ICB. Differences between senescence, exhaustion, and anergy are defined and current knowledge, treatment strategies, and studies exploring T cell aging as a biomarker for ICB are discussed. Finally, novel approaches to improve immunotherapies and to identify biomarkers of response to ICB are presented and their potential is assessed in a comparative analysis.",Immunology
"Pancreatic cancer (PC) is the 5th leading cause of cancer related death in the developed world with more than 260,000 deaths annually worldwide and with a dismal 5-year survival. Surgery is the only potential hope of cure for PC, but, unfortunately, only 20% PC patients is resectable at the time of diagnosis. Therapeutic research efforts have mainly focused on improvements in radio/ chemo treatments and to date, there are only a few chemotherapeutic agents that have shown to be effective against PC, including gemcitabine with or without abraxane as well as a combination of 5-FU, leucovorin, oxaliplatin and irinotecan (the so-called FOLFIRINOX regimen). The survival of patients treated with these regimens is marginal and hence we are in urgent need of novel therapeutic approaches to treat pancreatic cancer. The success of immunotherapeutic strategies in other cancers and various evidences that pancreatic adenocarcinoma elicits antitumor immune responses, suggest that immunotherapies can be a promising alternative treatment modality for this deadly disease. PC immunotherapy treatments include passive immunotherapeutic approaches, such as the use of effector cells generated in vitro, and active immunotherapeutic strategies, which goal is to stimulate an antitumor response in vivo, by means of vaccination. In this review, we describe the immune suppressive mechanisms of pancreatic cancer and discuss recent preclinical and clinical efforts toward PC immunotherapy, including passive approaches, such as the use of antibodies and active strategies (vaccination), with a special mention of most recent treatment with CRS-207 and GVAX.",Immunology
"Modulation of the immune system is an important therapeutic strategy in a wide range of diseases, and is fundamental to the development of vaccines. However, optimally safe and effective immunotherapy requires precision in the delivery of stimulatory cues to the right cells at the right place and time, to avoid toxic overstimulation in healthy tissues or incorrect programming of the immune response. To this end, biomaterials are being developed to control the location, dose, and timing of vaccines and immunotherapies. Here we discuss fundamental concepts of how biomaterials are used to enhance immune modulation, and evidence from preclinical and clinical studies of how biomaterials-mediated immune engineering can impact the development of new therapeutics. We focus on immunological mechanisms of action and in vivo modulation of the immune system, and we also discuss challenges to be overcome to speed translation of these technologies to the clinic.",Immunology
"Radiotherapy (RT) is still one of the standard cancer therapies, with up to two third of all cancer patients with solid tumors being irradiated in the course of their disease. The aim of using ionizing radiation in fractionated treatment schedules was always to achieve local tumor control by inducing DNA damage which can be repaired by surrounding normal tissue but leads to cell death in tumor cells. Meanwhile, it is known that RT also has immunological effects reshaping the tumor microenvironment. Nevertheless, RT alone often fails to elicit potent antitumor immune responses as these effects can be immunostimulatory as well as immunosuppressive. Here, we discuss how immunotherapies can be exploited in combined therapies to boost RT-induced antitumor immune responses or to counteract preexisting and RT-mediated immunosuppression to improve local and systemic tumor control. Furthermore, we highlight some parameters of radioimmunotherapies (RITs) which are under investigation for potential optimizations and how RIT approaches are tested in first phases II and III trials. Finally, we discuss how RT might affect normal and cancer stem cells.",Immunology
"Allogeneic cellular immunotherapies hold promise for broad clinical implementation but face limitations due to potential rejection of donor cells by the host immune system. Silencing of beta-2 microglobulin (B2M) expression is commonly employed to evade T cell-mediated rejection by the host, although the absence of B2M is expected to trigger missing-self responses by host natural killer (NK) cells. Here, we demonstrate that genetic deletion of the adhesion ligands CD54 and CD58 in B2M-deficient chimeric antigen receptor (CAR) T cells and multi-edited induced pluripotent stem cell (iPSC)-derived CAR NK cells reduces their susceptibility to rejection by host NK cells in vitro and in vivo. The absence of adhesion ligands limits rejection in a unidirectional manner in B2M-deficient and B2M-sufficient settings without affecting the antitumor functionality of the engineered donor cells. Thus, these data suggest that genetic ablation of adhesion ligands effectively alleviates rejection by host immune cells, facilitating the implementation of universal immunotherapy.",Immunology
"Nowadays, it is known and recognized that the immune system has a central place in the mechanisms of oncogenesis and the effectiveness of anti-cancer therapies. The demonstration of the immuno-stimulatory ability of radiation therapy opens the field to new applications for this therapy already widely used in oncology area. Indeed, radiotherapy is capable of initiating and / or increasing the immune-mediated anti-tumor response. The combination of this ""old"" therapy with the ""new"" therapies that are immunotherapies then makes perfect sense. Although the potentiating effect of this combination is based on an interesting and well-documented biological rationale in preclinical data, there are still few clinical data available. The multiplication of trials, and the arrival of phase III trials should give us more perspective on the effectiveness and safety of this association. However, the lack of consensus concerning the optimization of these ""immuno-radiotherapies"" (characteristics of the tumor, irradiation regimen and treatment plan) could prove deleterious for the results of ongoing studies.",Immunology
"Liposome as a revolutionizing carrier, has exhibited favorable aspects in drug delivery. However, there are numerous challenges affecting its effectiveness. Hypersensitivity, accelerated blood clearance, opsonization, uptake by reticulo-endothelial system, and also immune suppression are known as the dominant manifestations of immune-related effects. They may cause failure to achieve the proof of regulatory approvals. In this review, liposome challenges in biologic environment have been discussed. Moreover, opsonization and liposome interactions with innate and acquired immune system have been investigated. Immune system elements including the corresponding receptors and cells were reviewed in this regard. By exploring immune related interactions of the liposome, it could be possible for the formulators to be aware of the immune related interactions of the administered liposomal formulation. On the other hand, immune targeted liposomes for immunotherapy and vaccination purposes could also be developed.",Immunology
"Glioblastoma evades conventional therapies through a variety of mechanisms, including suppression of the immune system. This immunosuppressive microenvironment provides a potential target for treatment. There are several immunotherapies being actively investigated, including inhibition of immune checkpoint regulators, development of antitumor vaccinations from both dendritic cell and tumor peptide components, adoptive transfer of supercharged and durable T lymphocytes, and generation of oncolytic viruses. Although immunotherapy has already demonstrated efficacy for a variety of other malignancies, its efficacy in glioblastoma is still unclear. Identifying predictive biomarkers and improving the management of immune-related adverse effects will help to realize the full potential of these therapies.",Immunology
"Immunotherapy is a powerful therapeutic approach able to re-educate the immune system to fight cancer. A key player in this process is the tumor microenvironment (TME), which is a dynamic entity characterized by a complex array of tumor and stromal cells as well as immune cell populations trafficking to the tumor site through the endothelial barrier. Recapitulating these multifaceted dynamics is critical for studying the intimate interactions between cancer and the immune system and to assess the efficacy of emerging immunotherapies, such as immune checkpoint inhibitors (ICIs) and adoptive cell-based products. Microfluidic devices offer a unique technological approach to build tumor-on-a-chip reproducing the multiple layers of complexity of cancer-immune system crosstalk. Here, we seek to review the most important biological and engineering developments of microfluidic platforms for studying cancer-immune system interactions, in both solid and hematological tumors, highlighting the role of the vascular component in immune trafficking. Emphasis is given to image processing and related algorithms for real-time monitoring and quantitative evaluation of the cellular response to microenvironmental dynamic changes. The described approaches represent a valuable tool for preclinical evaluation of immunotherapeutic strategies.",Immunology
"Myeloid cells are vital components of the immune system and have pivotal functions in orchestrating immune responses. Understanding their functions within the tumor microenvironment and their interactions with tumor-infiltrating lymphocytes presents formidable challenges across diverse cancer types, particularly with regards to cancer immunotherapies. Here, we explore tumor-infiltrating myeloid cells (TIMs) by conducting a pan-cancer analysis using single-cell transcriptomics across eight distinct cancer types, encompassing a total of 192 tumor samples from 129 patients. By examining gene expression patterns and transcriptional activities of TIMs in different cancer types, we discern notable alterations in abundance of TIMs and kinetic behaviors prior to and following immunotherapy. We also identify specific cell-cell interaction targets in immunotherapy; unique and shared regulatory profiles critical for treatment response; and TIMs associated with survival outcomes. Overall, our study illuminates the heterogeneity of TIMs and improves our understanding of tissue-specific and cancer-specific myeloid subsets within the context of tumor immunotherapies.",Immunology
"Ovarian cancer is the leading cause of death from gynecologic malignancy in the United States. While the treatment options have improved with conventional cytotoxic chemotherapy and advanced surgical techniques, disease recurrence is common and fatal in nearly all cases. Current evidence suggests that the immune system and its ability to recognize and eliminate microscopic disease is paramount in preventing recurrence. The goal of immunotherapy is to balance the activation of the immune system against cancer while preventing the potential for tremendous toxicity elicited by immune modulation. In this paper we will review the role of immune system in disease pathogenesis and different immunotherapies available for the treatment of ovarian cancer as well as current ongoing studies and potential future directions.",Immunology
"Toxoplasma gondii is the protozoan causative agent of toxoplasmosis in humans and warm-blooded animals. Recent studies have illustrated that the immune system plays a pivotal role in the pathogenesis of toxoplasmosis by triggering immune cytokines like IL-12, TNF-α, and IFN-γ and immune cells like DCs, Th1, and Th17. On the other hand, some immune components can serve as prognosis markers of toxoplasmosis. In healthy people, the disease is often asymptomatic, but immunocompromised people and newborns may suffer severe symptoms and complications. Therefore, the immune prognostic markers may provide tools to measure the disease progress and help patients to avoid further complications. Immunotherapies using monoclonal antibody, cytokines, immune cells, exosomes, novel vaccines, and anti-inflammatory molecules open new horizon for toxoplasmosis treatment. In this review article, we discussed the immunopathogenesis, prognosis, and immunotherapy of Toxoplasma gondii infection.",Immunology
"The ultimate cause of Alzheimer's disease (AD) is still unknown and no disease-modifying treatment exists. Emerging evidence supports the concept that the immune system has a key role in AD pathogenesis. This awareness leads to the idea that specific parts of the immune system must be engaged to ward off the disease. Immunotherapy has dramatically improved the management of several previously untreatable cancers and could hold similar promise as a novel therapy for treating AD. However, before potent immunotherapies can be rationally designed as treatment against AD, we need to fully understand the dynamic interplay between AD and the different parts of our immune system. Accordingly, here we review the most important aspects of both the innate and adaptive immune system in relation to AD pathology.",Immunology
"Encouraging results from recent food allergen immunotherapy clinical trials indicate that the immune system plays an essential role in peripheral tolerance to food allergen. Thus, the monitoring of changes in immune responses and their possible correlation with clinical outcome in allergic patients receiving immunotherapies could theoretically serve as surrogate markers and be harnessed as rationale for food allergen immunotherapy development. A shift towards antigen specificity in recent assays has provided a solid foundation for the elucidation of cellular mechanisms involved in food allergen immunotherapy as well as the tracking of allergen-specific immune cells. In this review, we overview the current challenges and technologies used in immune monitoring during immunotherapy in allergic patients with a focus on cell-mediated immunity. We also discuss critical steps involved in some of the cellular immune assays utilized in clinical trials.",Immunology
"While the introduction of T cell-based immunotherapies has improved outcomes in many cancer types, the development of immunotherapies for both adult and pediatric AML has been relatively slow and limited. In addition to the need to identify suitable target antigens, a better understanding of the immunosuppressive tumor microenvironment is necessary for the design of novel immunotherapy approaches. To date, most immune characterization studies in AML have focused on T cells, while innate immune lineages such as monocytes, granulocytes and natural killer (NK) cells, received less attention. In solid cancers, studies have shown that innate immune cells, such as macrophages, myeloid-derived suppressor cells and neutrophils are highly plastic and may differentiate into immunosuppressive cells depending on signals received in their microenvironment, while NK cells appear to be functionally impaired. Hence, an in-depth characterization of the innate immune compartment in the TME is urgently needed to guide the development of immunotherapeutic interventions for AML. In this review, we summarize the current knowledge on the innate immune compartment in AML, and we discuss how targeting its components may enhance T cell-based- and other immunotherapeutic approaches.",Immunology
"Major advances have been made in the field of immunology in the past two decades. A better understanding of the molecular and cellular mechanisms controlling the immune system has opened the door to many innovative and promising new cancer therapies that manipulate the immune response. For instance, toll-like receptor agonists have been shown to boost immune responses toward tumors. Also, a wide array of cell-based immunotherapies utilizing T cells, NK cells, and dendritic cells have been established. Furthermore, a rapidly expanding repertoire of monoclonal antibodies is being developed to treat tumors, and many of the available antibodies have demonstrated impressive clinical responses. Here, we examine some of these immunotherapeutic approaches currently in use or testing to treat cancer, and we examine available evidence with regards to mechanism and efficacy of these treatments.",Immunology
"The interaction between the nervous and immune systems during aging is an area of avid interest, but many aspects remain unclear. This is due, not only to the complexity of the aging process, but also to a mutual dependency and reciprocal causation of alterations and diseases between both the nervous and immune systems. Aging of the brain drives whole body systemic aging, including aging-related changes of the immune system. In turn, the immune system aging, particularly immunosenescence and T cell aging initiated by thymic involution that are sources of chronic inflammation in the elderly (termed inflammaging), potentially induces brain aging and memory loss in a reciprocal manner. Therefore, immunotherapeutics including modulation of inflammation, vaccination, cellular immune therapies and ""protective autoimmunity"" provide promising approaches to rejuvenate neuroinflammatory disorders and repair brain injury. In this review, we summarize recent discoveries linking the aging immune system with the development of neurodegeneration. Additionally, we discuss potential rejuvenation strategies, focusing aimed at targeting the aging immune system in an effort to prevent acute brain injury and chronic neurodegeneration during aging.",Immunology
"Immunodeficient mice engrafted with a functional human immune system [Human immune system (HIS) mice] have paved the way to major advances for personalized medicine and translation of immune-based therapies. One prerequisite for advancing personalized medicine is modeling the immune system of individuals or disease groups in a preclinical setting. HIS mice engrafted with peripheral blood mononuclear cells have provided fundamental insights in underlying mechanisms guiding immune activation vs. regulation in several diseases including cancer. However, the development of Graft-vs.-host disease restrains relevant long-term studies in HIS mice. Alternatively, engraftment with hematopoietic stem cells (HSCs) enables mimicking different disease stages, however, low frequencies of HSCs in peripheral blood of adults impede engraftment efficacy. One possibility to overcome those limitations is the use of patient-derived induced pluripotent stem cells (iPSCs) reprogrammed into HSCs, a challenging process which has recently seen major advances. Personalized HIS mice bridge research in mice and human diseases thereby facilitating the translation of immunomodulatory therapies. Regulatory T cells (Tregs) are important mediators of immune suppression and thereby contribute to tumor immune evasion, which has made them a central target for cancer immunotherapies. Importantly, studying Tregs in the human immune system <i>in vivo</i> in HIS mice will help to determine requirements for efficient Treg-targeting. In this review article, we discuss advances on personalized HIS models using reprogrammed iPSCs and review the use of HIS mice to study requirements for efficient targeting of human Tregs for personalized cancer immunotherapies.",Immunology
"Therapeutic manipulation of the immune system against cancer has revolutionized the treatment of several advanced-stage tumors. While many have benefited from these treatments, the proportion of patients responding to immunotherapies is still low. Nanomedicines have promise to revolutionize tumor treatments through spatiotemporal control of drug activity. Such control of drug function could allow enhanced therapeutic actions of immunotherapies and reduced side effects. However, only a handful of formulations have been able to reach human clinical studies so far, and even fewer systems are being used in the clinic. Among translatable formulations, self-assembled nanomedicines have shown unique and versatile features for dealing with the heterogeneity and malignancy of tumors in the clinic. Such nanomedicines can be designed to promote antitumor immune responses through a series of immunopotentiating functions after being directly injected into tumors, or achieving selective tumor accumulation upon intravenous administration. Thus, tumor-targeted nanomedicines can enhance antitumor immunity by several mechanisms, such as inducing immunogenic damage to cancer cells, altering the tumor immune microenvironment by delivering immunomodulators, or eliminating or reprogramming immunosuppressive cells, enhancing the exposure of tumor-associated antigens to antigen presenting cells, stimulating innate immunity mechanisms, and facilitating the infiltration of antitumor immune cells and their interaction with cancer cells. Moreover, nanomedicines can be engineered to sense intratumoral stimuli for activating specific immune responses or installed with ligands for increasing drug levels in tumors, granting subcellular delivery, and triggering immune signals and proliferation of immune cells. Thus, the ability of nanomedicines to exert immunomodulatory functions selectively in tumor and tumor-associated tissues, such as draining lymph nodes, increases the efficiency of the treatments, while avoiding systemic immunosuppressive toxicities and the exacerbation of adverse immune responses. Moreover, the compartmentalized structure of self-assembled nanomedicines offers the possibility to coload a variety of drugs for controlled pharmacokinetics, enhanced tumor delivery, and synergistic therapeutic output. Also, by integrating imaging functionalities into nanomedicines, it is possible to develop theranostic platforms reporting the immune settings of tumors as well as the effects of nanomedicines on the tumor immune microenvironment. Herein, we critically reviewed significant strategies for developing nanomedicines capable of potentiating antitumor immune responses by surmounting biological barriers and modulating antitumor immune signals. Moreover, the potential of these nanomedicines for developing innovative anticancer treatments by targeting particular cells is discussed. Finally, we present our perspectives on the awaiting challenges and future directions of nanomedicines in the age of immunotherapy.",Immunology
"The recent developments in the study of clustered regularly interspaced short palindromic repeats/associated protein 9 (CRISPR/Cas9) system have revolutionized the art of genome-editing and its applications for cellular differentiation and immune response behavior. This technology has further helped in understanding the mysteries of cancer progression and possible designing of novel antitumor immunotherapies. CRISPR/Cas9-based genome-editing is now often used to engineer universal T-cells, equipped with recombinant T-cell receptor (TCR) or chimeric antigen receptor (CAR). In addition, this technology is used in cytokine stimulation, antibody designing, natural killer (NK) cell transfer, and to overcome immune checkpoints. The innovative potential of CRISPR/Cas9 in preparing the building blocks of adoptive cell transfer (ACT) immunotherapy has opened a new window of antitumor immunotherapy and some of them have gained FDA approval. The manipulation of immunogenetic regulators has opened a new interface for designing, implementation and interpretation of CRISPR/Cas9-based screening in immuno-oncology. Several cancers like lymphoma, melanoma, lung, and liver malignancies have been treated with this strategy, once thought to be impossible. The safe and efficient delivery of CRISPR/Cas9 system within the immune cells for the genome-editing strategy is a challenging task which needs to be sorted out for efficient immunotherapy. Several targeting approaches like virus-mediated, electroporation, microinjection and nanoformulation-based methods have been used, but each procedure offers some limitations. Here, we elaborate the recent updates of cancer management through immunotherapy in partnership with CRISPR/Cas9 technology. Further, some innovative methods of targeting this genome-editing system within the immune system cells for reprogramming them, as a novel strategy of anticancer immunotherapy is elaborated. In addition, future prospects and clinical trials are also discussed.",Immunology
"The concept of immunosurveillance of cancer has been widely accepted for many years, but only recently have the precise mechanisms of tumor-host immune interactions been revealed. Inflammatory and immune reactions play a role in melanomagenesis, and may contribute to the eradication of tumor as well as potentiating its growth and proliferation. Studies of the role of tumor-immune system interactions are providing insights into the pathogenesis and opportunities for highly effective therapeutic strategies. Some patients, even with advanced disease, are now cured with immunotherapy, and increasing numbers of such cures are likely in future.",Immunology
"Recent advances in understanding the roles of immune checkpoints in allowing tumors to circumvent the immune system have led to successful therapeutic strategies that have fundamentally changed oncology practice. Thus far, immunotherapies against only two checkpoint targets have been approved, CTLA-4 and PD-L1/PD-1. Antibody blockade of these targets enhances the function of antitumor T cells at least in part by relieving inhibition of the T cell costimulatory receptor CD28. These successes have stimulated considerable interest in identifying other pathways that may bte targeted alone or together with existing immunotherapies. One such immune checkpoint axis is comprised of members of the PVR/nectin family that includes the inhibitory receptor T cell immunoreceptor with Ig and immunoreceptor tyrosine-based inhibitory domains (TIGIT). Interestingly, TIGIT acts to regulate the activity of a second costimulatory receptor CD226 that works in parallel to CD28. There are currently over two dozen TIGIT-directed blocking antibodies in various phases of clinical development, testament to the promise of modulating this pathway to enhance antitumor immune responses. In this review, we discuss the role of TIGIT as a checkpoint inhibitor, its interplay with the activating counter-receptor CD226, and its status as the next advance in cancer immunotherapy.",Immunology
"Over the past decade, immunotherapies have revolutionized the treatment of cancer. Although the success of immunotherapy is remarkable, it is still limited to a subset of patients. More than 1500 clinical trials are currently ongoing with a goal of improving the efficacy of immunotherapy through co-administration of other agents. Preclinical, small-animal models are strongly desired to increase the pace of scientific discovery, while reducing the cost of combination drug testing in humans. Human immune system (HIS) mice are highly immune-deficient mouse recipients rtpeconstituted with human hematopoietic stem cells. These HIS-mice are capable of growing human tumor cell lines and patient-derived tumor xenografts. This model allows rapid testing of multiple, immune-related therapeutics for tumors originating from unique clinical samples. Using a cord blood-derived HIS-BALB/c-Rag2<sup>null</sup>Il2rγ<sup>null</sup>SIRPα<sup>NOD</sup> (BRGS) mouse model, we summarize our experiments testing immune checkpoint blockade combinations in these mice bearing a variety of human tumors, including breast, colorectal, pancreatic, lung, adrenocortical, melanoma and hematological malignancies. We present in-depth characterization of the kinetics and subsets of the HIS in lymph and non-lymph organs and relate these to protocol development and immune-related treatment responses. Furthermore, we compare the phenotype of the HIS in lymph tissues and tumors. We show that the immunotype and amount of tumor infiltrating leukocytes are widely-variable and that this phenotype is tumor-dependent in the HIS-BRGS model. We further present flow cytometric analyses of immune cell subsets, activation state, cytokine production and inhibitory receptor expression in peripheral lymph organs and tumors. We show that responding tumors bear human infiltrating T cells with a more inflammatory signature compared to non-responding tumors, similar to reports of ""responding"" patients in human immunotherapy clinical trials. Collectively these data support the use of HIS mice as a preclinical model to test combination immunotherapies for human cancers, if careful attention is taken to both protocol details and data analysis.",Immunology
"The incidence of cutaneous melanoma in the elderly continues to rise. Immunotherapies such as the immune checkpoint inhibitors ipilimumab, nivolumab, and pembrolizumab have shown great promise in the management of this disease. There are growing data, mostly out of clinical trial experience, that shows the efficacy and tolerability of these agents across all ages, including those older than 75 years. Though at first glance immunotherapy for melanoma may appear to be a one-size fits all when it comes to age, a rationale is evolving for why this approach may warrant additional personalization in the older patient. This paper aims to summarize the clinical experience with these agents for elderly melanoma patients, as well as to introduce the concept of a personalized approach for elderly patients with consideration of incidence and management of side effects, and strategies for optimizing efficacy in the context of an aging immune system.",Immunology
"Cancer immunotherapy is now a powerful clinical reality, with a steady progression of new drug approvals and a massive pipeline of additional treatments in clinical and preclinical development. However, modulation of the immune system can be a double-edged sword: Drugs that activate immune effectors are prone to serious non-specific systemic inflammation and autoimmune side effects. Drug delivery technologies have an important role to play in harnessing the power of immune therapeutics while avoiding on-target/off-tumor toxicities. Here we review mechanisms of toxicity for clinically-relevant immunotherapeutics, and discuss approaches based in drug delivery technology to enhance the safety and potency of these treatments. These include strategies to merge drug delivery with adoptive cellular therapies, targeting immunotherapies to tumors or select immune cells, and localizing therapeutics intratumorally. Rational design employing lessons learned from the drug delivery and nanomedicine fields has the potential to facilitate immunotherapy reaching its full potential.",Immunology
"Our bodies are inhabited by trillions of microorganisms. The host immune system constantly interacts with the microbiota in barrier organs, including the intestines. Over decades, numerous studies have shown that our mucosal immune system is dynamically shaped by a variety of microbiota-derived signals. Elucidating the mediators of these interactions is an important step for understanding how the microbiota is linked to mucosal immune homeostasis and gut-associated diseases. Interestingly, the efficacy of cancer immunotherapies that manipulate costimulatory and coinhibitory pathways has been correlated with the gut microbiota. Moreover, adverse effects of these therapies in the gut are linked to dysregulation of the intestinal immune system. These findings suggest that costimulatory pathways in the immune system might serve as a bridge between the host immune system and the gut microbiota. Here, we review mechanisms by which commensal microorganisms signal immune cells and their potential impact on costimulation. We highlight how costimulatory pathways modulate the mucosal immune system through not only classical antigen-presenting cells but also innate lymphocytes, which are highly enriched in barrier organs. Finally, we discuss the adverse effects of immune checkpoint inhibitors in the gut and the possible relationship with the gut microbiota.",Immunology
"For at least 300 years the immune system has been targeted to improve human health. Decades of work advancing immunotherapies against infection and autoimmunity paved the way for the current explosion in cancer immunotherapies. Pathways targeted for therapeutic intervention in autoimmune diseases can be modulated in the opposite sense in malignancy and infectious disease. We discuss the basic principles of the immune response, how these are co-opted in chronic infection and malignancy, and how these can be harnessed to treat disease. T cells are at the center of immunotherapy. We consider the complexity of T cell functional subsets, differentiation states, and extrinsic and intrinsic influences in the design, success, and lessons from immunotherapies. The integral role of checkpoints in the immune response is highlighted by the rapid advances in FDA approvals and the use of therapeutics that target the CTLA-4 and PD-1/PD-L1 pathways. We discuss the distinct and overlapping mechanisms of CTLA-4 and PD-1 and how these can be translated to combination immunotherapy treatments. Finally, we discuss how the successes and challenges in cancer immunotherapies, such as the collateral damage of immune-related adverse events following checkpoint inhibition, are informing treatment of autoimmunity, infection, and malignancy.",Immunology
"Therapeutic modalities that engage the immune system to recognize and eliminate cancer, known as cancer immunotherapy, has emerged as a distinct pillar of cancer therapy. Among the most promising treatment approaches are therapeutic vaccines, immune checkpoint blockade, bispecific T-cell engagers (BiTEs) and adoptive cell therapies. These approaches share a common mechanism of action, which is elicitation of a T-cell-based immune response, either endogenous or engineered, against tumor antigens, but interactions between the innate immune system, particularly antigen-presenting cells, and immune effectors also underlie the efficacy of cancer immunotherapies and approaches engaging these cells are also under development. To view this SnapShot, open or download the PDF.",Immunology
"Strategies to enhance, suppress, or qualitatively shape the immune response are of importance for diverse biomedical applications, such as the development of new vaccines, treatments for autoimmune diseases and allergies, strategies for regenerative medicine, and immunotherapies for cancer. However, the intricate cellular and molecular signals regulating the immune system are major hurdles to predictably manipulating the immune response and developing safe and effective therapies. To meet this challenge, biomaterials are being developed that control how, where, and when immune cells are stimulated in vivo, and that can finely control their differentiation in vitro. We review recent advances in the field of biomaterials for immunomodulation, focusing particularly on designing biomaterials to provide controlled immunostimulation, targeting drugs and vaccines to lymphoid organs, and serving as scaffolds to organize immune cells and emulate lymphoid tissues. These ongoing efforts highlight the many ways in which biomaterials can be brought to bear to engineer the immune system.",Immunology
"Harnessing the immune system to attack cancer cells has represented a holy grail for greater than 100years. While prospects of tumor-selective durable immune based therapies have provided small clinical signals for many decades, recent years have demonstrated a virtual explosion in progress. Melanoma has led the field of cancers in which immunotherapy has produced major clinical inroads. The most significant and impactful immunotherapies for melanoma utilize immune checkpoint inhibition to stimulate T cell mediated tumor killing. The major targets of checkpoint blockade have thus far been CTLA4 and PD1, two key receptors for central and peripheral immune tolerance. This review discusses current understanding of how these checkpoint blockade therapeutics have led to major clinical responses in patients with advanced melanoma. It is likely that we are poised to see significantly greater anti-cancer immunotherapy efficacy, both in improving response rates and durability for melanoma, and for other less immunogenic malignancies.",Immunology
"Liver fibrosis, characterized by the excessive deposition of extracellular matrix (ECM) driven by hepatic stellate cells (HSCs) activation, remains a critical challenge due to its progression to cirrhosis and hepatocellular carcinoma (HCC). This review clarifies the complex crosstalk between the immune system and HSCs, highlighting key cellular players including macrophages, natural killer (NK) cells, regulatory T cells (Tregs), and their cytokine-mediated signaling pathways that regulate fibrogenesis and fibrosis resolution. We describe pivotal molecular mechanisms such as transforming growth factor (TGF)-β, platelet-derived growth factor (PDGF), Wnt/β-catenin, and NF-κB signaling in HSCs modulation, emphasizing their interplay with immune responses. Novel therapeutic strategies targeting this complex immune-HSCs interaction, ranging from immunomodulatory agents, macrophage polarization, and NK cell-based therapies, to stem cell-derived exosomes, offer promising opportunities for preventing and reversing fibrosis. We further discuss innovative combination therapies integrating immunotherapies with antifibrotic agents, personalized strategies based on immune profiling, and the challenges of immune heterogeneity in fibrosis management. This review discusses recent advances in molecular interplay of immune system and HSCs, highlighting novel therapeutic targets, and future perspectives for managing chronic liver diseases.",Immunology
"Immunotherapy embodies any approach that manipulates the immune system for therapeutic benefit. In this regard, various clinical trials have employed direct vaccination with patient-specific dendritic cells or adoptive T cell therapy to target highly aggressive tumors. Both modalities have demonstrated great specificity, an advantage that is unmatched by other treatment strategies. However, their full potential has yet to be realized. Areas covered: In this review, we provide an overview of chemokines in pathogen and anti-tumor immune responses and discuss further improving immunotherapies by arming particular chemokine axes. Expert commentary: The chemokine macrophage inflammatory protein-1 alpha (MIP-1α, CCL3) has emerged as a potent activator of both innate and adaptive responses. Specifically, CCL3 plays a critical role in recruiting distinct immune phenotypes to intratumoral sites, is a pivotal player in regulating lymph node homing of dendritic cell subsets, and induces antigen-specific T cell responses. The recent breadth of literature outlines the various interactions of CCL3 with these cellular subsets, which have now served as a basis for immunotherapeutic translation.",Immunology
"The treatment landscape of multiple myeloma is rapidly changing; however, despite improvement in patients' survival, it still remains a largely incurable disease. One hallmark of myeloma is substantial immune dysfunction leading to an increased infection rate and the inability of immune surveillance to detect neoplastic cells. Here, we critically analyze clinical approaches to harness the immune system to overcome this defect with a focus on antibody based and adoptive cellular therapies. Clinical trials exploring these immunotherapies to treat myeloma are now well underway and show promising results. In relapsed myeloma, monoclonal antibodies directed against plasma cell antigens and immune checkpoints have already shown substantial efficacy. In parallel, trials of adoptive cellular therapy have exciting promise in myeloma, having induced dramatic responses in a handful of early study participants. Taken together, immunotherapeutic approaches hold enormous potential in the field of multiple myeloma and in the near future can be combined with or even replace the current standard of care.",Immunology
"Immune cells, such as cytotoxic T lymphocytes, natural killer cells, B cells, and dendritic cells, have a central role in cancer immunotherapy. Conventional studies of cancer immunotherapy have focused mainly on the search for an efficient means to prime/activate tumor-associated antigen-specific immunity. A systematic understanding of the molecular basis of the trafficking and biodistribution of immune cells, however, is important for the development of more efficacious cancer immunotherapies. It is well established that the basis and premise of immunotherapy is the accumulation of effective immune cells in tumor tissues. Therefore, it is crucial to control the distribution of immune cells to optimize cancer immunotherapy. Recent characterization of various chemokines and chemokine receptors in the immune system has increased our knowledge of the regulatory mechanisms of the immune response and tolerance based on immune cell localization. Here, we review the immune cell recruitment and cell-based systems that can potentially control the systemic pharmacokinetics of immune cells and, in particular, focus on cell migrating molecules, i.e., chemokines, and their receptors, and their use in cancer immunotherapy.",Immunology
"Advances in understanding the ways in which the immune system fails to control tumor growth or prevent autoimmunity have led to the development of powerful therapeutic strategies to treat these diseases. In contrast to conventional therapies that have a broadly suppressive effect, immunotherapies are more akin to targeted therapies because they are mechanistically driven and are typically developed with the goal of ""drugging"" a specific underlying pathway or phenotype. This means that their effects and toxicities are, at least in theory, more straightforward to anticipate. The development of functionalized antibodies, genetically engineered T cells, and immune checkpoint inhibitors continues to accelerate, illuminating new biology and bringing new treatment to patients. In the following sections, we provide an overview of immunotherapeutic concepts, highlight recent advances in the field of immunotherapies, and discuss controversies and future directions, particularly as these pertain to hematologic oncology or blood-related diseases. We conclude by illustrating how original research published in this journal fits into and contributes to the overall framework of advances in immunotherapy.",Immunology
"Cryoablation is a hypothermic modality exercised as a focal therapy for annihilating cancer lesions. Its application leaves the ablated tumor in situ, allowing multifarious tumor antigens to be available to the host's immune system. This ensues the activation of innate and adaptive immunity against the tumor antigens. Therefore, cryoablation can be employed as an in vivo vaccination tool to fortify the impact of immunotherapies. Application of checkpoint inhibitors, toll-like receptor agonists, adoptive cell therapies and epigenetic modulators has been shown to galvanize the immune system against tumors. Preliminary data demonstrate an excellent synergy between cryoablation and immunotherapies. Future endeavors should focus on tailoring cryo-immunotherapies based on the tumor's immune signature and testing alternative approaches to circumvent treatment-associated toxicities and maximize efficacy.",Immunology
"The immune system is designed to discriminate between self and tumor tissue. Through genetic recombination, there is fundamentally no limit to the number of tumor antigens that immune cells can recognize. Yet, tumors use a variety of immunosuppressive mechanisms to evade immunity. Insight into how the immune system interacts with tumors is expanding rapidly and has accelerated the translation of immunotherapies into medical breakthroughs. Herein, we appraise novel strategies that exploit the patient's immune system to kill cancer. We review various forms of immune-based therapies, which have shown significant promise in patients with hematologic malignancies, including (i) conventional monoclonal therapies like rituximab; (ii) engineered monoclonal antibodies called bispecific T-cell engagers; (iii) monoclonal antibodies and pharmaceutical drugs that block inhibitory T-cell pathways (i.e. PD-1, CTLA-4, and IDO); and (iv) adoptive cell transfer therapy with T cells engineered to express chimeric antigen receptors or T-cell receptors. We also assess the idea of using these therapies in combination and conclude by suggesting multi-prong approaches to improve treatment outcomes and curative responses in patients.",Immunology
"Data on the effects of antiepileptic drugs on the immune system are frequently inconsistent and sometimes conflicting because the effects of drugs cannot be separated from those of seizures, first-generation drugs have been most intensively investigated, the patient's genetic background, the mechanism of action and the pharmacokinetic profile of AEDs and the concurrent use of immunosuppressant drugs may act as confounders. Valproate, carbamazepine, phenytoin, vigabatrin, levetiracetam, and diazepam have been found to modulate the immune system activity by affecting humoral and cellular immunity. AEDs are associated with pharmacokinetic interactions (most frequently occurring with carbamazepine, phenytoin, phenobarbital and valproate). Hepatic metabolism is the primary site of interaction for both AEDs and immunotherapies (ACTH, dexamethasone, hydrocortisone, methylprednisolone, cyclophosphamide, methotrexate, rituximab), which entail induction or inhibition of drug effects. However, the clinical importance of these drug interactions is still far from defined. An important adverse effect of the action of AEDs on the immune system is antiepileptic hypersensitivity syndrome (AHS), a life-threatening, idiosyncratic cutaneous reaction to aromatic AEDs resulting in end organ damage. Phenytoin, carbamazepine, phenobarbital, lamotrigine, oxcarbazepine, felbamate, and zonisamide have been implicated. The pathogenic mechanisms of AHS are incompletely understood.",Immunology
"The burden of neurological diseases in western societies has accentuated the need to develop effective therapies to stop the progression of chronic neurological diseases. Recent discoveries regarding the role of the immune system in brain damage coupled with the development of new technologies to manipulate the immune response make immunotherapies an attractive possibility to treat neurological diseases. The wide repertoire of immune responses and the possibility to engineer such responses, as well as their capacity to promote tissue repair, indicates that immunotherapy might offer benefits in the treatment of neurological diseases, similar to the benefits that are being associated with the treatment of cancer and autoimmune diseases. However, before applying such strategies to patients it is necessary to better understand the pathologies to be targeted, as well as how individual subjects may respond to immunotherapies, either in isolation or in combination. Due to the powerful effects of the immune system, one priority is to avoid tissue damage due to the activity of the immune system, particularly considering that the nervous system does not tolerate even the smallest amount of tissue damage.",Immunology
"There are at least 7 viruses implicated in the pathogenesis of 10% to 15% of all human cancers worldwide. Despite a high prevalence of infection with these viruses, only a minority of infected individuals develop a subsequent malignant tumor, underscoring the important role that host and environmental factors have in cancer development. This article reviews the mechanisms of viral carcinogenesis, with an emphasis on the viral evasion of the host immune system, and discusses how to harness the immune system effectively as a therapeutic tool in select cancers. Immune evasion mechanisms of these viral infections have an important role in carcinogenesis. Increased understanding of these mechanisms has paved the way for using immunotherapy to treat virus-associated cancers. This study summarizes the use of adoptive cell therapy, tumor vaccines, immune checkpoint inhibitors, and combination immunotherapies in the treatment of select virus-associated cancers. Immunotherapy is proving to be a useful strategy in the treatment of virus-associated cancers. A greater understanding of the processes of immune evasion in chronic infections and malignant tumors will continue to help in the goal of optimizing immunotherapy, which will in turn translate into remission and long-term survival in this patient population.",Immunology
"Immunotherapy for brain cancer has evolved dramatically over the past decade, owed in part to our improved understanding of how the immune system interacts with tumors residing within the central nervous system (CNS). Glioblastoma (GBM), the most common primary malignant brain tumor in adults, carries a poor prognosis (<15 months) and only few advances have been made since the FDA's approval of temozolomide (TMZ) in 2005. Importantly, several immunotherapies have now entered patient trials based on promising preclinical data, and recent studies have shed light on how GBM employs a slew of immunosuppressive mechanisms that may be targeted for therapeutic gain. Altogether, accumulating evidence suggests immunotherapy may soon earn its keep as a mainstay of clinical management for GBM. Here, we review cancer vaccines, checkpoint inhibitors, adoptive T-cell immunotherapy, and oncolytic virotherapy. Checkpoint blockade induces antitumor activity by preventing negative regulation of T-cell activation. This platform, however, depends on an existing frequency of tumor-reactive T cells. GBM tumors are exceptionally equipped to prevent this, occupying low levels of antigen expression and elaborate mechanisms of immunosuppression. Therefore, checkpoint blockade may be most effective when used in combination with a DC vaccine or adoptively transferred tumor-specific T cells generated ex vivo. Both approaches have been shown to induce endogenous immune responses against tumor antigens, providing a rationale for use with checkpoint blockade where both primary and secondary responses may be potentiated.",Immunology
"Advances in molecular biology have revolutionized the use of messenger RNA (mRNA) as a therapeutic. The concept of nucleic acid therapy with mRNA originated in 1990 when Wolff et al. reported successful expression of proteins in target organs by direct injection of either plasmid DNA or mRNA. It took decades to bring the transfection efficiency of mRNA closer to that of DNA. The next few decades were dedicated to turning in vitro-transcribed (IVT) mRNA from a promising delivery tool for gene therapy into a full-blown therapeutic modality, which changed the biotech market rapidly. Hundreds of clinical trials are currently underway using mRNA for prophylaxis and therapy of infectious diseases and cancers, in regenerative medicine, and genome editing. The potential of IVT mRNA to induce an innate immune response favors its use for vaccination and immunotherapy. Nonetheless, in non-immunotherapy applications, the intrinsic immunostimulatory activity of mRNA directly hinders the desired therapeutic effect since it can seriously impair the target protein expression. Targeting the same innate immune factors can increase the effectiveness of mRNA therapeutics for some indications and decrease it for others, and vice versa. The review aims to present the innate immunity-related 'barriers' or 'springboards' that may affect the development of immunotherapies and non-immunotherapy applications of mRNA medicines.",Immunology
"Cryptococcus neoformans is an encapsulated fungal pathogen that causes infection in immunocompromised individuals such as HIV patients, organ transplant patients, hematological malignancies, diabetes patients, etc. The most common invasive fungal pathogens are Candida spp., Aspergillus spp., and Cryptococcus spp. Cryptococcal meningitis has become increasingly common in immunocompromised patients resulting in a death rate of up to 90%. In low-income and middle-income countries, C. neoformans is a neglected killer in most parts of the world. It has unique and complicated virulence factors that facilitate its intracellular survival and dissemination. The initial infection, latency, or dissemination of the pathogen is determined by its specific morphological features such as capsule size, melanin pigment, biofilm development, etc. In this review, we discussed the worldwide distribution, classification of Cryptococcus spp., and a major focus on the pathogen's strategies that allow it to survive, proliferate subsequently disseminate resulting in cellular damage and treatment.",Infectious Disease
"Pathogens, including bacteria, viruses and fungi, employ virulence genes to invade their hosts, circumvent immunity and induce diseases. The present review examines the categorization and regulatory mechanisms of virulence genes and their co‑evolution with antimicrobial resistance. The present review focused on the fimbrial adhesion H adhesion gene of <i>Escherichia coli</i>, the spike protein gene of severe acute respiratory syndrome coronavirus 2 and the enhanced filamentous growth protein 1 (EFG1) morphological transition gene of <i>Candida albicans</i>, as well as their roles in host adhesion, immune evasion and tissue damage. Application of technologies, including multi‑omics integration, artificial intelligence and CRISPR‑based genome editing, is discussed in the context of precision diagnostics, targeted therapy and vaccine development. By elucidating pathogen adaptation dynamics and host‑pathogen interactions, the present review offers a basis for reducing the global burden of drug‑resistant infections through improved surveillance and personalized interventions.",Infectious Disease
"Tuberculosis (TB) remains a leading cause of death globally. Dissemination of TB to the brain results in the most severe form of extrapulmonary TB, tuberculous meningitis (TBM), which represents a medical emergency associated with high rates of mortality and disability. Via various mechanisms the Mycobacterium tuberculosis (M.tb) bacillus disseminates from the primary site of infection and overcomes protective barriers to enter the CNS. There it induces an inflammatory response involving both the peripheral and resident immune cells, which initiates a cascade of pathologic mechanisms that may either contain the disease or result in significant brain injury. Here we review the steps from primary infection to cerebral disease, factors that contribute to the virulence of the organism and the vulnerability of the host and discuss the immune response and the clinical manifestations arising. Priorities for future research directions are suggested.",Infectious Disease
"The past two decades have seen an increasing number of virulent infectious diseases in natural populations and managed landscapes. In both animals and plants, an unprecedented number of fungal and fungal-like diseases have recently caused some of the most severe die-offs and extinctions ever witnessed in wild species, and are jeopardizing food security. Human activity is intensifying fungal disease dispersal by modifying natural environments and thus creating new opportunities for evolution. We argue that nascent fungal infections will cause increasing attrition of biodiversity, with wider implications for human and ecosystem health, unless steps are taken to tighten biosecurity worldwide.",Infectious Disease
"<i>Chlamydia trachomatis</i> is an obligate intracellular pathogen and the leading cause of bacterial sexually transmitted infections and infectious blindness worldwide. All <i>Chlamydia</i> species share a unique biphasic developmental cycle, alternating between infectious elementary bodies (EBs) and replicative reticulate bodies (RBs). The pathogenesis of <i>C. trachomatis</i> is driven by a sophisticated arsenal of adhesins, conventional type III secretion system effector proteins, and inclusion membrane proteins that subvert host cellular processes to establish infection and promote survival. In this review, we highlight the molecular mechanisms underlying <i>C. trachomatis</i> infection, focusing on key stages of its developmental cycle, including adhesion, invasion, replication, and egress. We delve into its interactions with host cytoskeletal structures, immune signaling pathways, and intracellular trafficking systems, as well as its strategies for immune evasion and persistence. Understanding these mechanisms offers critical insights into <i>C. trachomatis</i> pathogenesis and identifies promising avenues for therapeutic and vaccine development.",Infectious Disease
"Cryptococcus is a unique environmental fungus. Among the more than three dozen species of Cryptococcus, only C. neoformans and C. gattii commonly cause disease. Although many of these infections occur in immunocompromised patients, C. gattii has recently come to public attention because of an outbreak of devastating illness in immunocompetent individuals. The polysaccharide capsule of Cryptococcus is a major virulence factor, and in addition to surrounding the organism, it is also released into the environment. Cryptococcus is believed to enter the body through the lung causing pulmonary disease, but because of its neurotropic nature, the central nervous system is a major target organ. The major risk factors include HIV and organ transplantation. Depending on the site of infection and the patient's immune status, the clinical manifestations vary from asymptomatic to severe life-threatening disease. Treatment regimens depend on the immune status of the patient and the severity of the disease, and include both polyene and imidazole antifungal agents in addition to surgical adjuvant therapy. However, despite antifungal therapy, the mortality remains between 10 and 25% in patients with AIDS, and at least one-third of patients with cryptococcal meningitis experience mycological or clinical failure. Consequently, the mechanism of cryptococcal invasion, immune response, pathogenesis, and treatment continue to be areas of active study. With our advancing knowledge in these areas, we aim at better management for this devastating group of infections.",Infectious Disease
"Pathogenic Leptospira species are the causative agents of leptospirosis, a world-spreading zoonotic infectious disease. The pathogens possess a powerful invasiveness by invading human body through mucosal/skin barriers, rapid entry into bloodstream to cause septicemia, diffusion from bloodstream into internal organs and tissues to cause aggravation of disease, and discharge from urine through renal tubules to form natural infectious sources. Leptospirosis patients present severe inflammatory symptoms such as high fever, myalgia and lymphadenectasis. Hemorrhage and jaundice are the pathological features of this disease. Previous studies revealed that some outer membrane proteins of Leptospira interrogans, the most important pathogenic Leptospira species, acted as adherence factors to binding to receptor molecules (fibronectin, laminin and collagens) in extracellular matrix of host cells. Collagenase, metallopeptidases and endoflagellum contributed to the invasiveness of L. interrogans. Except for lipopolysaccharide, multiple hemolysins of L. interrogans displayed a powerful ability to induce pro-inflammatory cytokines and hepatocyte apoptosis. vWA and platelet activating factor acetylhydrolase-like proteins from L. interrogans could induce severe pulmonary hemorrhage in mice. L. interrogans utilized cellular endocytic recycling and vesicular transport systems for intracellular migration and transcellular transport. All the research achievements are helpful for further understanding the virulence of pathogenic Leptospira species and pathogenesis of leptospirosis.",Infectious Disease
"There is growing awareness of the health implications of fact that infectious agents often do not act independently; rather their disease potential is mediated in diverse and significant ways by their relationships with other pathogens. Pathogen-pathogen interaction (PPI), for example, impacts various virulence factors in human infection. Although still in its infancy, the study of PPI, a form of epidemiological synergism, is emerging as an important arena of new research and new understanding in health and clinical care. The aims of this paper are to: 1) draw attention to the role of PPI in human disease patterns; 2) present the syndemics model as a biosocial approach for examining the nature, pathways, contexts, and health implications of PPI; and 3) suggest the utility of this approach to PPI. Toward these ends, this paper (a) reviews three of case examples of alternative PPIs, (b) describes the development and key concepts and components of the syndemics model with specific reference to interacting infectious agents, (c) contextualizes this discussion with a brief review of broader syndemics disease processes (not necessarily involving infections disease), and (d) comments on the research, treatment and prevention implications of syndemic interaction among pathogens.",Infectious Disease
"After half a century of success in combating infectious diseases with vaccination and antibiotics, emerging and reemerging epidemics present a new threat to human health. Meanwhile, the rapid pace of viral and microbial genomics research, largely based on the success of genomics technologies, offers new data-generating platforms and a revolutionary knowledge base for better understanding the diseases and the associated pathogens. Systematic molecular biology studies using genomics information and technologies have helped to elucidate mechanisms of virulence and pathogenicity, whereas genomics-based medical genetic studies have been used to better understand pathogen susceptibility. This progress may lead to the development of effective and safe vaccines in the future. Here we highlight the ongoing historical transition in the field of infectious disease research and clinical practice in the new era of genomics.",Infectious Disease
"At the close of the 19th century, the germ theory had generated a new understanding of the causes of acute infectious diseases and revealed new directions for study. This understanding contributed to the greatest improvements in health in the history of medicine. At the end of the 20th century, the second stage of this disciplinary development is occurring. The old germ theory is being expanded into a new germ theory, which, by integrated the full spectrum of biologic disciplines. This new germ theory is emphasizing how environments and human activities influence the characteristics of infectious agents and the broader role of infection as a cause of chronic diseases.",Infectious Disease
"Plants commonly face the threat of invasion by a wide variety of pathogens and have developed sophisticated immune mechanisms to defend against infectious diseases. However, successful pathogens have evolved diverse mechanisms to overcome host immunity and cause diseases. Different cell structures and unique cellular organelles carried by plant cells endow plant-specific defense mechanisms, in addition to the common framework of innate immune system shared by both plants and animals. Effectors serve as crucial virulence weapons employed by phytopathogens to disarm the plant immune system and promote infection. Here we summarized the many diverse strategies by which phytopathogen effectors overcome plant defense and prospected future perspectives. This article is categorized under: Infectious Diseases > Molecular and Cellular Physiology.",Infectious Disease
"Whole genome sequencing (WGS) of pathogens enables the sources and patterns of transmission to be identified during specific disease outbreaks and promises to transform epidemiological research on communicable diseases. This review discusses new insights into disease spread and transmission that have come from the use of WGS, particularly when combined with genomic scale phylogenetic analyses. These include elucidation of the mechanisms of cross species transmission, the potential modes of pathogen transmission, and which people in the population contribute most to transmission. Particular attention is paid to the ability of WGS to resolve individual patient to patient transmission events. Importantly, WGS data seem to be sufficiently discriminatory to target cases linked to community or hospital contacts and hence prevent further spread, and to investigate genetically related cases without a clear epidemiological link. Approaches to combine evidence from epidemiological with genomic sequencing observations are summarised. Ongoing genomic surveillance can identify determinants of transmission, monitor pathogen evolution and adaptation, ensure the accurate and timely diagnosis of infections with epidemic potential, and refine strategies for their control.",Infectious Disease
"The study of metabolic changes associated with host-pathogen interactions have largely focused on the strategies that microbes use to subvert host metabolism to support their own proliferation. However, recent reports demonstrate that changes in host cell metabolism can also be detrimental to pathogens and restrict their growth. In this Review, I present a framework to consider how the host cell exploits the multifaceted roles of metabolites to defend against microbes. I also highlight how the rewiring of metabolic processes can strengthen cellular barriers to microbial invasion, regulate microbial virulence programs and factors, limit microbial access to nutrient sources and generate toxic environments for microbes. Collectively, the studies described here support a critical role for the rewiring of cellular metabolism in the defense against microbes. Further study of host-pathogen interactions from this framework has the potential to reveal novel aspects of host defense and metabolic control, and may inform how human metabolism impacts the progression of infectious disease.",Infectious Disease
"Infectious diseases continue to plague the modern world. In the evolutionary arms race of pathogen emergence, the rules of engagement appear to have suddenly changed. Human activities have collided with nature to hasten the emergence of more potent pathogens from natural microbial populations. This is evident in recent infectious disease outbreaks, the events that led to their origin, and lessons learned: influenza (2009), meningitis (Africa, 2009), cholera (Haiti, 2010), E. coli (Germany, 2011) and Salmonella (USA, 2012). Developing a comprehensive control plan requires an understanding of the genetics, epidemiology and evolution of emergent pathogens for which humans have little or no pre-existing immunity. As we plot our next move, nature's genetic lottery continues, providing the fuel to transform the most unlikely infectious disease scenarios into reality.",Infectious Disease
"Host age is often evoked as an intrinsic factor aggravating the outcome of host-pathogen interactions. However, the shape of the relationship between age and infection-induced mortality might differ among pathogens, with specific clinical and ecological traits making some pathogens more likely to exert higher mortality in older hosts. Here, we used a large dataset on age-specific case fatality rate (CFR) of 28 human infectious diseases to investigate i) whether age is consistently associated to increased CFR, ii) whether pathogen characteristics might explain higher CFR in older adults. We found that, for most of the infectious diseases considered here, CFR slightly decreased during the first years of life and then steeply increased in older adults. Pathogens inducing diseases with long-lasting symptoms had the steepest increase of age-dependent CFR. Similarly, bacterial diseases and emerging viruses were associated with increasing mortality risk in the oldest age classes. On the contrary, we did not find evidence suggesting that systemic infections have steeper slopes between CFR and age; similarly, the relationship between age and CFR did not differ according to the pathogen transmission mode. Overall, our analysis shows that age is a key trait affecting infection-induced mortality rate in humans, and that the extent of the aggravating effect on older adults depends on some key traits, such as the duration of illness.",Infectious Disease
"The FASEB Summer Research Conference on Microbial Pathogenesis: Mechanisms of Infectious Disease was held in Colorado, USA in July 2007. The central theme was the interplay between pathogenic microbes and their mammalian hosts. Here, we review the presented research that highlights this theme, including studies of both short-term and long-term interactions between microbes and their hosts.",Infectious Disease
"Gram-positive bacteria are leading causes of many types of human infection, including pneumonia, skin and nasopharyngeal infections, as well as urinary tract and surgical wound infections among hospitalized patients. These infections have become particularly problematic because many of the species causing them have become highly resistant to antibiotics. The role of mobile genetic elements, such as plasmids, in the dissemination of antibiotic resistance among Gram-positive bacteria has been well studied; less well understood is the role of mobile elements in the evolution and spread of virulence traits among these pathogens. While these organisms are leading agents of infection, they are also prominent members of the human commensal ecology. It appears that these bacteria are able to take advantage of the intimate association between host and commensal, via virulence traits that exacerbate infection and cause disease. However, evolution into an obligate pathogen has not occurred, presumably because it would lead to rejection of pathogenic organisms from the host ecology. Instead, in organisms that exist as both commensal and pathogen, selection has favored the development of mechanisms for variability. As a result, many virulence traits are localized on mobile genetic elements, such as virulence plasmids and pathogenicity islands. Virulence traits may occur within a minority of isolates of a given species, but these minority populations have nonetheless emerged as a leading problem in infectious disease. This chapter reviews virulence plasmids in nonsporulating Gram-positive bacteria, and examines their contribution to disease pathogenesis.",Infectious Disease
"Current methods for combatting infectious diseases are largely limited to the prevention of infection, enhancing host immunity (via vaccination), and administration of small molecules to slow the growth of or kill pathogens (e.g. antimicrobials). Beyond efforts to deter the rise of antimicrobial resistance, little consideration is given to pathogen evolution. Natural selection will favor different levels of virulence under different circumstances. Experimental studies and a wealth of theoretical work have identified many likely evolutionary determinants of virulence. Some of these, such as transmission dynamics, are amenable to modification by clinicians and public health practitioners. In this article, we provide a conceptual overview of virulence, followed by an analysis of modifiable evolutionary determinants of virulence including vaccinations, antibiotics, and transmission dynamics. Finally, we discuss both the importance and limitations of taking an evolutionary approach to reducing pathogen virulence.",Infectious Disease
"The incidence of invasive salmonellosis has increased among children and HIV-infected adults in Malawi. This has been associated with the emergence of drug resistance in the non-typhoidal Salmonella serovars Enteritidis and Typhimurium. In contrast, S. Typhi isolates have remained fully sensitive to commonly used antibiotics and the estimated incidence of typhoid fever, although still present, has fallen slightly among both adults and children. Infection with S. Typhi is not closely associated with underlying immunosuppression but it is possible that the non-typhoidal Salmonellae have adapted to the person-person human transmission niche in this frequently immunosuppressed population. The huge burden of invasive salmonellosis in Malawi, the high associated mortality, and the recent emergence of drug resistance emphasise the need for a better understanding of the epidemiology and the need for vaccine development.",Infectious Disease
"Sex differences in the prevalence, course and severity of infection are widespread, yet the evolutionary consequences of these differences remain unclear. Understanding how male-female differences affect the trajectory of infectious disease requires connecting the contrasting dynamics that pathogens might experience within each sex to the number of susceptible and infected individuals that are circulating in a population. In this study, we build on theory using genetic covariance functions to link the growth of a pathogen within a host to the evolution and spread of disease between individuals. Using the <i>Daphnia-Pasteuria</i> system as a test case, we show that on the basis of within-host dynamics alone, females seem to be more evolutionarily liable for the pathogen, with higher spore loads and greater divergence among pathogen genotypes as infection progresses. Between-host transmission, however, appears to offset the lower performance of a pathogen within a male host, making even subtle differences between the sexes evolutionarily relevant, as long as the selection generated by the between-host dynamics is sufficiently strong. Our model suggests that relatively simple differences in within-host processes occurring in males and females can lead to complex patterns of genetic constraint on pathogen evolution, particularly during an expanding epidemic.This article is part of the theme issue 'Linking local adaptation with the evolution of sex differences'.",Infectious Disease
"Spatial localization of an obligate-killing, free-living pathogen generates a landscape of patches where new infections occur. As an infectious patch ages, both pathogen exposure at the patch and the probability of lethal infection following exposure can decline. We model stage-structured infectious patches, where non-lethal exposure can naturally ""vaccinate"" susceptible hosts. We let the between-stage difference in pathogen transmission, and then the between-stage difference in patch virulence, increase independently of other parameters. Effects of increasing either between-stage difference (about a fixed mean) depend on the probability a patch transitions from the first to second stage, i.e., the chance that a killer patch becomes a vaccinator. For slower stage transition, greater between-stage differences decreased susceptibles, and increased both resistant-host and killer patch numbers. But our examples reveal that each effect can be reversed when between-stage transition occurs more rapidly. For sufficiently rapid stage transition, increased between-stage virulence differences can lead to pathogen extinction, and leave the host at disease-free equilibrium. The model's general significance lies in demonstrating how epidemiological variation among sites of environmentally transmitted disease can strongly govern host-parasite dynamics.",Infectious Disease
"The rise in antimicrobial drug resistance, alongside the failure of conventional research to discover new antibiotics, will inevitably lead to a public health crisis that can drastically curtail our ability to combat infectious disease. Thus, there is a great global health need for development of antimicrobial countermeasures that target novel cell molecules or processes. RNA represents a largely unexploited category of potential targets for antimicrobial design. For decades, control of cellular behavior was thought to be the exclusive purview of protein-based regulators. The recent discovery of small RNAs (sRNAs) as a universal class of powerful RNA-based regulatory biomolecules has the potential to revolutionize our understanding of gene regulation in practically all biological functions. In general, sRNAs regulate gene expression by base-pairing with multiple downstream target mRNAs to prevent translation of mRNA into protein. In this review, we will discuss recent studies that document discovery of bacterial, viral, and human sRNAs and their molecular mechanisms in regulation of pathogen virulence and host immunity. Illuminating the functional roles of sRNAs in virulence and host immunity can provide the fundamental knowledge for development of next-generation antibiotics using sRNAs as novel targets.",Infectious Disease
"This paper explores the optimal treatment of an infectious disease in a Susceptible-Infected-Susceptible model, where there are two strains of the disease and one strain is more infectious than the other. The strains are perfectly distinguishable, instantly diagnosed and equally costly in terms of social welfare. Treatment is equally costly and effective for both strains. Eradication is not possible, and there is no superinfection. In this model, we characterise two types of fixed points: coexistence equilibria, where both strains prevail, and boundary equilibria, where one strain is asymptotically eradicated and the other prevails at a positive level. We derive regimes of feasibility that determine which equilibria are feasible for which parameter combinations. Numerically, we show that optimal policy exhibits switch points over time, and that the paths to coexistence equilibria exhibit spirals, suggesting that coexistence equilibria are never the end points of optimal paths.",Infectious Disease
"Respiratory viruses can cause a wide spectrum of pulmonary diseases, ranging from mild, upper respiratory tract infections to severe and life-threatening lower respiratory tract infections, including the development of acute lung injury (ALI) and acute respiratory distress syndrome (ARDS). Viral clearance and subsequent recovery from infection require activation of an effective host immune response; however, many immune effector cells may also cause injury to host tissues. Severe acute respiratory syndrome (SARS) coronavirus and Middle East respiratory syndrome (MERS) coronavirus cause severe infection of the lower respiratory tract, with 10% and 35% overall mortality rates, respectively; however, >50% mortality rates are seen in the aged and immunosuppressed populations. While these viruses are susceptible to interferon treatment in vitro, they both encode numerous genes that allow for successful evasion of the host immune system until after high virus titres have been achieved. In this review, we discuss the importance of the innate immune response and the development of lung pathology following human coronavirus infection.",Infectious Disease
"Gonorrhea has been known since antiquity. Today, this disease is the most commonly reported infectious disease in the U.S. The natural environment of the etiological agent, Neisseria gonorrhoeae, is man. In this host, the organism usually parasitizes mucosal surfaces populated by columnar epithelial cells. Under certain conditions, the gonococcus may disseminate or spread to adjacent organs. The gonococcus is well adapted to its environment and is a successful parasite. Until recently, gonococci were uniformly sensitive to penicilin. However, a plasmid encoding beta-lactamase has been identified in some isolates. Most strains exhibit specific requirements for various amino acids, vitamins, purines, and pyrimidines. Only glucose, pyruvate, and lactate are utilized as sources of energy. Glucose is dissimilated by a combination of the Entner-Doudoroff and pentose phosphate pathways. A tricarboxylic acid cycle is also present and active under certain conditions. Structurally, the cell envelope of the gonococcus resembles that of a typical Gram-negative bacterium. Gonococci are highly autolytic, especially in older cultures or after depletion of the energy source. Autolysis is not due solely to peptidoglycan hydrolysis, but appears to involve a destabilization of the outer membrane as well. Cell surface components such as pili, lipopolysaccharide, outer membrane proteins, and a capsule are associated with the virulence and pathogenicity of this organism.",Infectious Disease
"Receptors that display negative signalling functions on lymphocytes and other cells of the reticuloendothelial system now number about 30. These negative receptors are transmembrane glycoproteins activated by phosphorylation of a tyrosine residue in immunoreceptor tyrosine-based inhibitory motifs that bind various phosphatases to induce dominant negative signals. Since these receptors are armed by the action of activating receptors and inhibit signalling by activating receptors, we have termed them coinhibitory receptors and the negative outcome is coinhibition. Coinhibitory receptors and some inhibitory mediators include FcgammaRIIB, CTLA-4, CD5, CD22, p58/70/140 KIR, gp49B1/gp91, PIRB1-5, LAIR-1, NKB1, Ly49 A/C/E/F/G, NKG2-A/B APC-R, CD66, CD72, PD-1, SHPS-1, SIRP-alpha1, ILT1-5, MIR7, 10, hMIR(HM18), hMIR(HM9), LIR1-3,5,8, Fas (CD95), TGFbeta-R, TNF-R1, IFNgamma-R (alpha and beta chains), mast cell function Ag, H2-M, HLA-DM, CD1, CD1-d, CD46, c-cbl, Pyk2/FADK2, P130 Ca rel prot, PGDF-R, LIF, LIF-R, CIS, SOCS13 and 5, and others are being defined regularly. This long list suggests that coinhibitors are needed not only for self-nonself discrimination, but also for control of ongoing responses to foreign antigens so that infectious agents are ideally dealt with by an appropriate level of immune responses to nonself and an appropriate amount of immunopathology and sickness behaviour.",Infectious Disease
"Researchers worldwide are repeatedly warning us against future zoonotic diseases resulting from humankind's insurgence into natural ecosystems. The same zoonotic pathogens that cause severe infections in a human host frequently fail to produce any disease outcome in their natural hosts. What precise features of the immune system enable natural reservoirs to carry these pathogens so efficiently? To understand these effects, we highlight the importance of tracing the evolutionary basis of pathogen tolerance in reservoir hosts, while drawing implications from their diverse physiological and life-history traits, and ecological contexts of host-pathogen interactions. Long-term co-evolution might allow reservoir hosts to modulate immunity and evolve tolerance to zoonotic pathogens, increasing their circulation and infectious period. Such processes can also create a genetically diverse pathogen pool by allowing more mutations and genetic exchanges between circulating strains, thereby harboring rare alive-on-arrival variants with extended infectivity to new hosts (i.e., spillover). Finally, we end by underscoring the indispensability of a large multidisciplinary empirical framework to explore the proposed link between evolved tolerance, pathogen prevalence, and spillover in the wild.",Infectious Disease
"There is increasing interest in the role that evolution may play in current and future pandemics, but there is often also considerable confusion about the actual evolutionary predictions. This may be, in part, due to a historical separation of evolutionary and medical fields, but there is a large, somewhat nuanced body of evidence-supported theory on the evolution of infectious disease. In this review, we synthesize this evolutionary theory in order to provide a framework for clearer understanding of the key principles. Specifically, we discuss the selection acting on zoonotic pathogens' transmission rates and virulence at spillover and during emergence. We explain how the direction and strength of selection during epidemics of emerging zoonotic disease can be understood by a three Ts framework: trade-offs, transmission, and time scales. Virulence and transmission rate may trade-off, but transmission rate is likely to be favoured by selection early in emergence, particularly if maladapted zoonotic pathogens have 'no-cost' transmission rate improving mutations available to them. Additionally, the optimal virulence and transmission rates can shift with the time scale of the epidemic. Predicting pathogen evolution, therefore, depends on understanding both the trade-offs of transmission-improving mutations and the time scales of selection.",Infectious Disease
"Climate change and anthropogenic activity are currently driving large changes in nutritional availability across ecosystems, with consequences for infectious disease. An increase in host nutrition could lead to more resources for hosts to expend on the immune system or for pathogens to exploit. In this paper, we report a meta-analysis of studies on host-pathogen systems across the tree of life, to examine the impact of host nutritional quality and quantity on pathogen virulence. We did not find broad support across studies for a one-way effect of nutrient availability on pathogen virulence. We thus discuss a hypothesis that there is a balance between the effect of host nutrition on the immune system and on pathogen resources, with the pivot point of the balance differing for vertebrate and invertebrate hosts. Our results suggest that variation in nutrition, caused by natural or anthropogenic factors, can have diverse effects on infectious disease outcomes across species.",Infectious Disease
"Haemophilus ducreyi is the causative agent of chancroid, one of the genital ulcerative diseases. H. ducreyi is the major cause of genital ulcer disease in Africa and Southeast Asia and is of increasing concern in the United States. Definitive diagnosis of chancroid requires the isolation and identification of H. ducreyi, but isolation of this organism is difficult and the available medium is not optimal for all strains. Fluorescent antibody and serologic tests are of limited value. In general, our knowledge of this organism is rather limited, and indeed, recent studies have questioned the placement of H. ducreyi in the genus Haemophilus. H. ducreyi has relatively few biochemical activities, and epidemiologic studies are limited because there are limited phenotypic markers available for strain typing. Specific virulence factors of H. ducreyi have yet to be identified. Antimicrobial resistance in H. ducreyi is of special concern, as this organism has acquired both gram-negative and gram-positive resistance determinants. In addition, some of these determinants can be mobilized and transferred to other Haemophilus species or to Neisseria gonorrhoeae.",Infectious Disease
"Over the past several decades, outbreaks of emerging infectious diseases (EIDs) in wild birds have attracted worldwide media attention, either because of their extreme virulence or because of alarming spillovers into agricultural animals or humans. The pathogens involved have been found to infect a variety of bird hosts ranging from relatively few species (e.g. Trichomonas gallinae) to hundreds of species (e.g. West Nile Virus). Here we review and contrast the immune responses that wild birds are able to mount against these novel pathogens. We discuss the extent to which these responses are associated with reduced clinical symptoms, pathogen load and mortality, or conversely, how they can be linked to worsened pathology and reduced survival. We then investigate how immune responses to EIDs can evolve over time in response to pathogen-driven selection using the illustrative case study of the epizootic outbreak of Mycoplasma gallisepticum in wild North American house finches (Haemorhous mexicanus). We highlight the need for future work to take advantage of the substantial inter- and intraspecific variation in disease progression and outcome following infections with EID to elucidate the extent to which immune responses confer increased resistance through pathogen clearance or may instead heighten pathogenesis.",Infectious Disease
"Infectious disease research is generating an increasing amount of disparate data on pathogenic systems. There is a growing need for resources that effectively integrate, analyze, deliver and visualize these data, both to improve our understanding of infectious diseases and to facilitate the development of strategies for disease control and prevention. We have developed Disease View, an online host-pathogen resource that enables infectious disease-centric access, analysis and visualization of host-pathogen interactions. In this resource, we associate infectious diseases with corresponding pathogens, provide information on pathogens, pathogen virulence genes and the genetic and chemical evidences for the human genes that are associated with the diseases. We also deliver the relationships between pathogens, genes and diseases in an interactive graph and provide the geolocation reports of associated diseases around the globe in real time. Unlike many other resources, we have applied an iterative, user-centered design process to the entire resource development, including data acquisition, analysis and visualization. Freely available at http://www.patricbrc.org; all major web browsers supported. cmao@vbi.vt.edu Supplementary data are available at Bioinformatics online.",Infectious Disease
"Viral vaccines have had remarkable positive impacts on human health as well as the health of domestic animal populations. Despite impressive vaccine successes, however, many infectious diseases cannot yet be efficiently controlled or eradicated through vaccination, often because it is impossible to vaccinate a sufficient proportion of the population. Recent advances in molecular biology suggest that the centuries-old method of individual-based vaccine delivery may be on the cusp of a major revolution. Specifically, genetic engineering brings to life the possibility of a live, transmissible vaccine. Unfortunately, releasing a highly transmissible vaccine poses substantial evolutionary risks, including reversion to high virulence as has been documented for the oral polio vaccine. An alternative, and far safer approach, is to rely on genetically engineered and weakly transmissible vaccines that have reduced scope for evolutionary reversion. Here, we use mathematical models to evaluate the potential efficacy of such weakly transmissible vaccines. Our results demonstrate that vaccines with even a modest ability to transmit can significantly lower the incidence of infectious disease and facilitate eradication efforts. Consequently, weakly transmissible vaccines could provide an important tool for controlling infectious disease in wild and domestic animal populations and for reducing the risks of emerging infectious disease in humans.",Infectious Disease
"Host-pathogen interactions provide valuable systems for the study of evolutionary genetics and natural selection. The sequestration of essential iron has emerged as a crucial innate defense system termed nutritional immunity, leading pathogens to evolve mechanisms of 'iron piracy' to scavenge this metal from host proteins. This battle for iron carries numerous consequences not only for host-pathogen evolution but also microbial community interactions. Here we highlight recent and potential future areas of investigation on the evolutionary implications of microbial iron piracy in relation to molecular arms races, host range, competition, and virulence. Applying evolutionary genetic approaches to the study of microbial iron acquisition could also provide new inroads for understanding and combating infectious disease.",Infectious Disease
"Biology can be misused, and the risk of this causing widespread harm increases in step with the rapid march of technological progress. A key security challenge involves attribution: determining, in the wake of a human-caused biological event, who was responsible. Recent scientific developments have demonstrated a capability for detecting whether an organism involved in such an event has been genetically modified and, if modified, to infer from its genetic sequence its likely lab of origin. We believe this technique could be developed into powerful forensic tools to aid the attribution of outbreaks caused by genetically engineered pathogens, and thus protect against the potential misuse of synthetic biology.",Infectious Disease
"Our understanding of the processes involved in infection has grown enormously in the past decade due in part to emerging methods of biophysics. This new insight has been enabled through advances in interdisciplinary experimental technologies and theoretical methods at the cutting-edge interface of the life and physical sciences. For example, this has involved several state-of-the-art biophysical tools used in conjunction with molecular and cell biology approaches, which enable investigation of infection in living cells. There are also new, emerging interfacial science tools which enable significant improvements to the resolution of quantitative measurements both in space and time. These include single-molecule biophysics methods and super-resolution microscopy approaches. These new technological tools in particular have underpinned much new understanding of dynamic processes of infection at a molecular length scale. Also, there are many valuable advances made recently in theoretical approaches of biophysics which enable advances in predictive modelling to generate new understanding of infection. Here, I discuss these advances, and take stock on our knowledge of the biophysics of infection and discuss where future advances may lead.",Infectious Disease
"Although almost all mycobacterial species are saprophytic environmental organisms, a few, such as <i>Mycobacterium tuberculosis</i>, have evolved to cause transmissible human infection. By analyzing the recent emergence and spread of the environmental organism <i>M. abscessus</i> through the global cystic fibrosis population, we have defined key, generalizable steps involved in the pathogenic evolution of mycobacteria. We show that epigenetic modifiers, acquired through horizontal gene transfer, cause saltational increases in the pathogenic potential of specific environmental clones. Allopatric parallel evolution during chronic lung infection then promotes rapid increases in virulence through mutations in a discrete gene network; these mutations enhance growth within macrophages but impair fomite survival. As a consequence, we observe constrained pathogenic evolution while person-to-person transmission remains indirect, but postulate accelerated pathogenic adaptation once direct transmission is possible, as observed for <i>M. tuberculosis</i> Our findings indicate how key interventions, such as early treatment and cross-infection control, might restrict the spread of existing mycobacterial pathogens and prevent new, emergent ones.",Infectious Disease
"Medical research reports that women often exhibit stronger immune responses than men, while pathogens tend to be more virulent in men. Current explanations cannot account for this pattern, creating an obstacle for our understanding of infectious-disease outcomes and the incidence of autoimmune diseases. We offer an alternative explanation that relies on a fundamental difference between the sexes: maternity and the opportunities it creates for transmission of pathogens from mother to child (vertical transmission). Our explanation relies on a mathematical model of the co-evolution of host immunocompetence and pathogen virulence. Here, we show that when there is sufficient vertical transmission co-evolution leads women to defend strongly against temperate pathogens and men to defend weakly against aggressive pathogens, in keeping with medical observations. From a more applied perspective, we argue that limiting vertical transmission of infections would alleviate the disproportionate incidence of autoimmune diseases in women over evolutionary time.",Infectious Disease
"Infectious diseases are the leading cause of death of children worldwide, causing a tenacious and major public-health burden. The dynamic interplay between pathogens and their host is one of the most complicated themes of the disease progression. Pathogens excel in developing different means to facilitate cell-cell communication via secreted vesicles, among others. The released vesicles are involved in the transfer of biologically active molecules that induce phenotypic changes in the recipient cells. The messages within the vesicles are delivered to coordinate diverse processes, including virulence factor expression, differentiation state and control of their population density. Importantly, production of such vesicles promotes pathogen survival, as it provides a secure means of pathogen-pathogen communication and an ability to manipulate host responses for their own benefits. This review highlights intriguing findings, which show the important role of EVs in the social activity of pathogens, within and in between their communities. We further present examples of how pathogens use EVs to alter host immune and non-immune responses. Advancing our understanding of cell-cell communication in infectious diseases will be particularly useful to decipher the complexity of the cross-talk between pathogens themselves and their hosts, leading to the development of therapeutic strategies for fighting infectious agents.",Infectious Disease
"The continual emergence of new pathogens and the increased spread of antibiotic resistance in bacterial populations remind us that microbes are living entities that evolve at rates that impact public health interventions. Following the historical thread of the works of Pasteur and Darwin shows how reconciling clinical microbiology, ecology, and evolution can be instrumental to understanding pathology, developing new therapies, and prolonging the efficiency of existing ones.",Infectious Disease
"Type III secretion (T3S) is a mechanism that is central to the biology of the Chlamydiaceae and many other pathogens whose virulence depends on the translocation of toxic effector proteins to cytosolic targets within infected eukaryotic cells. Biomathematical simulations, using a previously described model of contact-dependent, T3S-mediated chlamydial growth and late differentiation, suggest that chlamydiae contained in small non-fusogenic inclusions will persist. Here, we further discuss the model in the context of in vitro-persistent, stress-induced aberrantly enlarged forms and of recent studies using small molecule inhibitors of T3S. A general mechanism is emerging whereby both early- and mid-cycle T3S-mediated activities and late T3S inactivation upon detachment of chlamydiae from the inclusion membrane are crucial for chlamydial intracellular development.",Infectious Disease
"Cryptococcus neoformans is a basidiomycete that can cause life-threatening meningoencephalitis in patients with and without impaired immune function. Cryptococcosis is usually an opportunistic infection in patients with compromised immunity as a consequence of HIV-1 infection, steroid administration, cancer chemotherapy, sarcoidosis, diabetes, or inherited immune system defects. This pathogenic yeast has a defined sexual cycle, which allows classical genetic analysis. Molecular biology approaches, including transformation and gene disruption by homologous recombination, and animal models for studies of virulence are both well developed. Recently an international consortium convened to begin the C. neoformans genome sequencing project, and we review here background and arguments for this project. We also discuss the importance of this project to the biology and virulence of this organism in particular, and to virulence in general.",Infectious Disease
"The evolution of influenza is a continuing process involving viral and host factors. The increasing frequency of emergence of the highly pathogenic H5N1, H7N3 and H7N7 influenza viruses and the panzootic spread of H9N2 influenza virus, all of which can be potentially transmitted to humans, are of great concern to both veterinary and human public health officials. The question is how soon the next pandemic will emerge. A convergence of factors, including the population densities of poultry, pigs and humans, are likely factors affecting the evolution of the virus. Highly concentrated poultry and pig farming, in conjunction with traditional live animal or 'wet' markets, provide optimal conditions for increased mutation, reassortment and recombination of influenza viruses. Strategies to reduce the evolution of influenza and the emergence of pandemics include the separation of species, increased biosecurity, the development of new vaccine strategies and better basic knowledge of the virus. More effective co-operation between scientists and veterinary and public health officials is required to achieve these goals.",Infectious Disease
"The recent use of next-generation sequencing methods to investigate historical disease outbreaks has provided us with an unprecedented ability to address important and long-standing questions in epidemiology, pathogen evolution, and human history. In this review, we present major findings that illustrate how microbial genomics has provided new insights into the nature and etiology of infectious diseases of historical importance, such as plague, tuberculosis, and leprosy. Sequenced isolates collected from archaeological remains also provide evidence for the timing of historical evolutionary events as well as geographic spread of these pathogens. Elucidating the genomic basis of virulence in historical diseases can provide relevant information on how we can effectively understand the emergence and re-emergence of infectious diseases today and in the future.",Infectious Disease
"The emergence of new infectious diseases and old diseases with new pathogenic properties is a burgeoning worldwide problem. Severe acute respiratory syndrome (SARS) and acquired immune deficiency syndrome (AIDS) are just two of the most widely reported recent emerging infectious diseases. What are the factors that contribute to the rapid evolution of viral species? Various hypotheses have been proposed, all involving opportunities for virus spread (for example, agricultural practices, climate changes, rainforest clearing or air travel). However, the nutritional status of the host, until recently, has not been considered a contributing factor to the emergence of infectious disease. In this review, we show that host nutritional status can influence not only the host response to the pathogen, but can also influence the genetic make-up of the viral genome. This latter finding markedly changes our concept of host-pathogen interactions and creates a new paradigm for the study of such phenomena.",Infectious Disease
"The complement system is an essential player in innate and adaptive immunity. It consists of three pathways (alternative, classical, and lectin) that initiate either spontaneously (alternative) or in response to danger (all pathways). Complement leads to numerous outcomes detrimental to invaders, including direct killing by formation of the pore-forming membrane attack complex, recruitment of immune cells to sites of invasion, facilitation of phagocytosis, and enhancement of cellular immune responses. Pathogens must overcome the complement system to survive in the host. A common strategy used by pathogens to evade complement is hijacking host complement regulators. Complement regulators prevent attack of host cells and include a collection of membrane-bound and fluid phase proteins. Factor H (FH), a fluid phase complement regulatory protein, controls the alternative pathway (AP) both in the fluid phase of the human body and on cell surfaces. In order to prevent complement activation and amplification on host cells and tissues, FH recognizes host cell-specific polyanionic markers in combination with complement C3 fragments. FH suppresses AP complement-mediated attack by accelerating decay of convertases and by helping to inactivate C3 fragments on host cells. Pathogens, most of which do not have polyanionic markers, are not recognized by FH. Numerous pathogens, including certain bacteria, viruses, protozoa, helminths, and fungi, can recruit FH to protect themselves against host-mediated complement attack, using either specific receptors and/or molecular mimicry to appear more like a host cell. This review will explore pathogen complement evasion mechanisms involving FH recruitment with an emphasis on: (a) characterizing the structural properties and expression patterns of pathogen FH binding proteins, as well as other strategies used by pathogens to capture FH; (b) classifying domains of FH important in pathogen interaction; and (c) discussing existing and potential treatment strategies that target FH interactions with pathogens. Overall, many pathogens use FH to avoid complement attack and appreciating the commonalities across these diverse microorganisms deepens the understanding of complement in microbiology.",Infectious Disease
"Several factors contribute towards a decrease in the prevalence of infectious disease in a population. These include active control measures, active immunisation, and improvement in the socioeconomic state of the population. There appears, however, to be a progressive increase in the resistance of a population in relation to the length of time the population has been exposed to an agent. This increasing resistance is currently thought to be an expression of natural selection but transmission of actively acquired immunity cannot be ruled out and in the light of current evidence remains a highly probable contributory factor.",Infectious Disease
"The COVID-19 pandemic developing rapidly in 2020 is triggered by the emergence of a new human virus-SARS-CoV-2. The emergence of a new virus is not an unexpected phenomenon and has been predicted for many years. Since the virus has spread all over the world, it will be very difficult or even impossible to eradicate it. A necessary condition for complete or partial elimination of the virus is to have an effective vaccine. It is possible that SARS-CoV-2 will become milder in the next few years and COVID-19 will then only threaten individuals from risk groups.",Infectious Disease
"Two approximations are commonly used to describe the spread of an infectious disease at its early phase: (i) the branching processes based on the generation concept and (ii) the exponential growth over calendar time. The former is characterized by a mean parameter: the reproduction number R(0). The latter is characterized by a growth rate rho, also known as the Malthusian number. It is common to use empirically observed rho to assess R(0) using formulae derived either when both the latent and infectious periods follow exponential distributions or assuming both are fixed non-random quantities. This paper first points out that most of these formulae are special cases when the latent and infectious periods are gamma distributed, given by a closed-form solution in Anderson and Watson [1980. On the spread of a disease with gamma distributed latent and infectious periods. Biometrika 67 (1), 191-198]. A more general result will be then established which takes the result in Anderson and Watson [1980. On the spread of a disease with gamma distributed latent and infectious periods. Biometrika 67 (1), 191-198] as its special case. Three aspects separately shape the relationship between rho and R(0). They are: (i) the intensity of infectious contacts as a counting process; (ii) the distribution of the latent period and (iii) the distribution of the infectious period. This article also distinguishes the generation time from the transmission interval. It shows that whereas the distribution of the generation time can be derived by the latent and infectious period distributions, the distribution of the transmission interval is also determined by the intensity of infectious contacts as a counting process and hence by R(0). Some syntheses among R(0), rho and the average transmission interval are discussed. Numerical examples and simulation results are supplied to support the theoretical arguments.",Infectious Disease
"Microarrays are a promising technique for elucidating and interpreting the mechanistic roles of genes in the pathogenesis of infectious disease. Microarrays have been used to analyse the genetic polymorphisms of specific loci associated with resistance to antimicrobial agents, to explore the distribution of genes among isolates from the same and similar species, to understand the evolutionary relationship between closely related species and to integrate the clinical and genomic data. This technique has also been used to study host-pathogen interactions, mainly by identifying genes from pathogens that may be involved in pathogenicity and by surveying the scope of the host response to infection. The RNA expression profile of pathogens has been used to identify regulatory mechanisms that ensure gene expression in the appropriate environment, to hypothesize functions of hundreds of uncharacterized genes and to identify virulence genes that promote colonization or tissue damage. This information also has the potential to identify targets for drug design. Furthermore, microarrays have been used to investigate the mechanism of drug action and to delineate and predict adverse effects of new drugs. In this paper, we review the use of spotted and high-density oligonucleotide arrays to study the genetic polymorphisms of pathogens, host-pathogen interactions and whole-genome expression profiles of pathogens, as well as their use for drug discovery.",Infectious Disease
"Pertussis, also known as whooping cough, has recently re-emerged as a major public health threat despite high levels of vaccination against the aetiological agent Bordetella pertussis. In this Review, we describe the pathogenesis of this disease, with a focus on recent mechanistic insights into B. pertussis virulence-factor function. We also discuss the changing epidemiology of pertussis and the challenges facing vaccine development. Despite decades of research, many aspects of B. pertussis physiology and pathogenesis remain poorly understood. We highlight knowledge gaps that must be addressed to develop improved vaccines and therapeutic strategies.",Infectious Disease
"A significant goal of recent theoretical research on pathogen evolution has been to develop theory that bridges within- and between-host dynamics. The main approach used to date is one that nests within-host models of pathogen replication in models for the between-host spread of infectious diseases. Although this provides an elegant approach, it nevertheless suffers from some practical difficulties. In particular, the information required to satisfactorily model the mechanistic details of the within-host dynamics is not often available. Here, we present a theoretical approach that circumvents these difficulties by quantifying the relevant within-host factors in an empirically tractable way. The approach is closely related to quantitative genetic models for function-valued traits, and it also allows for the prediction of general characteristics of disease life history, including the timing of virulence, transmission, and host recovery. In a companion paper, we illustrate the approach by applying it to data from a model system of malaria.",Infectious Disease
"The causative agent of bovine tuberculosis, Mycobacterium bovis, is also responsible for some cases of tuberculosis in human beings. Although recognized for over a century, this form of human tuberculosis has been a source of considerable misunderstanding and controversy. Questions still remain concerning the relative virulence of M. tuberculosis and M. bovis in human beings, the risk of human disease after infection, the immunological consequences of infection that does not proceed to disease, the occurrence of human-to-human transmission of M. bovis and the health risk of diseased human beings to cattle. The advent of the HIV/AIDS pandemic raises new questions of the epidemiological impact of immunosuppression on the transmission of M. bovis to and between human beings. Although largely eradicated in the developed nations, bovine tuberculosis still occurs in many developing nations and epidemiological data on the impact of this on human health is scanty but, in the light of the increasing incidence of tuberculosis worldwide, it is urgently needed.",Infectious Disease
"Oropouche fever, caused by Oropouche virus (OROV) and transmitted primarily by <i>Culicoides</i> midges, has historically been considered a neglected tropical disease characterized by an acute, self-limiting febrile illness and occasional meningoencephalitis, mostly within or along the Amazon rainforest. However, the explosive 2023-2025 outbreak expanded well beyond the Amazon region, including into the Caribbean, and was associated with a broader clinical spectrum encompassing meningoencephalitis, Guillain - Barré syndrome, persistent viral infection, lethal hemorrhagic fever, fetal loss, and neonatal abnormalities. Experimental animal models of OROV infection are available; however, substantial variation in host susceptibility across species complicates the interpretation of pathogenic mechanisms. The major virulence factor, the NSs protein, mediates inhibition of host cellular transcription, whereas the biological functions of the NSm protein remain largely unknown. This review outlines current knowledge on OROV outbreaks, clinical features, animal models, and virulence determinants, underscoring major knowledge gaps in understanding OROV virulence and pathogenesis.",Infectious Disease
"The nematode Caenorhabditis elegans has been a powerful experimental organism for almost half a century. Over the past 10 years, researchers have begun to exploit the power of C. elegans to investigate the biology of a number of human pathogens. This work has uncovered mechanisms of host immunity and pathogen virulence that are analogous to those involved during pathogenesis in humans or other animal hosts, as well as novel immunity mechanisms which appear to be unique to the worm. More recently, these investigations have uncovered details of the natural pathogens of C. elegans, including the description of a novel intracellular microsporidian parasite as well as new nodaviruses, the first identification of viral infections of this nematode. In this review, we consider the application of C. elegans to human infectious disease research, as well as consider the nematode response to these natural pathogens.",Infectious Disease
"Although viral emergence is commonly associated with cross-species transmission, the processes and determinants of viral evolution in a novel host environment are poorly understood. We address key questions in virus emergence and evolution using data generated from two unique natural experiments: the deliberate release of myxoma virus (MYXV) and rabbit hemorrhagic disease virus (RHDV) as biological control (biocontrol) agents against the European rabbit in Australia, and which have been of enormous benefit to Australia's ecosystem and agricultural industries. Notably, although virulence evolution in MYXV and RHDV followed different trajectories, a strongly parallel evolutionary process was observed in Australia and Europe. These biocontrol agents were also characterized by a lack of transmission to nontarget host species, suggesting that there are major barriers to successful emergence.",Infectious Disease
"Infection with the human immunodeficiency virus (HIV) causes systemic T cell destruction and reduced cell-mediated immunity that leads to a wide range of opportunistic infections and cancers. Second, it directly damages many tissues - gut, brain, lung - through mononuclear cell infection and activation. Third, through immune activation and effects on endothelia, it can cause more subtle systemic organ damage, such as chronic cardiovascular, hepatic, pulmonary and central nervous system disease. Antiretroviral treatment has enabled HIV-infected persons to live with chronic infection, although with some side-effects and mortality, including reactions due to the immune reconstitution inflammatory syndrome (IRIS). As cohorts of infected people get older, age-related diseases will combine with chronic HIV infection to produce disabilities whose scale is not yet understood. HIV is detectable in tissues by immunohistochemistry when infection loads are high, such as at first presentation. Pathologists should proactively consider HIV disease in routine diagnostic work, so as to identify more HIV-infected patients and enable their optimal management.",Infectious Disease
"The high-throughput - next generation sequencing (HT-NGS) technologies are currently the hottest topic in the field of human and animals genomics researches, which can produce over 100 times more data compared to the most sophisticated capillary sequencers based on the Sanger method. With the ongoing developments of high throughput sequencing machines and advancement of modern bioinformatics tools at unprecedented pace, the target goal of sequencing individual genomes of living organism at a cost of $1,000 each is seemed to be realistically feasible in the near future. In the relatively short time frame since 2005, the HT-NGS technologies are revolutionizing the human and animal genome researches by analysis of chromatin immunoprecipitation coupled to DNA microarray (ChIP-chip) or sequencing (ChIP-seq), RNA sequencing (RNA-seq), whole genome genotyping, genome wide structural variation, de novo assembling and re-assembling of genome, mutation detection and carrier screening, detection of inherited disorders and complex human diseases, DNA library preparation, paired ends and genomic captures, sequencing of mitochondrial genome and personal genomics. In this review, we addressed the important features of HT-NGS like, first generation DNA sequencers, birth of HT-NGS, second generation HT-NGS platforms, third generation HT-NGS platforms: including single molecule Heliscope™, SMRT™ and RNAP sequencers, Nanopore, Archon Genomics X PRIZE foundation, comparison of second and third HT-NGS platforms, applications, advances and future perspectives of sequencing technologies on human and animal genome research.",Genetics
"The American College of Medical Genetics and Genomics (ACMG) and Association of Molecular Pathology (AMP) recently published important new guidelines aiming to improve and standardize the pathogenicity classification of genomic variants. The Clinical Sequencing Exploratory Research (CSER) consortium evaluated the use of these guidelines across nine laboratories. One identified obstacle to consistent usage of the ACMG-AMP guidelines is the lack of a definition of cosegregation as criteria for pathogenicity classification. Cosegregation data differ from many other types of pathogenicity data in being quantitative. However, the ACMG-AMP guidelines do not define quantitative criteria for use of these data. Here, such quantitative criteria, in an easily implementable form, are proposed.",Genetics
"The genome is a sequence that encodes the DNA, RNA, and proteins that orchestrate an organism's function. We present Evo, a long-context genomic foundation model with a frontier architecture trained on millions of prokaryotic and phage genomes, and report scaling laws on DNA to complement observations in language and vision. Evo generalizes across DNA, RNA, and proteins, enabling zero-shot function prediction competitive with domain-specific language models and the generation of functional CRISPR-Cas and transposon systems, representing the first examples of protein-RNA and protein-DNA codesign with a language model. Evo also learns how small mutations affect whole-organism fitness and generates megabase-scale sequences with plausible genomic architecture. These prediction and generation capabilities span molecular to genomic scales of complexity, advancing our understanding and control of biology.",Genetics
"Phylogenomics aims at reconstructing the evolutionary histories of organisms taking into account whole genomes or large fractions of genomes. The abundance of genomic data for an enormous variety of organisms has enabled phylogenomic inference of many groups, and this has motivated the development of many computer programs implementing the associated methods. This chapter surveys phylogenetic concepts and methods aimed at both gene tree and species tree reconstruction while also addressing common pitfalls, providing references to relevant computer programs. A practical phylogenomic analysis example including bacterial genomes is presented at the end of the chapter.",Genetics
"The depletion of disruptive variation caused by purifying natural selection (constraint) has been widely used to investigate protein-coding genes underlying human disorders<sup>1-4</sup>, but attempts to assess constraint for non-protein-coding regions have proved more difficult. Here we aggregate, process and release a dataset of 76,156 human genomes from the Genome Aggregation Database (gnomAD)-the largest public open-access human genome allele frequency reference dataset-and use it to build a genomic constraint map for the whole genome (genomic non-coding constraint of haploinsufficient variation (Gnocchi)). We present a refined mutational model that incorporates local sequence context and regional genomic features to detect depletions of variation. As expected, the average constraint for protein-coding sequences is stronger than that for non-coding regions. Within the non-coding genome, constrained regions are enriched for known regulatory elements and variants that are implicated in complex human diseases and traits, facilitating the triangulation of biological annotation, disease association and natural selection to non-coding DNA analysis. More constrained regulatory elements tend to regulate more constrained protein-coding genes, which in turn suggests that non-coding constraint can aid the identification of constrained genes that are as yet unrecognized by current gene constraint metrics. We demonstrate that this genome-wide constraint map improves the identification and interpretation of functional human genetic variation.",Genetics
"Here we analyse genetic variation, population structure and diversity among 3,010 diverse Asian cultivated rice (Oryza sativa L.) genomes from the 3,000 Rice Genomes Project. Our results are consistent with the five major groups previously recognized, but also suggest several unreported subpopulations that correlate with geographic location. We identified 29 million single nucleotide polymorphisms, 2.4 million small indels and over 90,000 structural variations that contribute to within- and between-population variation. Using pan-genome analyses, we identified more than 10,000 novel full-length protein-coding genes and a high number of presence-absence variations. The complex patterns of introgression observed in domestication genes are consistent with multiple independent rice domestication events. The public availability of data from the 3,000 Rice Genomes Project provides a resource for rice genomics research and breeding.",Genetics
"Endometrial cancers are the most frequently diagnosed gynecological malignancy and were expected to be the seventh leading cause of cancer death among American women in 2015. The majority of endometrial cancers are of serous or endometrioid histology. Most human tumors, including endometrial tumors, are driven by the acquisition of pathogenic mutations in cancer genes. Thus, the identification of somatic mutations within tumor genomes is an entry point toward cancer gene discovery. However, efforts to pinpoint somatic mutations in human cancers have, until recently, relied on high-throughput sequencing of single genes or gene families using Sanger sequencing. Although this approach has been fruitful, the cost and throughput of Sanger sequencing generally prohibits systematic sequencing of the ~22,000 genes that make up the exome. The recent development of next-generation sequencing technologies changed this paradigm by providing the capability to rapidly sequence exomes, transcriptomes, and genomes at relatively low cost. Remarkably, the application of this technology to catalog the mutational landscapes of endometrial tumor exomes, transcriptomes, and genomes has revealed, for the first time, that serous and endometrioid endometrial cancers can be classified into four distinct molecular subgroups. In this chapter, we overview the characteristic genomic features of each subgroup and discuss the known and putative cancer genes that have emerged from next-generation sequencing of endometrial carcinomas.",Genetics
"Cancer care professionals are confronted with interpreting results from multiplexed gene sequencing of patients at hereditary risk for cancer. Assessments for variant classification now require orthogonal data searches and aggregation of multiple lines of evidence from diverse resources. The clinical genetics community needs a fast algorithm that automates American College of Medical Genetics and Genomics (ACMG) based variant classification and provides uniform results. Pathogenicity of Mutation Analyzer (PathoMAN) automates germline genomic variant curation from clinical sequencing based on ACMG guidelines. PathoMAN aggregates multiple tracks of genomic, protein, and disease specific information from public sources. We compared expertly curated variant data from clinical laboratories to assess performance. PathoMAN achieved a high overall concordance of 94.4% for pathogenic and 81.1% for benign variants. We observed negligible discordance (0.3% pathogenic, 0% benign) when contrasted against expert curated variants. Some loss of resolution (5.3% pathogenic, 18.9% benign) and gain of resolution (1.6% pathogenic, 3.8% benign) were also observed. Automation of variant curation enables unbiased, fast, efficient delivery of results in both clinical and laboratory research. We highlight the advantages and weaknesses related to the programmable automation of variant classification. PathoMAN will aid in rapid variant classification by generating robust models using a knowledgebase of diverse genetic data ( https://pathoman.mskcc.org).",Genetics
"Mutation of the human genome results in three classes of genomic variation: single nucleotide variants; short insertions or deletions; and large structural variants (SVs). Some mutations occur during normal processes, such as meiotic recombination or B cell development, and others result from DNA replication or aberrant repair of breaks in sequence-specific contexts. Regardless of mechanism, mutations are subject to selection, and some hotspots can manifest in disease. Here, we discuss genomic regions prone to mutation, mechanisms contributing to mutation susceptibility, and the processes leading to their accumulation in normal and somatic genomes. With further, more accurate human genome sequencing, additional mutation hotspots, mechanistic details of their formation, and the relevance of hotspots to evolution and disease are likely to be discovered.",Genetics
"Alterations in cancer genomes strongly influence clinical responses to treatment and in many instances are potent biomarkers for response to drugs. The Genomics of Drug Sensitivity in Cancer (GDSC) database (www.cancerRxgene.org) is the largest public resource for information on drug sensitivity in cancer cells and molecular markers of drug response. Data are freely available without restriction. GDSC currently contains drug sensitivity data for almost 75 000 experiments, describing response to 138 anticancer drugs across almost 700 cancer cell lines. To identify molecular markers of drug response, cell line drug sensitivity data are integrated with large genomic datasets obtained from the Catalogue of Somatic Mutations in Cancer database, including information on somatic mutations in cancer genes, gene amplification and deletion, tissue type and transcriptional data. Analysis of GDSC data is through a web portal focused on identifying molecular biomarkers of drug sensitivity based on queries of specific anticancer drugs or cancer genes. Graphical representations of the data are used throughout with links to related resources and all datasets are fully downloadable. GDSC provides a unique resource incorporating large drug sensitivity and genomic datasets to facilitate the discovery of new therapeutic biomarkers for cancer therapies.",Genetics
"The ciliate genus <i>Paramecium</i> served as one of the first model systems in microbial eukaryotic genetics, contributing much to the early understanding of phenomena as diverse as genome rearrangement, cryptic speciation, cytoplasmic inheritance, and endosymbiosis, as well as more recently to the evolution of mating types, introns, and roles of small RNAs in DNA processing. Substantial progress has recently been made in the area of comparative and population genomics. <i>Paramecium</i> species combine some of the lowest known mutation rates with some of the largest known effective populations, along with likely very high recombination rates, thereby harboring a population-genetic environment that promotes an exceptionally efficient capacity for selection. As a consequence, the genomes are extraordinarily streamlined, with very small intergenic regions combined with small numbers of tiny introns. The subject of the bulk of <i>Paramecium</i> research, the ancient <i>Paramecium aurelia</i> species complex, is descended from two whole-genome duplication events that retain high degrees of synteny, thereby providing an exceptional platform for studying the fates of duplicate genes. Despite having a common ancestor dating to several hundred million years ago, the known descendant species are morphologically indistinguishable, raising significant questions about the common view that gene duplications lead to the origins of evolutionary novelties.",Genetics
"The prediction of antimicrobial resistance (AMR) based on genomic information can improve patient outcomes. Genetic mechanisms have been shown to explain AMR with accuracies in line with standard microbiology laboratory testing. To translate genetic mechanisms into phenotypic AMR, machine learning has been successfully applied. AMR machine learning models typically use nucleotide k-mer counts to represent genomic sequences. While k-mer representation efficiently captures sequence variation, it also results in high-dimensional and sparse data. With limited training data available, achieving acceptable model performance or model interpretability is challenging. In this study, we explore the utility of feature engineering with several biologically relevant signals. We propose to predict the functional impact of observed mutations with PROVEAN to use the predicted impact as a new feature for each protein in an organism's proteome. The addition of the new features was tested on a total of 19,521 isolates across nine clinically relevant pathogens and 30 different antibiotics. The new features significantly improved the predictive performance of trained AMR models for <i>Pseudomonas aeruginosa</i>, <i>Citrobacter freundii</i>, and <i>Escherichia coli</i>. The balanced accuracy of the respective models of those three pathogens improved by 6.0% on average.",Genetics
"All of life encodes information with DNA. Although tools for genome sequencing, synthesis and editing have transformed biological research, we still lack sufficient understanding of the immense complexity encoded by genomes to predict the effects of many classes of genomic changes or to intelligently compose new biological systems. Artificial intelligence models that learn information from genomic sequences across diverse organisms have increasingly advanced prediction and design capabilities<sup>1,2</sup>. Here we introduce Evo 2, a biological foundation model trained on 9 trillion DNA base pairs from a highly curated genomic atlas spanning all domains of life to have a 1 million token context window with single-nucleotide resolution. Evo 2 learns to accurately predict the functional impacts of genetic variation-from noncoding pathogenic mutations to clinically significant BRCA1 variants-without task-specific fine-tuning. Mechanistic interpretability analyses reveal that Evo 2 learns representations associated with biological features, including exon-intron boundaries, transcription factor binding sites, protein structural elements and prophage genomic regions. The generative abilities of Evo 2 produce mitochondrial, prokaryotic and eukaryotic sequences at genome scale with greater naturalness and coherence than previous methods. Evo 2 also generates experimentally validated chromatin accessibility patterns when guided by predictive models<sup>3,4</sup> and inference-time search. We have made Evo 2 fully open, including model parameters, training code<sup>5</sup>, inference code and the OpenGenome2 dataset, to accelerate the exploration and design of biological complexity.",Genetics
"Recent application of mutation accumulation techniques combined with whole-genome sequencing (MA/WGS) has greatly promoted studies of spontaneous mutation. However, such explorations have rarely been conducted on marine organisms, and it is unclear how marine habitats have influenced genome stability. This report resolves the mutation rate and spectrum of the coral reef pathogen <i>Vibrio shilonii</i>, which causes coral bleaching and endangers the biodiversity maintained by coral reefs. We found that its mutation rate and spectrum are highly similar to those of other studied bacteria from various habitats, despite the saline environment. The mutational properties of this marine bacterium are thus controlled by other general evolutionary forces such as natural selection and genetic drift. We also found that as pH drops, the mutation rate decreases and the mutation spectrum is biased in the direction of generating G/C nucleotides. This implies that evolutionary features of this organism and perhaps other marine microbes might be altered by the increasingly acidic ocean water caused by excess CO<sub>2</sub> emission. Nonetheless, further exploration is needed as the pH range tested in this study was rather narrow and many other possible mutation determinants, such as carbonate increase, are associated with ocean acidification.<b>IMPORTANCE</b> This study explored the pH dependence of a bacterial genome-wide mutation rate. We discovered that the genome-wide rates of appearance of most mutation types decrease linearly and that the mutation spectrum is biased in generating more G/C nucleotides with pH drop in the coral reef pathogen <i>V. shilonii</i>.",Genetics
"Populations evolve as mutations arise in individual organisms and, through hereditary transmission, may become ""fixed"" (shared by all individuals) in the population. Most mutations are lethal or have negative fitness consequences for the organism. Others have essentially no effect on organismal fitness and can become fixed through the neutral stochastic process known as random drift. However, mutations may also produce a selective advantage that boosts their chances of reaching fixation. Regions of genomes where new mutations are beneficial, rather than neutral or deleterious, tend to evolve more rapidly due to positive selection. Genes involved in immunity and defense are a well-known example; rapid evolution in these genes presumably occurs because new mutations help organisms to prevail in evolutionary ""arms races"" with pathogens. In recent years genome-wide scans for selection have enlarged our understanding of the genome evolution of various species. In this chapter, we will focus on methods to detect selection on the genome. In particular, we will discuss probabilistic models and how they have changed with the advent of new genome-wide data now available.",Genetics
"Genomic sequencing has provided critical insights into the etiology of both simple and complex diseases. The enormous reductions in cost for whole genome sequencing have allowed this technology to gain increasing use. Whole genome analysis has impacted research of complex diseases including cancer by allowing the systematic analysis of entire genomes in a single experiment, thereby facilitating the discovery of somatic and germline mutations, and identification of the insertions, deletions, and structural rearrangements, including translocations and inversions, in novel disease genes. Whole-genome sequencing can be used to provide the most comprehensive characterization of the cancer genome, the complexity of which we are only beginning to understand. Hence in this review, we focus on whole-genome sequencing in cancer.",Genetics
"Genetic variation, which is generated by mutation, recombination and gene flow, can reduce the mean fitness of a population, both now and in the future. This 'genetic load' has been estimated in a wide range of animal taxa using various approaches. Advances in genome sequencing and computational techniques now enable us to estimate the genetic load in populations and individuals without direct fitness estimates. Here, we review the classic and contemporary literature of genetic load. We describe approaches to quantify the genetic load in whole-genome sequence data based on evolutionary conservation and annotations. We show that splitting the load into its two components - the realized load (or expressed load) and the masked load (or inbreeding load) - can improve our understanding of the population genetics of deleterious mutations.",Genetics
"Genome-wide association studies have failed to establish common variant risk for the majority of common human diseases. The underlying reasons for this failure are explained by recent studies of resequencing and comparison of over 1200 human genomes and 10 000 exomes, together with the delineation of DNA methylation patterns (epigenome) and full characterization of coding and noncoding RNAs (transcriptome) being transcribed. These studies have provided the most comprehensive catalogues of functional elements and genetic variants that are now available for global integrative analysis and experimental validation in prospective cohort studies. With these datasets, researchers will have unparalleled opportunities for the alignment, mining, and testing of hypotheses for the roles of specific genetic variants, including copy number variations, single nucleotide polymorphisms, and indels as the cause of specific phenotypes and diseases. Through the use of next-generation sequencing technologies for genotyping and standardized ontological annotation to systematically analyze the effects of genomic variation on humans and model organism phenotypes, we will be able to find candidate genes and new clues for disease's etiology and treatment. This article describes essential concepts in genetics and genomic technologies as well as the emerging computational framework to comprehensively search websites and platforms available for the analysis and interpretation of genomic data.",Genetics
"The application of next generation sequencing technologies has opened the door to a new molecular epidemiology of tuberculosis, in which we can now look at transmission at a resolution not possible before. At the same time, new technical and analytical challenges have appeared, and we are still exploring the wider potential of this new technology. Whole genome sequencing in tuberculosis still requires bacterial cultures. Thus, although whole genome sequencing has revolutionized the interpretation of transmission patterns, it is not yet ready to be applied at the point-of-care. In this chapter, I will review the promises and challenges of genomic epidemiology, as well as some of the new questions that have arisen from the use of this new technology. In addition, I will examine the role of molecular epidemiology within the general frame of global tuberculosis control and how genomic epidemiology can contribute towards the elimination of the disease.",Genetics
"The papilionoid legume genus <i>Ormosia</i> comprises approximately 130 species, which are distributed mostly in the Neotropics, with some species in eastern Asia and northeastern Australia. The taxonomy and evolutionary history remain unclear due to the lack of a robust species-level phylogeny. Chloroplast genomes can provide important information for phylogenetic and population genetic studies. In this study, we determined the complete chloroplast genome sequences of five <i>Ormosia</i> species by Illumina sequencing. The <i>Ormosia</i> chloroplast genomes displayed the typical quadripartite structure of angiosperms, which consisted of a pair of inverted regions separated by a large single-copy region and a small single-copy region. The location and distribution of repeat sequences and microsatellites were determined. Comparative analyses highlighted a wide spectrum of variation, with <i>trnK-rbcL</i>, <i>atpE-trnS-rps4</i>, <i>trnC-petN</i>, <i>trnS-psbZ-trnG</i>, <i>trnP-psaJ-rpl33,</i> and <i>clpP</i> intron being the most variable regions. Phylogenetic analysis revealed that <i>Ormosia</i> is in the Papilionoideae clade and is sister to the <i>Lupinus</i> clade. Overall, this study, which provides <i>Ormosia</i> chloroplast genomic resources and a comparative analysis of <i>Ormosia</i> chloroplast genomes, will be beneficial for the evolutionary study and phylogenetic reconstruction of the genus <i>Ormosia</i> and molecular barcoding in population genetics and will provide insight into the chloroplast genome evolution of legumes.",Genetics
"Pseudomonas species were targeted early for genomic studies since they were noted for their diverse metabolic capacity, ability to inhabit a wide range of environments and hosts, and include notable human and agriculturally relevant pathogens. As more genomes are sequenced, the power of genome-scale analyses are increasing and a wide range of analyses are now possible. The Pseudomonas Genome database has contributed to this effort by providing peer-reviewed, continually updated annotations of the Pseudomonas aeruginosa PAO1 reference strain genome plus integrated data and analyses of related Pseudomonas species. Analyses are now available via multiple resources to facilitate identification and characterization of drug targets, virulence factors, regulatory elements, genomic islands, genome rearrangements, orthologs, single nucleotide polymorphisms, and multiple other gene/protein-based analyses from gene expression to protein structure. We describe here how the Pseudomonas Genome Database and other bioinformatics resources can be leveraged to help Pseudomonas researchers ""mine"" Pseudomonas genomes, and associated genome-scale data, to facilitate new discovery.",Genetics
"The generation of a complete and accurate copy of the genetic material during each cell cycle is integral to cell growth and proliferation. However, genetic diversity is essential for adaptation and evolution, and the process of DNA replication is a fundamental source of mutations. Genome alterations do not accumulate randomly, with variations in the types and frequencies of mutations that arise in different genomic regions. Intriguingly, recent studies revealed a striking link between the mutational landscape of a genome and the spatial and temporal organization of DNA replication, referred to as the replication program. In our review, we discuss how this program may contribute to shaping the profile and spectrum of genetic alterations, with implications for genome dynamics and organismal evolution in natural and pathological contexts.",Genetics
"Cancer genomes evolve in both space and time, which contributes to the genetic heterogeneity that underlies tumor progression and drug resistance. In human melanoma, identifying mechanistically important events in tumor evolution is hampered due to the high background mutation rate from ultraviolet (UV) light. Cross-species oncogenomics is a powerful tool for identifying these core events, in which transgenically well-defined animal models of cancer are compared to human cancers to identify key conserved alterations. We use a zebrafish model of tumor progression and drug resistance for cross-species genomic analysis in melanoma. Zebrafish transgenic tumors are initiated with just 2 genetic lesions, BRAF<sup>V600E</sup> and p53<sup>-/-</sup>, yet take 4-6 months to appear, at which time whole genome sequencing demonstrated >3,000 new mutations. An additional 4-month exposure to the BRAF inhibitor vemurafenib resulted in a highly drug resistant tumor that showed 3 additional new DNA mutations in the genes BUB1B, PINK1, and COL16A1. These genetic changes in drug resistance are accompanied by a massive reorganization of the transcriptome, with differential RNA expression of over 800 genes, centered on alterations in cAMP and PKA signaling. By comparing both the DNA and mRNA changes to a large panel of human melanomas, we find that there is a highly significant enrichment of these alterations in human patients with vemurafenib resistant disease. Our results suggest that targeting of alterations that are conserved between zebrafish and humans may offer new avenues for therapeutic intervention. The approaches described here will be broadly applicable to the diverse array of cancer models available in the zebrafish, which can be used to inform human cancer genomics.",Genetics
"The catalog of genetic variants in the horse genome originates from a few select animals, the majority originating from the Thoroughbred mare used for the equine genome sequencing project. The purpose of this study was to identify genetic variants, including single nucleotide polymorphisms (SNPs), insertion/deletion polymorphisms (INDELs), and copy number variants (CNVs) in the genome of an individual Quarter Horse mare sequenced by next-generation sequencing. Using massively parallel paired-end sequencing, we generated 59.6 Gb of DNA sequence from a Quarter Horse mare resulting in an average of 24.7X sequence coverage. Reads were mapped to approximately 97% of the reference Thoroughbred genome. Unmapped reads were de novo assembled resulting in 19.1 Mb of new genomic sequence in the horse. Using a stringent filtering method, we identified 3.1 million SNPs, 193 thousand INDELs, and 282 CNVs. Genetic variants were annotated to determine their impact on gene structure and function. Additionally, we genotyped this Quarter Horse for mutations of known diseases and for variants associated with particular traits. Functional clustering analysis of genetic variants revealed that most of the genetic variation in the horse's genome was enriched in sensory perception, signal transduction, and immunity and defense pathways. This is the first sequencing of a horse genome by next-generation sequencing and the first genomic sequence of an individual Quarter Horse mare. We have increased the catalog of genetic variants for use in equine genomics by the addition of novel SNPs, INDELs, and CNVs. The genetic variants described here will be a useful resource for future studies of genetic variation regulating performance traits and diseases in equids.",Genetics
"Machine learning algorithms trained to predict the regulatory activity of nucleic acid sequences have revealed principles of gene regulation and guided genetic variation analysis. While the human genome has been extensively annotated and studied, model organisms have been less explored. Model organism genomes offer both additional training sequences and unique annotations describing tissue and cell states unavailable in humans. Here, we develop a strategy to train deep convolutional neural networks simultaneously on multiple genomes and apply it to learn sequence predictors for large compendia of human and mouse data. Training on both genomes improves gene expression prediction accuracy on held out and variant sequences. We further demonstrate a novel and powerful approach to apply mouse regulatory models to analyze human genetic variants associated with molecular phenotypes and disease. Together these techniques unleash thousands of non-human epigenetic and transcriptional profiles toward more effective investigation of how gene regulation affects human disease.",Genetics
"The human genome contains the instructions for the development and biological homeostasis of the human organism and the genetic transmission of traits. Genome variation in human populations is the basis of evolution; individual or personal genomes vary tremendously, making each of us truly unique. Assaying this individual variation using genomic technologies has many applications in clinical medicine, from elucidating the biology of disease to designing strategies to ameliorate perturbations from homeostasis. Detecting pathogenic rare variation in a genome may provide a molecular diagnosis that can be informative for patient management and family healthcare. Despite the increasing clinical use of unbiased genomic testing, including chromosome microarray analysis (CMA) with array comparative genomic hybridization (aCGH) or SNP arrays, clinical exome sequencing (cES), and whole-genome sequencing (WGS), to survey genome-wide for molecular aberrations, clinical acumen paired with an understanding of the limitations of each testing type will be needed to achieve molecular diagnoses. Potential opportunities for improving case solved rates, functionally annotating the majority of genes in the human genome, and further understanding genetic contributions to disease will empower clinical genomics and the precision medicine initiative.",Genetics
"International efforts to sequence cancer genomes now provide an overview of the major genetic alterations that occur in most human cancers. These studies have identified many highly recurrent alterations in specific cancer subtypes but have also identified mutations that occur at lower frequency and unstudied variants of known cancer-associated genes. To elucidate the function of such cancer alleles, we have developed several approaches to systematically interrogate genomic changes found in human tumors. In general, we have taken two complementary approaches. In the first approach, we focus on perturbing genes identified as mutated, amplified, or deleted by cancer genome annotation efforts, whereas in the second, we have taken an unbiased approach to identify genes that are essential for cancer cell proliferation or survival in cell lines that are extensively annotated to identify context-specific essential genes. These studies begin to allow us to define a cancer dependencies map.",Genetics
"Our ability to make accurate and specific genetic diagnoses in individuals with severe developmental disorders has been transformed by data derived from genomic sequencing technologies. These data reveal both the patterns and rates of different mutational mechanisms and identify regions of the human genome with fewer mutations than would be expected. In outbred populations, the most common identifiable cause of severe developmental disorders is de novo mutation affecting the coding region in one of approximately 500 different genes, almost universally showing constraint. Simply combining the location of a de novo genomic event with its predicted consequence on the gene product gives significant diagnostic power. Our knowledge of the diversity of phenotypic consequences associated with comparable diagnostic genotypes at each locus is improving. Computationally useful phenotype data will improve diagnostic interpretation of ultrarare genetic variants and, in the long run, indicate which specific embryonic processes have been perturbed.",Genetics
"The successful application of precision genomic medicine requires an understanding of how a person's genome can influence his or her disease phenotype and how medical therapies can provide personalized therapy to one's genotype. In this review, we highlight advances in precision genomic medicine in cystic fibrosis (CF), a classic autosomal recessive genetic disorder. We discuss genotype-phenotype correlations in CF, genetic and environmental modifiers of disease, and pharmacogenetic therapies that target specific genetic mutations thereby addressing the primary defect of cystic fibrosis.",Genetics
"From the beginning of the genome sequencing era, it has become increasingly evident that genetics plays a role in all diseases, of which only a minority are single-gene disorders, the most common target of current gene therapies. However, the majority of people have some kind of health problems resulting from congenital genetic mutations (over 6000 diseases have been associated to genes, https://www.omim.org/statistics/geneMap) and most genetic disorders are rare and only incompletely understood. The vision and techniques applied to the synthesis of genomes may help to address unmet medical needs from a chromosome and genome-scale perspective. In this chapter, we address the potential therapy of genetic diseases from a different outlook, in which we no longer focus on small gene corrections but on higher-order tools for genome manipulation. These will play a crucial role in the next years, as they prelude to a much deeper understanding of the architecture of the human genome and a more accurate modeling of human diseases, offering new therapeutic opportunities.",Genetics
"Developments over the past five years have significantly advanced our ability to use genome-scale analyses-including high-density genotyping, transcriptome sequencing, exome sequencing, and genome sequencing-to identify the genetic basis of childhood cancer. This article reviews several key results from an expanding number of genomic studies of pediatric cancer: (<i>a</i>) Histopathologic subtypes of cancers can be associated with a high incidence of germline predisposition, (<i>b</i>) neurodevelopmental disorders or highly penetrant cancer predisposition syndromes can result from specific patterns of variation in genes encoding the SMARC family of chromatin remodelers, (<i>c</i>) genome-wide association studies with relatively small pediatric cancer cohorts have successfully identified single-nucleotide polymorphisms with large effect sizes and provided insight into population differences in cancer risk, and (<i>d</i>) multiple exome or genome analyses of unselected childhood cancer cohorts have yielded a 7-10% incidence of pathogenic variants in cancer predisposition genes. This work supports the increasing use of genomic sequencing in the care of pediatric cancer patients and at-risk family members.",Genetics
"In the post-large era, various COVID-19 sequelae are getting more and more attention to health problems. Although the mortality rate of the COVID-19 infection is now declining, it is often accompanied by new clinical sequelae with different symptoms such as fatigue after infection, loss of smell. The degree of age, gender, virus infection seems to be weakly correlated with clinical symptoms. Human genetic variation plays a significant role in the sequelae of the COVID-19 infection. This study aims to analyze the genomic differences between individuals with different COVID-19 sequelae. In this study, the exomes of 97 patients with Omicron with 8 unique clinical manifestations are sequenced, and conducted a systematic analysis. Based on non-negative matrix factorization algorithms, the trinucleotide mutation spectrum of four long-term COVID-19 genomes is summarized and found that individuals with different clinical symptoms have unique DNA mutation patterns and indel patterns. By constructing a Genomic Fingerprinting Framework, the driver genes of variation in each symptomatic population are deciphered and analyzed. This study showed that population-specific mutational fingerprint differences are the main cause of heterogeneity in long-term COVID-19 sequelae. This study provides new ideas and insights into the causes of the long-term COVID-19 sequelae.",Genetics
"The unprecedented scale of genomic databases has revolutionized our ability to identify regions in the human genome intolerant to variation-regions often implicated in disease. However, these datasets remain constrained by limited ancestral diversity. Here, we analyze whole-exome sequencing data from 460,551 UK Biobank and 125,748 Genome Aggregation Database (gnomAD) participants across multiple ancestries to test several key intolerance metrics, including the Residual Variance Intolerance Score (RVIS), Missense Tolerance Ratio (MTR), and Loss-of-Function Observed/Expected ratio (LOF O/E). We demonstrate that increasing ancestral representation, rather than sample size alone, critically drives their performance. Scores trained on variation observed in African and Admixed American ancestral groups show higher resolution in detecting haploinsufficient and neurodevelopmental disease risk genes compared to scores trained on European ancestry groups. Most strikingly, MTR trained on 43,000 multi-ancestry exomes demonstrates greater predictive power than when trained on a nearly 10-fold larger dataset of 440,000 non-Finnish European exomes. We further find that European ancestry group-based scores are likely approaching saturation. These findings highlight the need for enhanced population representation in genomic resources to fully realize the potential of precision medicine and drug discovery. Ancestry group-specific scores are publicly available through an interactive portal: http://intolerance.public.cgr.astrazeneca.com/ .",Genetics
"Polyploidy, increased sets of chromosomes, occurs during development, cellular stress, disease and evolution. Despite its prevalence, little is known about the physiological alterations that accompany polyploidy. We previously described 'ploidy-specific lethality', where a gene deletion that is not lethal in haploid or diploid budding yeast causes lethality in triploids or tetraploids. Here we report a genome-wide screen to identify ploidy-specific lethal functions. Only 39 out of 3,740 mutations screened exhibited ploidy-specific lethality. Almost all of these mutations affect genomic stability by impairing homologous recombination, sister chromatid cohesion, or mitotic spindle function. We uncovered defects in wild-type tetraploids predicted by the screen, and identified mechanisms by which tetraploidization affects genomic stability. We show that tetraploids have a high incidence of syntelic/monopolar kinetochore attachments to the spindle pole. We suggest that this defect can be explained by mismatches in the ability to scale the size of the spindle pole body, spindle and kinetochores. Thus, geometric constraints may have profound effects on genome stability; the phenomenon described here may be relevant in a variety of biological contexts, including disease states such as cancer.",Genetics
"Hybridization between species is a genomic instability factor involved in increasing mutation rate and new chromosomal rearrangements. Evidence of a relationship between interspecific hybridization and transposable element mobilization has been reported in different organisms, but most studies are usually performed with particular TEs and do not discuss the real effect of hybridization on the whole genome. We have therefore studied whole genome instability of Drosophila interspecific hybrids, looking for the presence of new AFLP markers in hybrids. A high percentage (27-90%) of the instability markers detected corresponds to TEs belonging to classes I and II. Moreover, three transposable elements (Osvaldo, Helena and Galileo) representative of different families, showed an overall increase of transposition rate in hybrids compared to parental species. This research confirms the hypothesis that hybridization induces genomic instability by transposition bursts and suggests that genomic stress by transposition could contribute to a relaxation of mechanisms controlling TEs in the Drosophila genome.",Genetics
"We present a survey of single-cell whole-genome amplification (WGA) methods, including degenerate oligonucleotide-primed polymerase chain reaction (DOP-PCR), multiple displacement amplification (MDA), and multiple annealing and looping-based amplification cycles (MALBAC). The key parameters to characterize the performance of these methods are defined, including genome coverage, uniformity, reproducibility, unmappable rates, chimera rates, allele dropout rates, false positive rates for calling single-nucleotide variations, and ability to call copy-number variations. Using these parameters, we compare five commercial WGA kits by performing deep sequencing of multiple single cells. We also discuss several major applications of single-cell genomics, including studies of whole-genome de novo mutation rates, the early evolution of cancer genomes, circulating tumor cells (CTCs), meiotic recombination of germ cells, preimplantation genetic diagnosis (PGD), and preimplantation genomic screening (PGS) for in vitro-fertilized embryos.",Genetics
"Malus Mill., a genus of temperate perennial trees with great agricultural and ecological value, has diversified through hybridization, polyploidy and environmental adaptation. Limited genomic resources for wild Malus species have hindered the understanding of their evolutionary history and genetic diversity. We sequenced and assembled 30 high-quality Malus genomes, representing 20 diploids and 10 polyploids across major evolutionary lineages and geographical regions. Phylogenomic analyses revealed ancient gene duplications and conversions, while six newly defined genome types, including an ancestral type shared by polyploid species, facilitated the detection of strong signals for extensive introgressions. The graph-based pan-genome captured shared and species-specific structural variations, facilitating the development of a molecular marker for apple scab resistance. Our pipeline for analyzing selective sweep identified a mutation in MdMYB5 having reduced cold and disease resistance during domestication. This study advances Malus genomics, uncovering genetic diversity and evolutionary insights while enhancing breeding for desirable traits.",Genetics
"Innovative models for medical research are strongly required nowadays. Convincing evidence supports dog as the most suitable spontaneous model for several human genetic diseases. Decades of studies on dog genome allowed the identification of hundreds of mutations causing genetic disorders, many of which are proposed as counterparts responsible for human diseases. Traditionally, the murine model is the most extensively used in human translational research. However, this species shows large physiological differences from humans, and it is kept under a controlled artificial environment. Conversely, canine genetic disorders often show pathophysiological and clinical features highly resembling the human counterpart. In addition, dogs share the same environment with humans; therefore, they are naturally exposed to many risk factors. Thus, different branches of translational medicine aim to study spontaneously occurring diseases in dogs to provide a more reliable model for human disorders. This review offers a comprehensive overview of the knowledge and resources available today for all the researchers involved in the field of dog-human translational medicine. Some of the main successful examples from dog-human translational genomics are reported, such as the canine association studies which helped to identify the causal mutation in the human counterpart. We also illustrated the ongoing projects aiming to create public canine big datasets. Finally, specific online databases are discussed along with several information resources that can speed up clinical translational research.",Genetics
"Acetobacter species have been used for brewing traditional vinegar and are known to have genetic instability. To clarify the mutability, Acetobacter pasteurianus NBRC 3283, which forms a multi-phenotype cell complex, was subjected to genome DNA sequencing. The genome analysis revealed that there are more than 280 transposons and five genes with hyper-mutable tandem repeats as common features in the genome consisting of a 2.9-Mb chromosome and six plasmids. There were three single nucleotide mutations and five transposon insertions in 32 isolates from the cell complex. The A. pasteurianus hyper-mutability was applied for breeding a temperature-resistant strain grown at an unviable high-temperature (42 degrees C). The genomic DNA sequence of a heritable mutant showing temperature resistance was analyzed by mutation mapping, illustrating that a 92-kb deletion and three single nucleotide mutations occurred in the genome during the adaptation. Alpha-proteobacteria including A. pasteurianus consists of many intracellular symbionts and parasites, and their genomes show increased evolution rates and intensive genome reduction. However, A. pasteurianus is assumed to be a free-living bacterium, it may have the potentiality to evolve to fit in natural niches of seasonal fruits and flowers with other organisms, such as yeasts and lactic acid bacteria.",Genetics
MutChromSeq is an approach for isolation of genes and DNA sequences controlling gene expression in plants with complex and polyploid genomes. It involves a lossless complexity reduction by flow cytometric chromosome sorting and shotgun sequencing DNA from isolated chromosomes. Comparison of sequences from wild-type parental chromosome with chromosomes from multiple independently derived mutants identifies causative mutations in a single candidate gene or a noncoding sequence. MutChromSeq does not rely on recombination-based genetic mapping and does not exclude any DNA sequence from being targeted.,Genetics
"Interpreting the effects of genetic variants is key to understanding individual susceptibility to disease and designing personalized therapeutic approaches. Modern experimental technologies are enabling the generation of massive compendia of human genome sequence data and associated molecular and phenotypic traits, together with genome-scale expression, epigenomics and other functional genomic data. Integrative computational models can leverage these data to understand variant impact, elucidate the effect of dysregulated genes on biological pathways in specific disease and tissue contexts, and interpret disease risk beyond what is feasible with experiments alone. In this Review, we discuss recent developments in machine learning algorithms for genome interpretation and for integrative molecular-level modelling of cells, tissues and organs relevant to disease. More specifically, we highlight existing methods and key challenges and opportunities in identifying specific disease-causing genetic variants and linking them to molecular pathways and, ultimately, to disease phenotypes.",Genetics
"Genomic studies of human disorders are often performed by distinct research communities (i.e., focused on rare diseases, common diseases, or cancer). Despite underlying differences in the mechanistic origin of different disease categories, these studies share the goal of identifying causal genomic events that are critical for the clinical manifestation of the disease phenotype. Moreover, these studies face common challenges, including understanding the complex genetic architecture of the disease, deciphering the impact of variants on multiple scales, and interpreting noncoding mutations. Here, we highlight these challenges in depth and argue that properly addressing them will require a more unified vocabulary and approach across disease communities. Toward this goal, we present a unified perspective on relating variant impact to various genomic disorders.",Genetics
"Prediction of functional variant consequences is an important part of sequencing pipelines, allowing the categorization and prioritization of genetic variants for follow up analysis. However, current predictors analyze variants as isolated events, which can lead to incorrect predictions when adjacent variants alter the same codon, or when a frame-shifting indel is followed by a frame-restoring indel. Exploiting known haplotype information when making consequence predictions can resolve these issues. BCFtools/csq is a fast program for haplotype-aware consequence calling which can take into account known phase. Consequence predictions are changed for 501 of 5019 compound variants found in the 81.7M variants in the 1000 Genomes Project data, with an average of 139 compound variants per haplotype. Predictions match existing tools when run in localized mode, but the program is an order of magnitude faster and requires an order of magnitude less memory. The program is freely available for commercial and non-commercial use in the BCFtools package which is available for download from http://samtools.github.io/bcftools . pd3@sanger.ac.uk. Supplementary data are available at Bioinformatics online.",Genetics
"In 2011 a phenomenon involving complex chromosomal rearrangements was discovered in cancer genomes. This phenomenon has been termed chromothripsis, on the basis of its chromosomal hallmarks, which point to an underlying process involving chromosome (chromo) shattering (thripsis). The prevailing hypothesis of cancer genome evolution as a gradual process of mutation and selection was challenged by the discovery of chromothripsis, because its patterns of chromosome rearrangement rather indicated an one-off catastrophic burst of genome rearrangement. The initial discovery of chromothripsis has led to many more examples of chromothripsis both in cancer genomes as well as in patients with congenital diseases and in the genomes of healthy individuals. Since then, a burning topic has been the study of the molecular mechanism that leads to chromothripsis. Cumulating evidence has shown that chromothripsis may result from lagging chromosomes encapsulated in micronuclei, as well as from telomere fusions followed by chromosome bridge formation. In this chapter, we will outline the genomic characteristics of chromothripsis, and we present genomic methodologies that enable the detection of chromothripsis. Furthermore, we will give an overview of recent insights into the mechanisms underlying chromothripsis.",Genetics
"Accurate and detailed understanding of the effects of variants in the coding and noncoding regions of the genome is the next big challenge in the new genomic era of personalized medicine, especially to tackle newer findings of genetic and phenotypic heterogeneity of diseases. This is necessary to resolve the gene-variant-disease relationship, the pathogenic variant spectrum of genes, pathogenic variants with variable clinical consequences, and multiloci diseases. In turn, this will facilitate patient recruitment for relevant clinical trials. In this review, we describe the trends in research at the intersection of basic and clinical genomics aiming to (a) overcome molecular diagnostic challenges and increase the clinical utility of next-generation sequencing (NGS) platforms, (b) elucidate variants associated with disease, (c) determine overall genomic complexity including epistasis, complex inheritance patterns such as ""synergistic heterozygosity,"" digenic/multigenic inheritance, modifier effect, and rare variant load. We describe the newly emerging field of integrated functional genomics, in vivo or in vitro large-scale functional approaches, statistical bioinformatics algorithms that support NGS genomics data to interpret variants for timely clinical diagnostics and disease management. Thus, facilitating the discovery of new therapeutic or biomarker options, and their roles in the future of personalized medicine.",Genetics
"Population-genomic analyses are essential to understanding factors shaping genomic variation and lineage-specific sequence constraints. The dearth of such analyses for unicellular eukaryotes prompted us to assess genomic variation in Paramecium, one of the most well-studied ciliate genera. The Paramecium aurelia complex consists of ∼15 morphologically indistinguishable species that diverged subsequent to two rounds of whole-genome duplications (WGDs, as long as 320 MYA) and possess extremely streamlined genomes. We examine patterns of both nuclear and mitochondrial polymorphism, by sequencing whole genomes of 10-13 worldwide isolates of each of three species belonging to the P. aurelia complex: P. tetraurelia, P. biaurelia, P. sexaurelia, as well as two outgroup species that do not share the WGDs: P. caudatum and P. multimicronucleatum. An apparent absence of global geographic population structure suggests continuous or recent dispersal of Paramecium over long distances. Intergenic regions are highly constrained relative to coding sequences, especially in P. caudatum and P. multimicronucleatum that have shorter intergenic distances. Sequence diversity and divergence are reduced up to ∼100-150 bp both upstream and downstream of genes, suggesting strong constraints imposed by the presence of densely packed regulatory modules. In addition, comparison of sequence variation at non-synonymous and synonymous sites suggests similar recent selective pressures on paralogs within and orthologs across the deeply diverging species. This study presents the first genome-wide population-genomic analysis in ciliates and provides a valuable resource for future studies in evolutionary and functional genetics in Paramecium.",Genetics
"Cancer is a leading cause of death worldwide. Great efforts are dedicated to the development of prognostic and predictive biomarkers to improve diagnosis and achieve optimal treatment selection, thereby, introducing precision medicine in the multimodality treatment of cancer. Genomic aberrations are the basis of tumour development, representing excellent candidates for the development of promising clinical biomarkers. Over the past decade, single-gene mutations and genomic profiling have been increasingly used in multidisciplinary consultations for risk-assessment and treatment planning for patients with cancer. We discuss the impact of such genetic-based information on surgical decision-making. Single-gene mutations have already influenced surgical decision-making in breast, colorectal and thyroid cancer. However, the direct impact of genomic profiling on surgical care has not yet been fully established. We discuss the direct and indirect influences of genomic profiling on surgery, and analyse the limitations and unresolved issues of a genotypic-approach to the surgical management of cancer.",Genetics
"Studies in tunicates such as Ciona have revealed new insights into the evolutionary origins of chordate development. Ciona populations are characterized by high levels of natural genetic variation, between 1 and 5%. This variation has provided abundant material for forward genetic studies. In the current study, we make use of deep sequencing and homozygosity mapping to map spontaneous mutations in outbred populations. With this method we have mapped two spontaneous developmental mutants. In Ciona intestinalis we mapped a short-tail mutation with strong phenotypic similarity to a previously identified mutant in the related species Ciona savignyi. Our bioinformatic approach mapped the mutation to a narrow interval containing a single mutated gene, α-laminin3,4,5, which is the gene previously implicated in C. savignyi. In addition, we mapped a novel genetic mutation disrupting neural tube closure in C. savignyi to a T-type Ca(2+) channel gene. The high efficiency and unprecedented mapping resolution of our study is a powerful advantage for developmental genetics in Ciona, and may find application in other outbred species.",Genetics
"Genome rearrangements are mutations affecting large portions of a genome, and a reversal is one of the most studied genome rearrangements in the literature through the Sorting by Reversals (SbR) problem. SbR is solvable in polynomial time on signed permutations (i.e., the gene orientation is known), and it is NP-hard on unsigned permutations. This problem (and many others considering genome rearrangements) models genome as a list of its genes in the order they appear, ignoring all other information present in the genome. Recent works claimed that the incorporation of the size of intergenic regions, i.e., sequences of nucleotides between genes, may result in better estimators for the real distance between genomes. Here we introduce the Sorting Signed Permutations by Intergenic Reversals problem, that sorts a signed permutation using reversals both on gene order and intergenic sizes. We show that this problem is NP-hard by a reduction from the 3-partition problem. Then, we propose a 2-approximation algorithm for it. Finally, we also incorporate intergenic indels (i.e., insertions or deletions of intergenic regions) to overcome a limitation of sorting by conservative events (such as reversals) and propose two approximation algorithms.",Genetics
"Whole-genome resequencing provides the opportunity to explore the genomic variations and pave way for further functional assays to map the economical trait loci. In this study, we sequenced the genomes of mixed chicken samples from a full-sib family, with feathered and unfeathered legs at an average effective depth of 4.43×, using Illumina Hiseq 2000 instruments. Over 2.1 million nonredundant short indels (1-71 bp) were obtained. Among them, 16,375 common indels that were polymorphic between the comparison groups were revealed for further analysis. The majority of the common differential indels (76.52%) were novel. Follow-up validation assays confirmed that 80% randomly selected indels represented true variations. The indels were annotated based on the chicken genome sequence assembly. As a result, 16,375 indels were found to be located within 2756 annotated genes, with only 33 (0.202%) located in exons. By integrated analysis of the 2756 genes with gene function and known quantitative trait loci, we identified a total of 24 promising candidate genes potentially affecting feathered-leg trait, i.e. <i>FGF1</i>, <i>FGF4</i>, <i>FGF10</i>, <i>FGFR1</i>, <i>FRZB</i>, <i>WNT1</i>, <i>WNT3A</i>, <i>WNT11</i>, <i>PCDH1</i>, <i>PCDH10</i>, <i>PCDH19</i>, <i>SOX3</i>, <i>BMP2</i>, <i>NOTCH2</i>, <i>TGF-β2</i>, <i>DLX5</i>, <i>REPS2</i>, <i>SCN3B</i>, <i>TCF20</i>, <i>FGF3</i>, <i>FSTL1</i>, <i>WNT7B</i>, <i>ELOVL2</i> and <i>FGF8</i>. Our findings provide a basis for further study and reveal key genes for feathered-leg trait in chickens.",Genetics
"<b><i>Genome rearrangements</i> are global mutations that change large stretches of DNA sequence throughout genomes. They are rare but accumulate during the evolutionary process leading to organisms with similar genetic material in different places and orientations within the genome. Sorting by Genome Rearrangements problems seek for minimum-length sequences of rearrangements that transform one genome into the other. These problems accept alternative versions that assign weights for each event, and the goal is to find a <i>minimum-weight</i> sequence. We study the <i>Sorting by Weighted Reversals and Transpositions</i> problem on signed permutations. In this study, we use weight 2 for reversals and 3 for transpositions and consider theoretical and practical aspects in our analysis. We present two algorithms with approximation factors of 5/3 and 3/2. We also developed a generic approximation algorithm to deal with different weights for reversals and transpositions, and we show the approximation factor reached in each scenario.</b>",Genetics
"Somatic rearrangements resulting in genomic structural variation drive malignant phenotypes by altering the expression or function of cancer genes. Pan-cancer studies have revealed that structural variants (SVs) are the predominant class of driver mutation in most cancer types, but because they are difficult to discover, they remain understudied when compared with point mutations. This review provides an overview of the current knowledge of somatic SVs, discussing their primary roles, prevalence in different contexts, and mutational mechanisms. SVs arise throughout the life history of cancer, and 55% of driver mutations uncovered by the Pan-Cancer Analysis of Whole Genomes project represent SVs. Leveraging the convergence of cell biology and genomics, we propose a mechanistic classification of somatic SVs, from simple to highly complex DNA rearrangement classes. The actions of DNA repair and DNA replication processes together with mitotic errors result in a rich spectrum of SV formation processes, with cascading effects mediating extensive structural diversity after an initiating DNA lesion has formed. Thanks to new sequencing technologies, including the sequencing of single-cell genomes, open questions about the molecular triggers and the biomolecules involved in SV formation as well as their mutational rates can now be addressed.",Genetics
"Whole genome sequencing of human tumours has revealed distinct patterns of mutation that hint at the causative origins of cancer. Experimental investigations of the mutations and mutation spectra induced by environmental mutagens have traditionally focused on single genes. With the advent of faster cheaper sequencing platforms, it is now possible to assess mutation spectra in experimental models across the whole genome. As a proof of principle, we have examined the whole genome mutation profiles of mouse embryo fibroblasts immortalised following exposure to benzo[a]pyrene (BaP), ultraviolet light (UV) and aristolochic acid (AA). The results reveal that each mutagen induces a characteristic mutation signature: predominantly G→T mutations for BaP, C→T and CC→TT for UV and A→T for AA. The data are not only consistent with existing knowledge but also provide additional information at higher levels of genomic organisation. The approach holds promise for identifying agents responsible for mutations in human tumours and for shedding light on the aetiology of human cancer.",Genetics
"Candida auris, one of the emerging multidrug-resistant Candida species, was first discovered in 2009 from the ear canal of a patient in Tokyo, Japan. Since then, several studies exhibit the possible threats of C. auris due to its versatile resistance to frontline antifungal agents. The number of studies focusing on genetic variants associated with multidrug resistance has risen over a decade. In this study, we retrieved eight C. auris strains, originated from clinical isolates in Bangkok, Thailand, and sequenced all genomes using long-read oxford nanopore technology. We have identified genome-wide single nucleotide polymorphisms (SNPs) and found that the typical genetic variation, Y132F, in ERG11 was shared between fluconazole-resistant strains, as previously reported. The fluconazole-resistant strains also exclusively harboured other nonsynonymous SNPs suggesting new mutation candidates associated with fluconazole resistance. On the caspofungin resistance aspect, shared SNPs between caspofungin-resistant strains were also found in genes associated with various biological pathways, including G32E in CDC10, a gene encoding the protein related to cell wall integrity. The other mutation was found in fungal-specific transcription factors in the Zn (II)2-Cys6 binuclear cluster, which potentially plays a central role in regulating membrane efflux pumps or cell wall production. An amino acid substitution in FKS1, a well-known protein associated with echinocandin resistance, was found in only one of two caspofungin-resistant strains at the newly discovered position, I1361T. In short, the results of our study have confirmed the typical genetic variants underpinning multidrug resistance in C. auris strains and proposed the possible new pathways involved.",Genetics
"Environmental stresses and inhibitors encountered by Saccharomyces cerevisiae strains are the main limiting factors in bioethanol fermentation. Strains with different genetic backgrounds usually show diverse stress tolerance responses. An understanding of the mechanisms underlying these phenotypic diversities within S. cerevisiae populations could guide the construction of strains with desired traits. We explored the genetic characteristics of the bioethanol S. cerevisiae strain YJS329 and elucidated how genetic variations in its genome were correlated with specified traits compared to similar traits in the S288c-derived strain, BYZ1. Karyotypic electrophoresis combined with array-comparative genomic hybridization indicated that YJS329 was a diploid strain with a relatively constant genome as a result of the fewer Ty elements and lack of structural polymorphisms between homologous chromosomes that it contained. By comparing the sequence with the S288c genome, a total of 64,998 SNPs, 7,093 indels and 11 unique genes were identified in the genome of YJS329-derived haploid strain YJSH1 through whole-genome sequencing. Transcription comparison using RNA-Seq identified which of the differentially expressed genes were the main contributors to the phenotypic differences between YJS329 and BYZ1. By combining the results obtained from the genome sequences and the transcriptions, we predicted how the SNPs, indels and chromosomal copy number variations may affect the mRNA expression profiles and phenotypes of the yeast strains. Furthermore, some genetic breeding strategies to improve the adaptabilities of YJS329 were designed and experimentally verified. Through comparative functional genomic analysis, we have provided some insights into the mechanisms underlying the specific traits of the bioenthanol strain YJS329. The work reported here has not only enriched the available genetic resources of yeast but has also indicated how functional genomic studies can be used to improve genetic breeding in yeast.",Genetics
"Coloration is an easily quantifiable visual trait that has proven to be a highly tractable system for genetic analysis and for studying adaptive evolution. The application of genomic approaches to evolutionary studies of coloration is providing new insight into the genetic architectures underlying colour traits, including the importance of large-effect mutations and supergenes, the role of development in shaping genetic variation and the origins of adaptive variation, which often involves adaptive introgression. Improved knowledge of the genetic basis of traits can facilitate field studies of natural selection and sexual selection, making it possible for strong selection and its influence on the genome to be demonstrated in wild populations.",Genetics
"Chronic lymphocytic leukemia is a common disease in Western countries and has heterogeneous clinical behavior. The relevance of the genetic basis of the disease has come to the forefront recently, with genome-wide studies that have provided a comprehensive view of structural variants, somatic mutations, and different layers of epigenetic changes. The mutational landscape is characterized by relatively common copy number alterations, a few mutated genes occurring in 10-15% of cases, and a large number of genes mutated in a small number of cases. The epigenomic profile has revealed a marked reprogramming of regulatory regions in tumor cells compared with normal B cells. All of these alterations are differentially distributed in clinical and biological subsets of the disease, indicating that they may underlie the heterogeneous evolution of the disease. These global studies are revealing the molecular complexity of chronic lymphocytic leukemia and provide new perspectives that have helped to understand its pathogenic mechanisms and improve the clinical management of patients.",Genetics
"Completion of the whole genome sequence of a laboratory yeast strain <i>Saccharomyces cerevisiae</i> in 1996 ushered in the development of genome-wide experimental tools and accelerated subsequent genetic study of <i>S. cerevisiae</i>. The study of sake yeast also shared the benefit of such tools as DNA microarrays, gene disruption-mutant collections, and others. Moreover, whole genome analysis of representative sake yeast strain Kyokai no. 7 was performed in the late 2000s, and enabled comparative genomics between sake yeast and laboratory yeast, resulting in some notable finding for of sake yeast genetics. Development of next-generation DNA sequencing and bioinformatics also drastically changed the field of the genetics, including for sake yeast. Genomics and the genome-wide study of sake yeast have progressed under these circumstances during the last two decades, and are summarized in this article. <b>Abbreviations:</b> AFLP: amplified fragment length polymorphism; CGH: comparative genomic hybridization; CNV: copy number variation; DMS: dimethyl succinate; DSW: deep sea water; LOH: loss of heterozygosity; NGS: next generation sequencer; QTL: quantitative trait loci; QTN: quantitative trait nucleotide; SAM: S-adenosyl methionine; SNV: single nucleotide variation.",Genetics
"Cotton is an important economic crop in worldwide. It produces fiber for the textile industry and provides cottonseeds with high-quality protein and oil. However, the presence of gossypol limits the utilization of cottonseed. Two pairs of cotton near isogenic lines (NILs) with different pigment glands, i.e., Coker 312 vs Coker 312 W and CCRI12 vs CCRI12W, exhibit different gossypol contents. The glandless traits of Coker 312 W and CCRI12W are controlled by recessive and dominant genes, respectively. However, knowledge regarding the genomic variations in the NILs is limited. Therefore, the NILs genomes were resequenced and the sequencing depths were greater than 34×. Compared with the TM-1 genome, numerous SNPs, Indels, SVs, and CNVs were discovered. KEGG pathway analysis revealed that genes with SNPs and Indels from the recessive NILs and genes with Indels from the dominant NILs shared only one enriched pathway, i.e., the sesquiterpenoid and triterpenoid biosynthesis pathway, which is relevant to gossypol biosynthesis. Expression analysis revealed that key genes with variations that participate in the gossypol biosynthesis and pigment gland formation pathways had different expression patterns among the dominant, recessive glandless and glanded plants. The expression levels in the glanded organs were higher than those in their NILs. Altogether, our results provide deeper insight into cotton NILs with different pigment glands.",Genetics
"Conventional osteosarcoma (OS) is a high-grade intraosseous malignancy with production of osteoid matrix; however, a deeper dive into the underlying genetics reveals genomic complexity and instability that result in significant tumor heterogeneity. While early karyotyping studies demonstrated aneuploidy with chromosomal complexity and structural rearrangements, further investigations have identified few recurrent genetic alterations with the exception of the tumor suppressors TP53 and RB1. More recent studies utilizing next-generation sequencing (NGS; whole-exome sequencing, WES; and whole-genome sequencing, WGS) reveal a genomic landscape predominantly characterized by somatic copy number alterations rather than point/indel mutations. Despite its genomic complexity, OS has shown variable immune infiltrate and limited immunogenicity. In the current chapter, we review the hallmarks of OS genomics across recent NGS studies and the immune profile of OS including a large institutional cohort of OS patients with recurrent and metastatic disease. Understanding the genomic and immune landscape of OS may provide opportunities for translation in both molecularly targeted therapies and novel immuno-oncology approaches.",Genetics
"In view of their high degree of genetic heterogeneity, inherited retinal diseases (IRDs) pose a significant challenge for identifying novel genetic causes. Thus far, more than 200 genes have been found to be mutated in IRDs, which together contain causal variants in >80% of the cases. Accurate genetic diagnostics is particularly important for isolated cases, in which X-linked and de novo autosomal dominant variants are not uncommon. In addition, new gene- or mutation-specific therapies are emerging, underlining the importance of identifying causative mutations in each individual. Sanger sequencing of selected genes followed by cost-effective targeted next-generation sequencing (NGS) can identify defects in known IRD-associated genes in the majority of the cases. Exome NGS in combination with genetic linkage or homozygosity mapping studies can aid the identification of the remaining causal genes. As these are thought to be mutated in <1% of the cases, validation through functional modeling in, for example, zebrafish and/or replication through the genotyping of large patient cohorts is required. In the near future, whole genome NGS in combination with transcriptome NGS may reveal mutations that are currently hidden in the noncoding regions of the human genome.",Genetics
"Despite the identification of many genetic variants contributing to human disease (the 'disease genome'), establishing reliable molecular diagnoses remain challenging in many cases. The ability to sequence the genomes of patients has been transformative, but difficulty in interpretation of voluminous genetic variation often confounds recognition of underlying causal variants. There are numerous predictors of pathogenicity for individual DNA variants, but their utility is reduced because many plausibly pathogenic variants are probably neutral. The rapidly increasing quantity and quality of information on the properties of genes suggests that gene-specific information might be useful for prediction of causal variation when used alongside variant-specific predictors of pathogenicity. The key to understanding the role of genes in disease relates in part to gene essentiality, which has recently been approximated, for example, by quantifying the degree of intolerance of individual genes to loss-of-function variation. Increasing understanding of the interplay between genetic recombination, selection and mutation and their relationship to gene essentiality suggests that gene-specific information may be useful for the interpretation of sequenced genomes. Considered alongside additional distinctive properties of the disease genome, such as the timing of the evolutionary emergence of genes and the roles of their products in protein networks, the case for using gene-specific measures to guide filtering of sequenced genomes seems strong.",Genetics
"In addition to naturally occurring sequence variation and spontaneous mutations, a wide array of technologies exist for modifying the mouse genome. Standardized nomenclature, including allele, transgene, and other mutation nomenclature, as well as persistent unique identifiers (PUID) are critical for effective scientific communication, comparison of results, and integration of data into knowledgebases such as Mouse Genome Informatics (MGI), Alliance for Genome Resources, and International Mouse Strain Resource (IMSR). As well as being the authoritative source for mouse gene, allele, and strain nomenclature, MGI integrates published and unpublished genomic, phenotypic, and expression data while linking to other online resources for a complete view of the mouse as a valuable model organism. The International Committee on Standardized Genetic Nomenclature for Mice has developed allele nomenclature rules and guidelines that take into account the number of genes impacted, the method of allele generation, and the nature of the sequence alteration. To capture details that cannot be included in allele symbols, MGI has further developed allele to gene relationships using sequence ontology (SO) definitions for mutations that provide links between alleles and the genes affected. MGI is also using (HGVS) variant nomenclature for variants associated with alleles that will enhance searching for mutations and will improve cross-species comparison. With the ability to assign unique and informative symbols as well as to link alleles with more than one gene, allele and transgene nomenclature rules and guidelines provide an unambiguous way to represent alterations in the mouse genome and facilitate data integration among multiple resources such the Alliance of Genome Resources and International Mouse Strain Resource.",Genetics
"Mutations with deleterious consequences in nature may be conditionally deleterious in crop plants. That is, while some genetic variants may reduce fitness under wild conditions and be subject to purifying selection, they can be under positive selection in domesticates. Such deleterious alleles can be plant breeding targets, particularly for complex traits. The difficulty of distinguishing favorable from unfavorable variants reduces the power of selection, while favorable trait variation and heterosis may be attributable to deleterious alleles. Here, we review the roles of deleterious mutations in crop breeding and discuss how they can be used as a new avenue for crop improvement with emerging genomic tools, including HapMaps and pangenome analysis, aiding the identification, removal, or exploitation of deleterious mutations.",Genetics
"Mycobacterium abscessus (MAB) is intrinsically resistant to many antibiotics, but the evolution of acquired drug resistance is poorly understood. We analyzed published genomes of 5617 clinical MAB isolates from 20 countries and searched for signals of ongoing evolution in 35 drug resistance-associated genes. Of these, we found 14 genes that were subject to positive selection, and we identified novel mutational sites under selection. Among these, the erm(41) V80I mutation arose exclusively in strains with erm(41) 28T and affected 50.5% (1750/3465) of subsp abscessus isolates. The study provided evidence that MAB is evolving mutations in drug resistance-associated genes, and further research is needed to understand the functional consequences of these mutations.",Genetics
"Multiple myeloma (MM) is a genetically complex disease that evolves from pre-malignant stages, such as monoclonal gammaopathy of undetermined significance and smouldering multiple myeloma, and progresses to symptomatic MM; this continuum provides a unique framework to study the sequential genomic evolution of MM. In the past 5 years, results from large-scale whole-exome sequencing studies have provided new insights into the clonal heterogeneity and evolution of the disease. Moreover, the recurrent co-occurrence of genomic events helps to dissect the genomic complexity underlying tumour progression. According to the primary genetic events involved in tumorigenesis, MM tumours are hierarchically subdivided into hyperdiploid and non-hyperdiploid subtypes; subsequently, secondary genetic events lead to tumour progression. In this Review, we describe the 'driver' gene alterations involved in the development and progression of MM, with a focus on the sequential acquisition of the main genomic aberrations. We also provide valuable insight into the clonal heterogeneity and clonal evolution of the disease, as well as into the therapeutic implications of a comprehensive understanding of the genomic complexity of MM.",Genetics
"With the advent of next-generation sequencing technologies, we have witnessed a rapid pace of discovery of new patterns of somatic structural variation in cancer genomes, and an attempt to figure out their underlying mechanisms. Some of these mechanisms are associated with particular cancer types, and in some cases are the main cause of the structural mutations that drive the oncogenic process. This review provides an overview of the patterns of somatic structural variation and chromosomal structures that characterize cancer genomes, their causal mechanisms and their impact in oncogenesis.",Genetics
"Deciphering the genetic basis of human disease requires a comprehensive knowledge of genetic variants irrespective of their class or frequency. Although an impressive number of human genetic variants have been catalogued, a large fraction of the genetic difference that distinguishes two human genomes is still not understood at the base-pair level. This is because the emphasis has been on single-nucleotide variation as opposed to less tractable and more complex genetic variants, including indels and structural variants. The latter, we propose, will have a large impact on human phenotypes but require a more systematic assessment of genomes at deeper coverage and alternate sequencing and mapping technologies.",Genetics
"There are challenges in the genetic diagnosis of rare diseases, and pursuing an optimal strategy to identify the cause of the disease is one of the main objectives of any clinical genomics unit. A range of techniques are currently used to characterize the genomic variability within the human genome to detect causative variants of specific disorders. With the introduction of next-generation sequencing (NGS) in the clinical setting, geneticists can study single-nucleotide variants (SNVs) throughout the entire exome/genome. In turn, the number of variants to be evaluated per patient has increased significantly, and more information has to be processed and analyzed to determine a proper diagnosis. Roughly 50% of patients with a Mendelian genetic disorder are diagnosed using NGS, but a fair number of patients still suffer a diagnostic odyssey. Due to the inherent diversity of the human population, as more exomes or genomes are sequenced, variants of uncertain significance (VUSs) will increase exponentially. Thus, assigning relevance to a VUS (non-synonymous as well as synonymous) in an undiagnosed patient becomes crucial to assess the proper diagnosis. Multiple algorithms have been used to predict how a specific mutation might affect the protein's function, but they are far from accurate enough to be conclusive. In this work, we highlight the difficulties of genomic variability determined by NGS that have arisen in diagnosing rare genetic diseases, and how molecular modelling has to be a key component to elucidate the relevance of a specific mutation in the protein's loss of function or malfunction. We suggest that the creation of a multi-omics data model should improve the classification of pathogenicity for a significant amount of the detected genomic variability. Moreover, we argue how it should be incorporated systematically in the process of variant evaluation to be useful in the clinical setting and the diagnostic pipeline.",Genetics
"Although epidemiology has an indispensable role in serving public health, the relative emphasis of applications of epidemiology often tend toward individual-level medicine over public health in terms of resources and impact. We make distinctions between public health and medical applications of epidemiology to raise awareness among epidemiologists, many of whom came to the field with public health in mind. We discuss reasons for the overemphasis on medical epidemiology and suggest ways to counteract these incentives. Public health epidemiology informs interventions that are applied to populations or that confer benefits beyond the individual, whereas medical epidemiology informs interventions that improve the health of treated individuals. Available resources, new biomedical technologies, and existing epidemiologic methods favor medical applications of epidemiology. Focus on public health impact and methods suited to answer public health questions can create better balance and promote population-level improvements in public health. By deliberately reflecting on research motivations and long-term goals, we hope the distinctions presented here will facilitate critical discussion and a greater consciousness of our potential impact on both individual and population-level health. Renewed intentions towards public health can help epidemiologists navigate potential projects and ultimately contribute to an epidemiology of consequence.",Public Health
"Public health law has roots in both law and science. For more than a century, lawyers have helped develop and implement health laws; over the past 50 years, scientific evaluation of the health effects of laws and legal practices has achieved high levels of rigor and influence. We describe an emerging model of public health law that unites these two traditions. This transdisciplinary model adds scientific practices to the lawyerly functions of normative and doctrinal research, counseling, and representation. These practices include policy surveillance and empirical public health law research on the efficacy of legal interventions and the impact of laws and legal practices on health and health system operation. A transdisciplinary model of public health law, melding its legal and scientific facets, can help break down enduring cultural, disciplinary, and resource barriers that have prevented the full recognition and optimal role of law in public health.",Public Health
"HIV is responsible for one of the largest viral pandemics in human history. Despite a concerted global response for prevention and treatment, the virus persists. Thus, urgent public health action, utilizing novel interventions, is needed to prevent future transmission events, critical to eliminating HIV. For public health planning to prove effective and successful, we need to understand the dynamics of regional epidemics and to intervene appropriately. HIV molecular epidemiology tools as implemented in phylogenetic, phylodynamic and phylogeographic analyses have proven to be powerful tools in public health planning across many studies. Numerous applications with HIV suggest that molecular methods alone or in combination with mathematical modelling can provide inferences about the transmission dynamics, critical epidemiological parameters (prevalence, incidence, effective number of infections, Re, generation times, time between infection and diagnosis), or the spatiotemporal characteristics of epidemics. Molecular tools have been used to assess the impact of an intervention and outbreak investigation which are of great public health relevance. In some settings, molecular sequence data may be more readily available than HIV surveillance data, and can therefore allow for molecular analyses to be conducted more easily. Nonetheless, classic methods have an integral role in monitoring and evaluation of public health programmes, and should supplement emerging techniques from the field of molecular epidemiology. Importantly, molecular epidemiology remains a promising approach in responding to viral diseases.",Public Health
"Public health militancy has been increasingly frustrated by what many perceive as the marginally fertile studies of risk factors operating at the individual level, whose causal underpinnings are often and inevitably weakened in multifactorial situations. As a remedy, leading advocates propose a refocusing of epidemiology and public health on socioeconomic, cultural, and political studies, and on broad interventions at population level. This new ""paradigm"" would be aided by a relaxation of evidentiary standards of causality, away from scientific criteria and more toward dialectic (rhetorical) precepts derived in a humanistic and sociologic tradition. It is countered here that such proposals would further reduce the objectivity and thus likely weaken rather than strengthen epidemiology and the justification of public health action. Instead, a realistic appraisal finds that multifactorial epidemiology raises warning signals of varying influence, and that the usefulness of epidemiology and public health could be enhanced by conceiving of methods to score the relative strength and priority of such warnings.",Public Health
"Outbreak investigations use data from interviews, healthcare providers, laboratories and surveillance systems. However, integrated use of data from multiple sources requires a patchwork of software that present challenges in usability, interoperability, confidentiality, and cost. Rapid integration, visualization and analysis of data from multiple sources can guide effective public health interventions. We developed MicrobeTrace to facilitate rapid public health responses by overcoming barriers to data integration and exploration in molecular epidemiology. MicrobeTrace is a web-based, client-side, JavaScript application (https://microbetrace.cdc.gov) that runs in Chromium-based browsers and remains fully operational without an internet connection. Using publicly available data, we demonstrate the analysis of viral genetic distance networks and introduce a novel approach to minimum spanning trees that simplifies results. We also illustrate the potential utility of MicrobeTrace in support of contact tracing by analyzing and displaying data from an outbreak of SARS-CoV-2 in South Korea in early 2020. MicrobeTrace is developed and actively maintained by the Centers for Disease Control and Prevention. Users can email microbetrace@cdc.gov for support. The source code is available at https://github.com/cdcgov/microbetrace.",Public Health
"Monophasic <i>Salmonella</i> Typhimurium sequence type 34 (mSTM ST34) has emerged as a significant global health threat, but our understanding of its genomic epidemiology and potential public health implications in international and regional contexts remains limited. This study aims to fill this crucial gap by assessing the genomic epidemiology of multidrug resistance (MDR) mSTM ST34, as well as its clinical characteristics and virulence. To achieve the objectives of this study, we conducted a comprehensive genomic analysis of mSTM ST34 isolates. We obtained a global dataset comprising 13,844 strains from public databases, along with 339 strains from a regional surveillance collection in Zhejiang Province, China. This dataset aims to provide in-depth insights into antimicrobial resistance, mobile genetic elements, and pathogenicity. Additionally, we meticulously assessed the association between phenotypic profiles and clinical presentations. Our findings revealed that the prevalence of mSTM ST34 has surpassed that of the previously dominant ST19. In addition, we observed an increase in the detection of the IncQ1 plasmid, which is responsible for disseminating MDR. The prevalence of mSTM ST34 carriage was exceptionally high among children (≤12 years old) and elderly individuals (≥65 years old), with 92.6% of the isolates exhibiting MDR, including resistance to frontline antimicrobials such as third-generation cephalosporins and ciprofloxacin. Additionally, the human mSTM ST34 strain demonstrates a remarkable capacity for biofilm formation, which increases its virulence in animal models and complicates therapeutic interventions. mSTM ST34 has surpassed the previously dominant ST19, and its ability to transmit across multi-species increases its potential for further human transmission. This study addresses critical gaps in our understanding of mSTM ST34 prevalence, highlighting the importance of whole genome sequencing in surveilling zoonotic pathogens.",Public Health
"The World Health Organization (WHO) declared the current COVID-19 a public health emergency of international concern on January 30, 2020. Countries in the Eastern Mediterranean Region (EMR) have a high vulnerability and variable capacity to respond to outbreaks. Many of these countries addressed the need for increasing capacity in the areas of surveillance and rapid response to public health threats. Moreover, countries addressed the need for communication strategies that direct the public to actions for self- and community protection. This viewpoint article aims to highlight the contribution of the Global Health Development (GHD)/Eastern Mediterranean Public Health Network (EMPHNET) and the EMR's Field Epidemiology Training Program (FETPs) to prepare for and respond to the current COVID-19 threat. GHD/EMPHNET has the scientific expertise to contribute to elevating the level of country alert and preparedness in the EMR and to provide technical support through health promotion, training and training materials, guidelines, coordination, and communication. The FETPs are currently actively participating in surveillance and screening at the ports of entry, development of communication materials and guidelines, and sharing information to health professionals and the public. However, some countries remain ill-equipped, have poor diagnostic capacity, and are in need of further capacity development in response to public health threats. It is essential that GHD/EMPHNET and FETPs continue building the capacity to respond to COVID-19 and intensify support for preparedness and response to public health emergencies.",Public Health
"Molecular data have defined seven genetic Assemblages of Giardia duodenalis, named A-G. Humans are infected with Assemblages A and B, dogs primarily with C and D, and cats with F. Assemblage A has been subclassified into subtypes A-I to A-IV: A-I has been reported in humans and animals, A-II in humans, and A-III and IV exclusively in animals. Assemblage B has broad host specificity infecting humans and animals. Recently, small numbers of dogs and cats have been reported to also carry Assemblages A-I or B. Because these genotypes are found primarily in humans, and no comprehensive studies to address zoonotic transmission of G. duodenalis are yet available, the potential role of dogs and cats cannot be conclusively excluded.",Public Health
"This commentary examines the scope of epidemiology and delineates the role of epidemiology in relation to public health. Epidemiology is a science; public health is a mission that is implemented through societal action. The implications of this difference are considered, and the sufficiency of epidemiology for guiding public health is evaluated in relation to other scientific disciplines and nonscientific considerations. The authors conclude that epidemiology is not the basic science of public health but one of many contributors to guiding action. The need for public health decisions despite scientific uncertainty and the potential for epidemiologic certainty's failing to provide clear guidance to public health action emphasize the distinctiveness of these endeavors. Criticisms that epidemiology fails to solve major public health problems, such as tobacco use; that it overemphasizes methods; that it fails to meet the needs of public health practitioners; and that it isolates itself from public health ethics are unwarranted. However, epidemiology should focus on addressing issues that directly affect public health decisions and should clearly communicate information about such issues to public health workers. Public health is far more complex than merely applying epidemiology.",Public Health
"HIV molecular epidemiology (HIV ME) can support the early detection of emerging clusters of new HIV infections by combining HIV sequence data routinely obtained during the clinical treatment of people living with HIV with behavioral, geographic, and sociodemographic information. While information about emerging clusters promises to facilitate HIV prevention and treatment efforts, the use of this data also raises several ethical concerns. We sought to assess how those working on the frontlines of HIV ME, specifically public health practitioners (PHPs) and researchers, prioritized these issues. Ethical issues were identified through literature review, qualitative in-depth interviews, and stakeholder engagement. PHPs and researchers using HIV ME prioritized the issues using best-worst scaling (BWS). A balanced incomplete block design was used to generate 11 choice tasks each consisting of a sub-set of 5 ethical concerns. In each task, respondents were asked to assess the most and least concerning issue. Data were analyzed using conditional logit, with a Swait-Louviere test of poolability. Latent class analysis was then used to explore preference heterogeneity. In total, 57 respondents completed the BWS experiment May-June 2023 with the Swait-Louviere test indicating that researchers and PHPs could be pooled (p = 0.512). Latent class analysis identified two classes, those highlighting ""Harms"" (n = 29) (prioritizing concerns about potential risk of legal prosecution, individual harm, and group stigma) and those highlighting ""Utility"" (n = 28) (prioritizing concerns about limited evidence, resource allocation, non-disclosure of data use for HIV ME, and the potential to infer the directionality of HIV transmission). There were no differences in the characteristics of members across classes. The ethical issues of HIV ME vary in importance among stakeholders, reflecting different perspectives on the potential impact and usefulness of the data. Knowing these differences exist can directly inform the focus of future deliberations about the policies and practices of HIV ME in the United States.",Public Health
"Molecular tools have enhanced our understanding of the epidemiology of infectious diseases by describing the transmission system, including identifying novel transmission modes and reservoirs, identifying characteristics of the infectious agent that lead to transmission and pathogenesis, identifying potential vaccine candidates and targets for therapeutics, and recognizing new infectious agents. Applications of molecular fingerprinting to public health practice have enhanced outbreak investigation by objectively confirming epidemiologic evidence, and distinguishing between time-space clusters and sporadic cases. Clinically, moleculartools are used to rapidly detect infectious agents and predict disease course. Integration of molecular tools into etiologic studies has identified infectious causes of chronic diseases, and characteristics of the agent and host that modify disease risk. The combination of molecular tools with epidemiologic methods provides essential information to guide clinical treatment, and to design and implement programmes to prevent and control infectious diseases. However, incorporating molecular tools into epidemiologic studies of infectious diseases impacts study design, conduct, and analysis.",Public Health
"Methicillin-resistant <i>Staphylococcus aureus</i> (MRSA) is a major antimicrobial-resistant pathogen affecting both human and animal health. Although historically associated with healthcare settings, MRSA is now established in livestock production and throughout the production chain. Its detection in animals, food products, and processing environments reflects the complex ecology of antimicrobial resistance (AMR) in modern food systems. This narrative review synthesizes current evidence on the molecular basis of methicillin resistance and multidrug resistance determinants, as well as the epidemiology of MRSA in food-associated settings. Particular emphasis is placed on its occurrence in animal-derived foods and key reservoirs within farms, slaughterhouses, and processing environments. Livestock-associated populations are dominated by clonal complex CC398. In contrast, CC9 is prevalent in pig production systems in Asia, while CC5-related lineages occur at the human and animal interface. MRSA has been detected in retail meat and animal-derived foods at low but measurable prevalence, indicating contamination during slaughter and processing. Virulence determinants include staphylococcal enterotoxins linked to food poisoning and Panton-Valentine leukocidin associated with severe infections. Biofilm formation and adhesins further support persistence and colonization. Epidemiological and molecular evidence indicates that livestock, processing environments, and food-contact surfaces act as interconnected reservoirs sustaining MRSA circulation. Human exposure occurs primarily through occupational contact and environmental pathways, whereas foodborne transmission appears less common. Effective control requires integrated surveillance, responsible antimicrobial use in livestock production, and strict hygiene practices throughout the production chain within a One Health framework.",Public Health
"Tuberculosis is a leading public health priority in eastern Malaysia. Knowledge of the genomic epidemiology of tuberculosis can help tailor public health interventions. Our aims were to determine tuberculosis genomic epidemiology and characterize resistance mutations in the ethnically diverse city of Kota Kinabalu, Sabah, located at the nexus of Malaysia, Indonesia, Philippines and Brunei. We used an archive of prospectively collected <i>Mycobacterium tuberculosis</i> samples paired with epidemiological data. We collected sputum and demographic data from consecutive consenting outpatients with pulmonary tuberculosis at the largest tuberculosis clinic from 2012 to 2014, and selected samples from tuberculosis inpatients from the tertiary referral centre during 2012-2014 and 2016-2017. Two hundred and eight <i>M</i>. <i>tuberculosis</i> sequences were available for analysis, representing 8 % of cases notified during the study periods. Whole-genome phylogenetic analysis demonstrated that most strains were lineage 1 (195/208, 93.8 %), with the remainder being lineages 2 (8/208, 3.8 %) or 4 (5/208, 2.4 %). Lineages or sub-lineages were not associated with patient ethnicity. The lineage 1 strains were diverse, with sub-lineage 1.2.1 being dominant (192, 98 %). Lineage 1.2.1.3 isolates were geographically most widely distributed. The greatest diversity occurred in a border town sub-district. The time to the most recent common ancestor for the three major lineage 1.2.1 clades was estimated to be the year 1966 (95 % HPD 1948-1976). An association was found between failure of culture conversion by week 8 of treatment and infection with lineage 2 (4/6, 67 %) compared with lineage 1 strains (4/83, 5 %) (<i>P</i><0.001), supporting evidence of greater virulence of lineage 2 strains. Eleven potential transmission clusters (SNP difference ≤12) were identified; at least five included people living in different sub-districts. Some linked cases spanned the whole 4-year study period. One cluster involved a multidrug-resistant tuberculosis strain matching a drug-susceptible strain from 3 years earlier. Drug resistance mutations were uncommon, but revealed one phenotype-genotype mismatch in a genotypically multidrug-resistant isolate, and rare nonsense mutations within the <i>katG</i> gene in two isolates. Consistent with the regionally mobile population, <i>M. tuberculosis</i> strains in Kota Kinabalu were diverse, although several lineage 1 strains dominated and were locally well established. Transmission clusters - uncommonly identified, likely attributable to incomplete sampling - showed clustering occurring across the community, not confined to households or sub-districts. The findings indicate that public health priorities should include active case finding and early institution of tuberculosis management in mobile populations, while there is a need to upscale effective contact investigation beyond households to include other contacts within social networks.",Public Health
"The severe acute respiratory syndrome coronavirus 2 pandemic demonstrated a critical need for partnerships between practicing infectious diseases (ID) physicians and public health departments. The soon-to-launch combined ID and Epidemic Intelligence Service fellowship can only address a fraction of this need, and otherwise US ID training lacks development pathways for physicians aiming to make careers working with public health departments. The Leaders in Epidemiology, Antimicrobial Stewardship, and Public Health (LEAP) fellowship is a model compatible with the current training paradigm with a proven track record of developing careers of long-term collaboration. Established in 2017 by the ID Society of America, Society for Healthcare Epidemiology of America, Pediatric ID Society, and supported by the Centers for Disease Control and Prevention, LEAP is a single-year in-place, structured training for senior trainees and early career ID physicians. In this viewpoint, we describe the LEAP fellowship, its outcomes, and how it could be adapted into ID training.",Public Health
"<b>Background:</b> Molecular epidemiology (ME) is a technique used to study the dynamics of pathogen transmission through a population. When used to study HIV infections, ME generates powerful information about how HIV is transmitted, including epidemiologic patterns of linkage and, potentially, transmission direction. Thus, ME raises challenging questions about the most responsible way to protect individual privacy while acquiring and using these data to advance public health and inform HIV intervention strategies. Here, we report on stakeholders' expectations for how researchers and public health agencies might use HIV ME. <b>Methods:</b> We conducted in-depth semistructured interviews with 40 key stakeholders to find out how these individuals respond to the proposed risks and benefits of HIV ME. Transcripts were coded and analyzed using Atlas.ti. Expectations were assessed through analysis of responses to hypothetical scenarios designed to help interviewees think through the implications of this emerging technique in the contexts of research and public health. <b>Results:</b> Our analysis reveals a wide range of imagined responsibilities, capabilities, and trustworthiness of researchers and public health agencies. Specifically, many respondents expect researchers and public health agencies to use HIV ME carefully and maintain transparency about how data will be used. Informed consent was discussed as an important opportunity for notification of privacy risks. Furthermore, some respondents wished that public health agencies were held to the same form of oversight and accountability represented by informed consent in research. <b>Conclusions:</b> To prevent HIV ME from becoming a barrier to testing or a source of public mistrust, the sense of vulnerability expressed by some respondents must be addressed. In research, informed consent is an obvious opportunity for this. Without giving specimen donors a similar opportunity to opt out, public health agencies may find it difficult to adopt HIV ME without deterring testing and treatment.",Public Health
"The 2022 mpox outbreak highlighted the threat of emerging infectious diseases and the value of genomic epidemiology, emphasizing the need to strengthen laboratory and data-sharing capacities. This manuscript presents strategies to develop and enhance genomic tools and infrastructure for monitoring mpox virus (MPOXV) and other viral pathogens. Drawing on mpox, the framework was designed to build genomic epidemiology capacity, detect emerging threats, monitor pathogen evolution, and guide outbreak response. It was developed through a literature review, creation of essential framework pillars, and strategies for integration into public health practice, applying the WHO Pathogen Genomic Surveillance Strategy. The integrated genomic epidemiology framework combines epidemiological, clinical, and genomic data through bioinformatics analyses and utilizes data-sharing platforms, such as the Global Initiative on Sharing All Influenza Data (GISAID), while aligning with the International Health Regulations (IHR) Focal Point system to strengthen public health responses. Its implementation facilitates rapid detection of emerging MPOXV strains and enhances genomic surveillance of viral pathogen variants. This expanded capacity is essential for informing public health interventions and developing effective prevention and control strategies, demonstrating a practical model of the WHO Pathogen Genomic Surveillance Strategy in real-world settings while strengthening public health and global preparedness.",Public Health
"Epidemiology is the study of the distribution and determinants of health-related states or events in specified populations and the application of this study to control health problems. However, in public health, the terms ""field epidemiology"" and ""applied epidemiology""--which emphasize use of results in public health settings--define the practice of epidemiology at CDC. Epidemiology has been characterized as the basic science of public health, and its practice at CDC has shaped the agency's development and will contribute to its future success.",Public Health
"The 47th annual meeting of the Society for Epidemiologic Research hosted 17 invited speakers charged by the Executive Committee with presenting some of the many ways that epidemiologists have improved the health of the general population. There were 9 ""Then and Now"" sessions that were structured to focus on how early epidemiologists overcame research hurdles and advanced health through innovative strategies. For most topics, a longstanding expert was paired with an excellent contemporary epidemiologist working in the area, and both were given the freedom to deliver an integrated story about epidemiology's temporal role in protecting and promoting public health. Epidemiologic discoveries in cardiovascular, cancer, and perinatal epidemiology were discussed on day 1, followed by discussions of accomplishments in reducing exposures that adversely impact health (nutrition, environment/occupation, and tobacco use) on day 2. Topics with relevancy for many aspects of epidemiology were presented on day 3, including infectious diseases, social forces, and causal thinking in epidemiologic research. Given the large number of outstanding senior and junior epidemiologists that attended the meeting, choosing speakers was a unique challenge. What became evident from all sessions was the passion that epidemiologists have for population health, tempered with concerns for remaining true to epidemiologic principles, the timely adoption of innovative methods, and the responsible interpretation of research findings.",Public Health
"It is currently believed that epidemiology should play a much greater part in the research and practice of public health medicine. Although epidemiology has much to offer in this field, the nature of the scientific method is often in conflict with the pragmatic and incremental responses of public health medicine, particularly at the district level. This should not prevent the development of collaborative work in public health practice, but it does require some re-orientation of attitudes, and there are implications for training. It is suggested that the training of public health epidemiologists should be based in academic departments and have two major components, (a) an ongoing programme of scientific study in the academic environment, and (b) involvement in a range of collaborative service projects which will also provide general experience of public health medicine. This arrangement should help to maintain the scientific skills and judgement of the public health epidemiologist when faced with the need to modify traditional methods of investigation.",Public Health
"Epidemiology and public health need to change for the upcoming problems of the 21st century and beyond. We outline a four-point approach to produce this change. The first one is to take a systems approach to disease. The second approach discussed is the use of new techniques to ""count"" disease using capture-recapture. The third represents the application of telecommunications, especially the Internet, to public health. The fourth and final component represents the application, at the local health department level, of a total quality approach, as espoused by Deming, for the prevention of disease.",Public Health
"Estimation of temporal changes in human immunodeficiency virus (HIV) transmission patterns can help to elucidate the impact of preventive strategies and public health policies. Portuguese HIV-1 subtype B and G pol genetic sequences were appended to global reference data sets to identify country-specific transmission clades. Bayesian birth-death models were used to estimate subtype-specific effective reproductive numbers (Re). Discrete trait analysis (DTA) was used to quantify mixing among transmission groups. We identified 5 subtype B Portuguese clades (26-79 sequences) and a large monophyletic subtype G Portuguese clade (236 sequences). We estimated that major shifts in HIV-1 transmission occurred around 1999 (95% Bayesian credible interval [BCI], 1998-2000) and 2000 (95% BCI, 1998-2001) for subtypes B and G, respectively. For subtype B, Re dropped from 1.91 (95% BCI, 1.73-2.09) to 0.62 (95% BCI,.52-.72). For subtype G, Re decreased from 1.49 (95% BCI, 1.39-1.59) to 0.72 (95% BCI, .63-.8). The DTA suggests that people who inject drugs (PWID) and heterosexuals were the source of most (>80%) virus lineage transitions for subtypes G and B, respectively. The estimated declines in Re coincide with the introduction of highly active antiretroviral therapy and the scale-up of harm reduction for PWID. Inferred transmission events across transmission groups emphasize the importance of prevention efforts for bridging populations.",Public Health
"To date little has been published about epidemiology and public health capacity (training, research, funding, human resources) in WHO/AFRO to help guide future planning by various stakeholders. A bibliometric analysis was performed to identify published epidemiological research. Information about epidemiology and public health training, current research and challenges was collected from key informants using a standardized questionnaire. From 1991 to 2010, epidemiology and public health research output in the WHO/AFRO region increased from 172 to 1086 peer-reviewed articles per annum [annual percentage change (APC) = 10.1%, P for trend < 0.001]. The most common topics were HIV/AIDS (11.3%), malaria (8.6%) and tuberculosis (7.1%). Similarly, numbers of first authors (APC = 7.3%, P for trend < 0.001), corresponding authors (APC = 8.4%, P for trend < 0.001) and last authors (APC = 8.5%, P for trend < 0.001) from Africa increased during the same period. However, an overwhelming majority of respondents (>90%) reported that this increase is only rarely linked to regional post-graduate training programmes in epidemiology. South Africa leads in publications (1978/8835, 22.4%), followed by Kenya (851/8835, 9.6%), Nigeria (758/8835, 8.6%), Tanzania (549/8835, 6.2%) and Uganda (428/8835, 4.8%) (P < 0.001, each vs South Africa). Independent predictors of relevant research productivity were 'in-country numbers of epidemiology or public health programmes' [incidence rate ratio (IRR) = 3.41; 95% confidence interval (CI) 1.90-6.11; P = 0.03] and 'number of HIV/AIDS patients' (IRR = 1.30; 95% CI 1.02-1.66; P < 0.001). Since 1991, there has been increasing epidemiological research productivity in WHO/AFRO that is associated with the number of epidemiology programmes and burden of HIV/AIDS cases. More capacity building and training initiatives in epidemiology are required to promote research and address the public health challenges facing the continent.",Public Health
The author analyzes the development and perspectives of epidemiology as a scientific discipline and as a component in the organization of the public health system. As a basis serve mainly evaluations and views of WHO on these problems.,Public Health
"The changing epidemiology of <i>Clostridioides difficile</i> reflects a well-established and intricate community transmission network. With rising numbers of reported community-acquired infections, recent studies tried to identify the role played by non-human reservoirs in the pathogen's transmission chain. This study aimed at describing the <i>C. difficile</i> strains circulating in canine and feline populations, and to evaluate their genetic overlap with human strains to assess the possibility of interspecies transmission. Fecal samples from dogs (<i>n</i> = 335) and cats (<i>n</i> = 140) were collected from two populations (group A and group B) in Portugal. <i>C. difficile</i> isolates were characterized for toxigenic profile and PCR-ribotyping. The presence of genetic determinants of antimicrobial resistance was assessed in all phenotypically resistant isolates. To evaluate the genetic overlap between companion animals and human isolates from Portugal, RT106 (<i>n</i> = 42) and RT014/020 (<i>n</i> = 41) strains from both sources were subjected to whole genome sequencing and integrated with previously sequenced RT106 (<i>n</i> = 43) and RT014/020 (<i>n</i> = 142) genomes from different countries. The genetic overlap was assessed based on core-single nucleotide polymorphism (SNP) using a threshold of 2 SNP. The overall positivity rate for <i>C. difficile</i> was 26% (76/292) in group A and 18.6% (34/183) in group B. Toxigenic strains accounted for 50% (38/76) and 52.9% (18/34) of animal carriage rates, respectively. The most prevalent ribotypes (RT) were the toxigenic RT106 and RT014/020, and the non-toxigenic RT010 and RT009. Antimicrobial resistance was found for clindamycin (27.9%), metronidazole (17.1%) and moxifloxacin (12.4%), associated with the presence of the <i>ermB</i> gene, the pCD-METRO plasmid and point mutations in the <i>gyrA</i> gene, respectively. Both RT106 and RT014/020 genetic analysis revealed several clusters integrating isolates from animal and human sources, supporting the possibility of clonal interspecies transmission or a shared environmental contamination source. This study shows that companion animals may constitute a source of infection of toxigenic and antimicrobial resistant human associated <i>C. difficile</i> isolates. Additionally, it contributes with important data on the genetic proximity between <i>C. difficile</i> isolates from both sources, adding new information to guide future work on the role of animal reservoirs in the establishment of community associated transmission networks and alerting for potential public health risk.",Public Health
"Recent global health events underscore the critical need to strengthen public health capacity worldwide, with epidemiologists playing a key role in disease management at the population level. The international community has recognized the importance of enhancing the public health workforce, including epidemiology capacity. This scoping review explores how Field Epidemiology Training Program (FETP) trainees and graduates have been engaged by their respective health ministries to address public health threats. A literature search was conducted in electronic databases (Web of Science, PubMed, and Google) using specific keywords such as ""Epidemiologist,"" ""Field Epidemiologist,"" and ""Health workforce."" The search focused on English-language articles published between January 2012 and December 2021. Relevant articles were analyzed descriptively, and data on FETP engagement, impact within health ministries, and career paths were extracted. The search yielded 30 studies from various regions globally. FETP graduates and trainees were actively engaged in national health priorities, including COVID-19 responses such as surveillance, rapid response teams, and case investigations. FETPs have significantly contributed by developing surveillance systems, investigating outbreaks, and responding to natural disasters. Many FETP graduates have assumed leadership roles in Ministries of Health, NGOs, and international organizations. FETP graduates are integral to priority public health programs and have significantly strengthened public health systems worldwide. Their contributions highlight the importance of investing in the public health workforce, including field epidemiology training, to effectively detect and respond to emerging outbreaks. Further research is needed to assess the long-term impact of FETP graduates on public health.",Public Health
"Healthcare-associated infections (HAI) are the most frequent and severe complication acquired in healthcare settings and have a significant impact in terms of morbidity, mortality and costs. This document is aimed at different health professionals and focuses on the role of molecular epidemiology in the prevention and management of these infections. It describes the role of molecular characterization and of bioinformatics archives, the organizational levels of laboratories, the evidence regarding cost-effectiveness, ethical aspects related to HAI, and highlights some specific peculiarities of Italy. Molecular epidemiology is an indispensable tool and should be part of a multidisciplinary approach in the proper management of HAI.",Public Health
"In late 2014, the Centers for Disease Control and Prevention requested the support of the Council of State and Territorial Epidemiologists to enhance epidemiologic capacity in the West African countries impacted or threatened by an outbreak of Ebola virus disease. In response, the Council of State and Territorial Epidemiologists recruited 36 senior epidemiologists who, collectively, made 45 deployments to West Africa, averaging 42 days each. To assess the self-reported experiences and contributions of the deployed epidemiologists, as well as the role of nonprofit public health organizations in large-scale emergency response. Electronic assessment of the deployed epidemiologists. Experienced applied public health epidemiologists who volunteered to participate in the response to the West Africa Ebola virus disease emergency. Descriptive data. The chief, reported functional contributions made during deployments include improving surveillance processes (reported by 73.3% of respondents), building meaningful relationships to facilitate response activities (66.7%), improving data quality (53.3%), and improving understanding of the disease/outbreak (40.0%). Among the professional benefits of deployment to West Africa to assist with Ebola virus disease outbreak response are stimulating enthusiasm for public health work (93.3%, n = 30), broadened perspective of global health (86.7%), and sharpened epidemiological skills (56.7%). Owing to their ability to access experienced, senior professionals, the Council of State and Territorial Epidemiologists and other nonprofit public health associations can play a meaningful role boosting surge capacity in a sustained, large-scale emergency response.",Public Health
"BACKGROUND: The application of various spatial analysis techniques during the COVID-19 pandemic has improved public health educators and public health postgraduates understanding the role of spatial epidemiology. Yet, the situation and changes in education-and-training, practical application, and potential demand of spatial epidemiology were unclear in China. We aimed to reveal these issues among Chinese public health postgraduates during the early-and-late stages of COVID-19 pandemic. METHODS: We conducted a serial national cross-sectional study among public health postgraduates at Chinese universities in the early stage (October 2020 to February 2021) and the late stage (November 2022 to April 2023) of COVID-19 pandemic. We collected data by the WeChat-based questionnaire star survey system and compared the differences between the two surveys, using chi-square test for categorical data, and Mann-Whitney U-test for numeric data. RESULTS: Overall, we surveyed 3469 public health postgraduates from 76 universities, and 35.53% of universities offered spatial epidemiology course. Around 9.48% of postgraduates learned spatial epidemiology, and 65.44% hoped universities to deliver spatial epidemiology course. Compared with the early-stage survey, the proportion of universities offering spatial epidemiology courses increased numerically but not significantly (37.14% vs. 27.45%, P = 0.263), while the proportion of postgraduates having learned spatial epidemiology increased significantly (10.40% vs. 8.05%, P = 0.021). The learning degree [1.00 vs. 1.05, P = 0.545] and practical application degree [1.71 vs. 1.91, P = 0.889] still remained at low level. And the potential demand degree remained at relative high level, but decreased significantly [2.50 vs. 3.33, P < 0.001]. CONCLUSIONS: The proportion of offering spatial epidemiology course at Chinese universities, and the proportion and degree of learning-and-application of spatial epidemiology among public health postgraduates were low, while the potential demand was high throughout the COVID-19 pandemic. To address these issues and prepare for future pandemics, integrating spatial epidemiology into the compulsory curriculum system of public health education in China would be needed.",Public Health
"Today's societies have far-reaching impacts on future conditions for health. Against this backdrop, this article explores how the future is represented in contemporary public health, examining both its conceptual base and influential approaches through which evidence is generated for policy. Mission statements and official reviews provide insight into how the future is represented in public health's conceptual and ethical foundations. For its research practices, the article takes examples from epidemiological, intervention, and economic research, selecting risk-factor epidemiology, randomized controlled trials, and economic evaluation as exemplars. Concepts and ethics suggest that public health research and policy will be concerned with protecting both today's and tomorrow's populations from conditions that threaten their health. But rather than facilitating sustained engagement with future conditions and future health, exemplary approaches to gathering evidence focus on today's population. Thus, risk-factor epidemiology pinpoints risks in temporal proximity to the individual; controlled trials track short-term effects of interventions on the participants' health; and economic evaluations weigh policies according to their value to the current population. While their orientation to the present and near future aligns well with the compressed timescales for policy delivery on which democratic governments tend to work, it makes it difficult for the public health community to direct attention to conditions for future health. This article points to the need for research perspectives and practices that, consistent with public health's conceptual and ethical foundations, represent the interests of both tomorrow's and today's populations.",Public Health
"As the target date for the sequencing of the human genome approaches, there is growing recognition that public health practice, research, and education will be impacted by new genetic technologies and information and that a multidisciplinary approach is required. Research in the emerging field of public health genetics encompasses a broad range of disciplines and will increasingly involve the interactions among the investigators in these fields. An overview of these areas of research is provided, with illustrative examples. Education in public health genetics needs to address a variety of audiences, including public health graduate students and practitioners, students from related disciplines, and health care professionals. Two new graduate programs at the Universities of Michigan and Washington and training opportunities for public health professionals are described. These educational efforts must be ongoing so that the potential of genetic technology and information can be appropriately used to benefit the health of all.",Public Health
"Contemporary infectious disease surveillance systems aim to employ the speed and scope of big data in an attempt to provide global health security. Both shifts - the perception of health problems through the framework of global health security and the corresponding technological approaches - imply epistemological changes, methodological ambivalences as well as manifold societal effects. Bringing current findings from social sciences and public health praxis into a dialogue, this conversation style contribution points out several broader implications of changing disease surveillance. The conversation covers epidemiological issues such as the shift from expert knowledge to algorithmic knowledge, the securitization of global health, and the construction of new kinds of threats. Those developments are detailed and discussed in their impacts for health provision in a broader sense.",Public Health
"In 1906 Arthur Newsholme linked artificial feeding and fatal diarrhea in infants aged one year and younger on the basis of two independent sources of information: mortality registration and a three-year (1903-1905) census of infants from Brighton, United Kingdom. Artificial feeding was more common in the infants who had died (89.3%) than in those in the survey (22.3%). However, boldly assuming the two data sources were nested, Newsholme computed the risks of fatal diarrhea: these were 48 times greater for infants fed fresh cow's milk and 94 times greater for those fed condensed milk than for infants who were exclusively breastfed. This mode of computing risks and risk ratios before the invention of the cohort study design was more innovative than was the usual investigation techniques of his contemporary epidemiologists. Newsholme's conclusions were consistent with the current knowledge that breastfeeding protects against fatal diarrhea.",Public Health
"In trying to decide what type of scientific paper I could prepare as a tribute to Jim Neel, I thought back over the discussions that we had over some 25 years. Sometimes these discussions were on specific topics such as how to extrapolate from mutation data in mice to those for humans following radiation or chemical exposures. On other occasions, our discussions were of a more philosophical nature, particularly on where the field of epidemiology might or needed to go. For example, what types of data are needed for assessing the public health impact of exposure to environmental agents. Perhaps because I enjoyed these discussions so much, I have chosen to take a look from a current perspective at the field of molecular epidemiology. Jim Neel would have loved to have entered into this discussion; he would have enhanced it in is own inimitable way.",Public Health
"The epidemiological transition model proposed by Omhran at the beginning of the 1970s (decreased fecundity rate and increased life expectancy), together with modifications in lifestyles and diet, showed increased mortality due to chronically degenerative causes. This essay thus discusses and makes a comparative analysis of some currents of thought, taking as its common thread an analysis of epidemiological change identified in different eras or stages and relationships with some public health models or conceptual frameworks. Discussing public health paradigms leads to a historical recapitulation of conceptual models ranging from magical-religious conceptions to ecological and socio-medical models. M. Susser proposed 3 eras in this discipline's evolution in his speech on the future of the epidemiology. The epidemiological changes analysed through different approaches constitute elements of analysis that all models discussed in this essay include to delimit the contributions and variables so determining them.",Public Health
"To help assess the clinical and public health risks associated with different Shiga toxin-producing Escherichia coli (STEC) strains, an empirical classification scheme was used to classify STEC into five ""seropathotypes"" (seropathotype A [high risk] to seropathotypes D and E [minimal risk]). This definition is of considerable value in cases of human infection but is also problematic because not all STEC infections are fully characterized and coupled to reliable clinical information. Outbreaks with emerging hybrid strains continuously challenge our understanding of virulence potential and may result in incorrect classification of specific pathotypes; an example is the hybrid strain that caused the 2011 outbreak in Germany, STEC/EAggEC O104:H4, which may deserve an alternative seropathotype designation. The integration of mobile virulence factors in the stepwise and parallel evolution of pathogenic lineages of STEC collides with the requirements of a good taxonomy, which separates elements of each group into subgroups that are mutually exclusive, unambiguous, and, together, include all possibilities. The concept of (sero)-pathotypes is therefore challenged, and the need to identify factors of STEC that absolutely predict the potential to cause human disease is obvious. Because the definition of hemolytic-uremic syndrome (HUS) is distinct, a basic and primary definition of HUS-associated E. coli (HUSEC) for first-line public health action is proposed: stx2 in a background of an eae- or aggR-positive E. coli followed by a second-line subtyping of stx genes that refines the definition of HUSEC to include only stx2a and stx2d. All other STEC strains are considered ""low-risk"" STEC.",Public Health
"Nearly every introductory epidemiology course begins with a focus on person, place, and time, the key components of descriptive epidemiology. And yet in our experience, introductory epidemiology courses were the last time we spent any significant amount of training time focused on descriptive epidemiology. This gave us the impression that descriptive epidemiology does not suffer from bias and is less impactful than causal epidemiology. Descriptive epidemiology may also suffer from a lack of prestige in academia and may be more difficult to fund. We believe this does a disservice to the field and slows progress towards goals of improving population health and ensuring equity in health. The severe acute respiratory syndrome coronavirus 2 (SARS-CoV-2) outbreak and subsequent coronavirus disease 2019 pandemic have highlighted the importance of descriptive epidemiology in responding to serious public health crises. In this commentary, we make the case for renewed focus on the importance of descriptive epidemiology in the epidemiology curriculum using SARS-CoV-2 as a motivating example. The framework for error we use in etiological research can be applied in descriptive research to focus on both systematic and random error. We use the current pandemic to illustrate differences between causal and descriptive epidemiology and areas where descriptive epidemiology can have an important impact.",Public Health
"Doses of 10 mg, 15 mg, and 20 mg of rivaroxaban are approved for the treatment and prevention of thromboembolic disorders in adult patients. In six Phase I studies, the pharmacokinetics, safety, and tolerability of 2.5 mg, 5 mg, 10 mg, 15 mg, and 20 mg rivaroxaban were investigated in healthy male subjects, and the influence of food on these parameters was investigated for the 10 mg, 15 mg, and 20 mg tablet doses. In addition, an oral suspension containing 1 mg/ml rivaroxaban, which is under investigation for future use in the pediatric population, was investigated at doses of 10 mg and 20 mg. Rivaroxaban was obtained from Bayer Pharma AG, Wuppertal, Germany. Six independent, single-dose, cross-over studies were performed in healthy male subjects (between 13 and 24 subjects were enrolled in each study) to determine the pharmacokinetics, safety, and tolerability of rivaroxaban under fasting and fed conditions. Study 1 was an absolute bioavailability study that compared 5 mg and 20 mg tablet doses with a 1 mg intravenous solution. Studies 2 and 3 were confirmatory food-effect studies that assessed 10 mg and 20 mg tablet doses, respectively, under fed and fasting conditions. Study 4 was a formulation study that evaluated oral suspensions of 10 mg (fasting) and 20 mg (fasting and fed) rivaroxaban vs. a 10 mg tablet (fasted). Study 5 was a dose-proportionality study that assessed 2.5 mg, 5 mg, and 10 mg tablets under fasting conditions. Study 6 was a dose-proportionality study that assessed tablet doses of 10 mg, 15 mg, and 20 mg under fed conditions. Pharmacokinetic parameters, including the area under the plasma concentration-time curve after a single dose, the maximum drug concentration in plasma after a single dose, dose-adjusted values of area under the plasma concentration-time curve and maximum drug concentration in plasma after a single dose, half-life associated with the terminal slope, and time to maximum concentration in plasma after a single dose were evaluated. Adverse events were classified according to their degree of severity and were summarized using Medical Dictionary for Regulatory Activities preferred terms. At all doses, rivaroxaban showed an acceptable safety profile and was well tolerated in healthy individuals. Independent of food and formulation, pharmacokinetic parameters of doses up to 10 mg rivaroxaban were dose proportional and had high oral bioavailability (≥ 80%). Under fasting conditions, pharmacokinetic parameters of 15 mg and 20 mg rivaroxaban increased with dose but were less than dose proportional. However, when taken with food, high bioavailability (≥ 80%) of these doses was achieved independent of formulation. Pharmacokinetic parameters of doses up to 10 mg rivaroxaban were dose proportional and had high oral bioavailability independent of food or whether administered as tablet or solution. High bioavailability (≥ 80%) of 15 mg and 20 mg rivaroxaban was achieved when taken with food; therefore, these doses need to be taken with food.",Pharmacology
"This article introduces pharmacogenetics and pharmacogenomics in the context of pharmacotherapy in the pediatric ICU setting. As an independent discipline (if it can be considered as such), pediatric or developmental pharmacogenetics is essentially at a neonatal stage. Available pharmacokinetic data derived from studies of drugs that are largely dependent on a single CYP pathway for their elimination provide initial assessments of the developmental profile of that particular CYP isoform. Essentially then, pharmacogenetics in a pediatric context refers to the changes in phenotype that occur as a child grows and develops. Furthermore, the apparent drug biotransformation ""phenotype"" may be influenced by disease (infection), environmental factors (diet and environmental contaminants) and concurrent medications; however, drug response is a function of the complex interplay among genes involved in drug transport, drug biotransformation, receptors, and signal transduction processes, among others. Therefore, optimization of pediatric pharmacotherapy necessarily requires that developmental changes in each of these areas and not just drug biotransformation be investigated thoroughly before the promise of pharmacogenetics and pharmacogenomics for rational therapeutics can be realized in children.",Pharmacology
"Immunosuppressants have a narrow therapeutic index, and pharmacokinetic variability negatively affects long-term outcome of transplantation. Recently, it has become clear that active transport is a major determinant of the inter-and intraindividual variability of the pharmacokinetics and pharmacodynamics of immunosuppressants. Active transport plays a key role in (1) the poor correlation between oral doses and systemic exposure of cyclosporine, tacrolimus, sirolimus, and everolimus, (2) tissue distribution including distribution into lymphocytes, (3) hepatic and intestinal metabolism, (4) the pharmacokinetic variability of immunosuppressants after oral dosing, (5) drug-drug interactions, (6) disease-drug interactions, and (7) age, gender, and ethnicity-based differences in pharmacokinetics of immunosuppressants. Those new insights may significantly improve patient management and long-term outcome not only by reducing pharmacokinetic variability and avoidance of drug-drug interactions but also by identification of sensitive patient populations. They will also significantly impact preclinical and clinical development strategies of new immunosuppressants.",Pharmacology
"Aging is characterized by a progressive loss of functional capacities of most if not all organs, a reduction in homeostatic mechanisms, and a response to receptor stimulation. Also, loss of water content and an increase of fat content in the body are reported. Therefore, understanding the influence of age-dependent changes in composition and function of the body on the pharmacokinetics and pharmacodynamics of drugs is important before prescribing drugs to elderly patients. In this study, a Medline search for articles published in the period between 1975 and June 2006 was conducted with use of the key words aging, pharmacokinetics, and pharmacodynamics to review data related to alteration in pharmacokinetics and pharmacodynamics in elderly patients. Analysis of data revealed that the most important pharmacokinetic changes in old age include a decrease in the excretory capacity of the kidney more than the decline in the rate of hepatic drug metabolism. On the other hand, pharmacodynamic changes in the elderly are frequent and commonly ascribed to alteration in the sensitivity to drugs, irrespective of changes in drug disposition. For instance, the sensitivity of the cardiovascular system to beta-adrenergic agonists and antagonists decreases in old age, and the incidence of orthostatic episodes in response to drugs that lower blood pressure increases. However, the central nervous system becomes vulnerable in the elderly to agents that affect brain function (eg, opioids, benzodiazepines, and psychotropic drugs). Therefore, these drugs must be used very cautiously in this age group. In conclusion, the complexity of the interactions between polypharmacy, comorbidity, altered pharmacodynamic sensitivity, and even modest changes in pharmacokinetics in elderly necessitate the medical approach ""start low and go slow"" for aged subjects, especially if drug therapy is considered beneficial or absolutely necessary for them.",Pharmacology
"Resveratrol, a naturally occurring polyphenol and phytoalexin, has received significant attention in recent years due to its vast therapeutic effects including anticancer, antioxidant and anti-inflammatory effects. However, poor pharmacokinetic properties such as low aqueous solubility, low photostability and extensive first pass metabolism result in poor bioavailability, hindering its immense potential. Conventional dosage forms such as dry powder capsules and injections have met with limited success, demonstrating challenges faced in developing an effective formulation. Recently, nanotechnology-based formulations (nanoformulations) are being looked upon as a novel method for improving the pharmacokinetic properties, as well as enhancing targetability and bioavailability of resveratrol. This review outlines the therapeutic potential of resveratrol, explores its mechanisms of action and pharmacokinetic limitations, and discusses the success and challenges of resveratrol-encapsulated nanoparticles in the last decade. Potential techniques to improve encapsulation of the drug within nanoparticles, thereby enhancing its clinical potential are highlighted.",Pharmacology
Pharmacokinetic studies have made many significant contributions to rational therapeutics in children. Pharmacokinetic data have helped distinguish between differences in drug disposition and drug sensitivity in children as compared to adults and led to the establishment of age-specific dosage guidelines. Factors influencing the observed differences between drug disposition in children and adults are reviewed. Specific examples utilizing anticancer drugs are presented. The use of model substrates to study hepatic drug metabolism and renal excretion in children is described and some results are discussed. The significance of genetic polymorphic drug metabolism is presented and the use of model substrates to determine individual metabolic phenotypes is described. The use of pharmacokinetic data to define the maximum-tolerated systemic exposure rather than the maximum-tolerated dosage of anticancer drugs in children is presented.,Pharmacology
"Nearly all functions of the human body are organized across the 24 hours of the day. This is also true for functions involved in the regulation of pharmacokinetics such as gastric absorption and emptying, gastro-intestinal perfusion, and liver and kidney functions. Several clinical studies, performed in a cross-over design, have provided evidence that the pharmacokinetics of mainly lipophilic drugs can be circadian phase-dependent. These studies show that after oral dosing, peak drug concentration (Cmax) is, in general, higher or time-to-peak (tmax) shorter after morning, compared with evening application. A few studies performed with both immediate-release and sustained-release preparations (isosorbide-5-mononitrate, nifedipine) gave evidence that only the immediate-release formulation displayed circadian time-dependent pharmacokinetics, but not the sustained-release form. Most importantly, pharmacodynamic studies performed in parallel revealed that the effects, as well as the dose-response relationship, can be circadian phase-dependent, an observation which has an impact on pharmacokinetic/pharmacodynamic modelling. Moreover, this can be of relevance because the onset of certain diseases (e.g., bronchial asthma, coronary infarction, angina pectoris, rheumatic complaints) is not randomly distributed across the 24-h scale. In conclusion, there is now convincing evidence that the time-of-day has to be taken into account both in clinical pharmacokinetic and pharmacodynamic studies.",Pharmacology
"The use of analgesics is based on the empiric administration of a given drug with clinical monitoring for efficacy and toxicity. However, individual responses to drugs are influenced by a combination of pharmacokinetic and pharmacodynamic factors that can sometimes be regulated by genetic factors. Whereas polymorphic drug-metabolizing enzymes and drug transporters may affect the pharmacokinetics of drugs, polymorphic drug targets and disease-related pathways may influence the pharmacodynamic action of drugs. After a usual dose, variations in drug toxicity and inefficacy can be observed depending on the polymorphism, the analgesic considered and the presence or absence of active metabolites. For opioids, the most studied being morphine, mutations in the ABCB1 gene, coding for P-glycoprotein (P-gp), and in the micro-opioid receptor reduce morphine potency. Cytochrome P450 (CYP) 2D6 mutations influence the analgesic effect of codeine and tramadol, and polymorphism of CYP2C9 is potentially linked to an increase in nonsteroidal anti-inflammatory drug-induced adverse events. Furthermore, drug interactions can mimic genetic deficiency and contribute to the variability in response to analgesics. This review summarizes the available data on the pharmacokinetic and pharmacodynamic consequences of known polymorphisms of drug-metabolizing enzymes, drug transporters, drug targets and other nonopioid biological systems on central and peripheral analgesics.",Pharmacology
"Technology in bioanalysis, <i>-omics</i>, and computation have evolved over the past half century to allow for comprehensive assessments of the molecular to whole body pharmacology of diverse corticosteroids. Such studies have advanced pharmacokinetic and pharmacodynamic (PK/PD) concepts and models that often generalize across various classes of drugs. These models encompass the ""pillars"" of pharmacology, namely PK and target drug exposure, the mass-law interactions of drugs with receptors/targets, and the consequent turnover and homeostatic control of genes, biomarkers, physiologic responses, and disease symptoms. Pharmacokinetic methodology utilizes noncompartmental, compartmental, reversible, physiologic [full physiologically based pharmacokinetic (PBPK) and minimal PBPK], and target-mediated drug disposition models using a growing array of pharmacometric considerations and software. Basic PK/PD models have emerged (simple direct, biophase, slow receptor binding, indirect response, irreversible, turnover with inactivation, and transduction models) that place emphasis on parsimony, are mechanistic in nature, and serve as highly useful ""top-down"" methods of quantitating the actions of diverse drugs. These are often components of more complex quantitative systems pharmacology (QSP) models that explain the array of responses to various drugs, including corticosteroids. Progressively deeper mechanistic appreciation of PBPK, drug-target interactions, and systems physiology from the molecular (genomic, proteomic, metabolomic) to cellular to whole body levels provides the foundation for enhanced PK/PD to comprehensive QSP models. Our research based on cell, animal, clinical, and theoretical studies with corticosteroids have provided ideas and quantitative methods that have broadly advanced the fields of PK/PD and QSP modeling and illustrates the transition toward a global, systems understanding of actions of diverse drugs. SIGNIFICANCE STATEMENT: Over the past half century, pharmacokinetics (PK) and pharmacokinetics/pharmacodynamics (PK/PD) have evolved to provide an array of mechanism-based models that help quantitate the disposition and actions of most drugs. We describe how many basic PK and PK/PD model components were identified and often applied to the diverse properties of corticosteroids (CS). The CS have complications in disposition and a wide array of simple receptor-to complex gene-mediated actions in multiple organs. Continued assessments of such complexities have offered opportunities to develop models ranging from simple PK to enhanced PK/PD to quantitative systems pharmacology (QSP) that help explain therapeutic and adverse CS effects. Concurrent development of state-of-the-art PK, PK/PD, and QSP models are described alongside experimental studies that revealed diverse CS actions.",Pharmacology
"Physiologically Based Biopharmaceutics Modeling (PBBM) links in vitro solubility and dissolution kinetics of oral drugs to Physiologically Based Pharmacokinetic (PBPK) models, enabling the prediction of drug bioavailability. This approach reduces reliance on animal experimentation during drug development. Part 1 of this series introduces a novel, open-source PBBM workflow using the Open Systems Pharmacology (OSP) Software Suite. It combines the newly developed OSP solubility toolbox to estimate drug aqueous solubility and bile salt micelle partitioning from in vitro data, with an updated MoBi® dissolution model that accounts for factors such as hydrodynamic diffusion layer thickness changes and micelle partitioning. This approach was applied to poorly soluble, highly permeable vericiguat, a first-in-class soluble guanylate cyclase (sGC) stimulator for the treatment of chronic heart failure. The solubility models effectively described the aqueous solubility-pH profile and bile salt partitioning, while the dissolution model captured the in vitro dissolution kinetics of various tablet formulations. Part 2 focuses on integrating developed PBBM sub-models into PBPK models using PK-Sim® to predict vericiguat's clinical pharmacokinetics after oral administration. This PBBM workflow demonstrates potential for diverse applications, including predictive bioavailability and bioequivalence assessments, in silico formulation optimization, formulation bridging, dose selection, and setting dissolution specifications.",Pharmacology
"Slow release formulations (SRFs) are developed on the basis that the response elicited by a drug is closely related to changes in its plasma concentrations. As a consequence, the drug in the SRF is considered bioequivalent to the same drug administered in a conventional or immediate release formulation (IRF). The available literature suggest that for drugs eliciting a simple response, i.e. theophylline, the response is not affected by the rate of input of drug into the systemic circulation. Therefore, the pharmacodynamics are closely related to the pharmacokinetics of the drug, which are independent of formulation. In this case, SRFs and IRFs are truly bioequivalent. The pharmacological effect of some drugs, e.g. nifedipine, prazosin, furosemide (frusemide), etc., triggers compensatory homeostatic mechanisms. Therefore, the measured effect may not directly relate to the plasma drug concentration. Furthermore, the characteristics of the response will be modulated by the rate of input of the drug, i.e. drugs in SRF will elicit a greater response because a slow input triggers fewer homeostatic reactions. As a consequence, for drugs that trigger homeostatic reactions, a drug released from an SRF may not be bioequivalent to the same drug released from an IRF. Finally, when tolerance to an effect develops, a drug administered as an SRF will elicit a smaller effect than when administered as an IRF. Therefore, even if the different formulations of a drug were bioequivalent on the basis of pharmacokinetic parameters, they would not be equivalent on the basis of pharmacodynamic factors.(ABSTRACT TRUNCATED AT 250 WORDS)",Pharmacology
"It is frequently assumed that pharmacological responses depend solely on the extent of drug binding to its receptor according to the occupational theory. It is therefore presumed that the intensity of the effect is determined by drug concentration at its receptor site, yielding a unique concentration-effect relationship. However, when dependence, abstinence, and tolerance phenomena occur, as well as for pharmacological responses in vivo that are modulated by homeostatic mechanisms, the rate of drug input shifts the concentration-effect relationship. Hence, such responses cannot be explained on the sole basis of the extent of drug binding to its receptor. Information on the cellular and molecular processes involved in the generation of abstinence, dependence, and tolerance will undoubtedly result in the development of pharmacodynamic models allowing a satisfactory explanation of drug effects modulated by these phenomena. Notwithstanding, integrative physiology concepts are required to develop pharmacokinetic-pharmacodynamic models allowing the description of drug effects in an intact organism. It is therefore important to emphasize that integrative physiology cannot be neglected in pharmacology teaching and research, but should be considered as an equally valuable tool as molecular biology and other biomedical disciplines for the understanding of pharmacological effects.",Pharmacology
"The concept of correlating pharmacokinetic parameters with body weight (termed as pharmacokinetic interspecies scaling) from different animal species has become a useful tool in drug development. Interspecies scaling is based on the power function, where the body weight of the species is plotted against the pharmacokinetic parameter of interest. Clearance, volume of distribution, and elimination half-life are the three most frequently extrapolated pharmacokinetic parameters. The predicted pharmacokinetic parameter clearance can be used for estimating a first-in-human dose. Over the years, many approaches have been suggested to improve the prediction of aforementioned pharmacokinetic parameters in humans from animal data. A literature review indicates that there are different degrees of success with different methods for different drugs. Interspecies scaling is also a very useful tool in veterinary medicine. The knowledge of pharmacokinetics in veterinary medicine is important for dosage selection, particularly in the treatment of large animals such as horses, camels, elephants, or other large zoo animals. Despite the potential for extrapolation error, the reality is that interspecies scaling is needed across many veterinary practice situations, and therefore will be used. For this reason, it is important to consider mechanisms for reducing the risk of extrapolation errors that can seriously affect animal safety and therapeutic response. Overall, although interspecies scaling requires continuous refinement and better understanding, the rationale approach of interspecies scaling has a lot of potential during the drug development process.",Pharmacology
"The choice of an antiepileptic drug (AED) is guided primarily by efficacy and safety criteria. However, the pharmacokinetic properties of an AED determine its ease of use, i.e., its ability to predictably produce and maintain optimal plasma concentrations. Desirable and clinically important pharmacokinetic properties of an AED include complete or constant bioavailability, slow enteral absorption or availability of a sustained-release formulation, availability of a parenteral formulation for acute treatment, rapid penetration into the brain, a single-compartment volume of distribution, low and nonsaturable protein binding, and linear elimination kinetics, with an elimination half-life of about 24 h. The absence of autoinduction of enzymatic biotransformation, active metabolites, and pharmacokinetic drug interactions is also important. In clinical practice, the most undesirable pharmacokinetic properties are lack of a parenteral formulation, short elimination half-life, nonlinear elimination kinetics, autoinduction of enzymatic biotransformation, and interaction with other drugs. No AED is presently marketed or under development that meets all of the desirable criteria. Some of the newer AEDs, although not ""ideal"" agents, have pharmacokinetic profiles that are not shared by their predecessors, including elimination exclusively by the kidney, absence of drug interactions, and dose-related bioavailability.",Pharmacology
"The importance of reviewing and studying sex-based differences in pharmacologic parameters is demonstrated by the increasing data on gender variation in drug efficacy and toxicity profiles. Sex-based differences in the four major factors that contribute to interindividual pharmacokinetic variability--bioavailability, distribution, metabolism, and elimination--are theorized to stem from variations between men and women in factors such as body weight, plasma volume, gastric emptying time, plasma protein levels, cytochrome P450 activity, drug transporter function, and excretion activity. Sex-determined variations in pharmacodynamics have traditionally been more difficult to study, but a number of recent studies have explored these differences. This review examines the biologic basis of differences in pharmacokinetics and pharmacodynamics between the sexes and summarizes studies that have addressed these differences. As an example, sex-based variation in the efficacy and toxicity of antiretroviral therapy in human immunodeficiency virus (HIV)-infected patients is explored more thoroughly to illustrate some of the factors underlying sex-based differences in drug therapy.",Pharmacology
"Prodrugs are inactive compounds which are metabolized either chemically or enzymatically in a controlled or predictable manner to the parent active drug inside the body. Prodrugs can enhance the therapeutic efficacy and/or reduce adverse effects via different mechanisms, including increased solubility, improved permeability and bioavailability, prolonged half-life, and tissue-targeted delivery. Besides the prodrug itself, optimization of vehicles and other enhancement techniques is important as well. Strategies to improve the oral bioavailability and achieve tumor-specific targeting have been the most important developments in prodrug design during the last 5 years. This review describes recent developments in orally administered and tumor-targeted prodrugs. Pharmacokinetic and pharmacodynamic evaluations of these prodrugs are systematically introduced in this review.",Pharmacology
"The development of modified-release (MR) drug products aims to address a clinical need such as improving patient compliance. There are multiple pathways and development strategies for the registration and approval of MR products. The development strategy of an MR product is usually dependent on the availability and pharmacokinetic/pharmacodynamics (PK/PD) characteristics of the reference drug product, that is, an immediate-release (IR) product or a reference MR. Compared with a reference IR product, an MR product is likely to have a different PK profile over the least common dosing time due to unequal dosing intervals. In case of differences in PK profiles between the MR product and the reference product, confirmatory efficacy and safety studies may be needed to support registration. In some cases, however, a thorough clinical PK/PD characterization may provide sufficient basis to support the approval of the proposed MR product without the need for additional safety and efficacy studies. This article summarizes the US Food and Drug Administration experience and the regulatory considerations supporting the approval of MR products in the past 6 years and discusses cases in which clinical pharmacology and PK/PD information were leveraged to support approval without the need for additional clinical studies. Details of all these cases are available in the public domain. In 2 cases a well-characterized exposure-response relationship provided sufficient justification that differences in the shape of the PK profiles were not clinically relevant. In the remaining 3 cases a thorough characterization of the PK profile along with a risk-based approach provided bases for approval.",Pharmacology
"The pharmacokinetics of raltegravir (RAL) in HIV patients is characterized by high interpatient/intrapatient variability. We investigated the potential contribution of the drug pharmaceutical formulation to RAL pharmacokinetics. We first compared in vivo the pharmacokinetics of RAL for 67 patients to whom the drug was administered by swallowing the intact tablet with those obtained from 13 HIV-infected patients who chewed the RAL tablet due to swallowing difficulties. Subsequently, we evaluated in vitro the dissolution of RAL tablets under different conditions. In the in vivo study, we found that patients given RAL by chewing the tablets presented pharmacokinetic profiles characterized by significantly higher RAL absorption than did patients receiving the drug by swallowing. The in vitro studies showed that when the whole tablets were exposed to an acidic medium, the release of RAL was very low, whereas when the tablets were crushed, the profiles presented significantly higher concentrations of RAL. Crushed tablets tested in water or in a pH 6.8 buffer exhibited prompt and complete dissolution of RAL. HIV-infected patients receiving RAL by chewing the tablet showed higher drug absorption and reduced pharmacokinetic variability compared with patients swallowing the intact tablet. This is related to problems in tablet disintegration and to erratic drug absorption. The amelioration of the RAL pharmaceutical formulation could improve drug pharmacokinetics.",Pharmacology
"Etravirine is a second-generation non-nucleoside reverse transcriptase inhibitor (NNRTI) for the treatment of human immunodeficiency virus type 1 infection. It is a potent inhibitor of HIV reverse transcriptase and retains activity against wild-type and most NNRTI-resistant HIV. The pharmacokinetic profile of etravirine and clinical data support twice-daily dosing, although once-daily dosing has been investigated in treatment-naïve and treatment-experienced persons. Despite similar pharmacokinetic and pharmacodynamic results compared with twice-daily dosing, larger studies are needed to fully support once-daily etravirine dosing in treatment-naïve individuals. Etravirine is reserved for use in third- or fourth-line antiretroviral treatment regimens, as recommended, for example, in treatment guidelines by the US Department of Health and Human Services-Guidelines for the Use of Antiretroviral Agents in Adults and Adolescents Living with HIV. Etravirine exhibits the potential for bi-directional drug-drug interactions with other antiretrovirals and concomitant medications through its interactions with cytochrome P450 (CYP) isozymes: CYP3A4, CYP2C9, and CYP2C19. This review summarizes the pharmacokinetic and pharmacodynamic parameters of etravirine, with particular attention to information on drug-drug interactions and use in special patient populations, including children/adolescents, women, persons with organ dysfunction, and during pregnancy.",Pharmacology
"Therapeutic proteins are a diverse class of drugs consisting of naturally occurring or modified proteins, and due to their size and physico-chemical properties, they can pose challenges for the pharmacokinetic and pharmacodynamic studies. Physiologically-based pharmacokinetics (PBPK) modelling has been effective for early in silico prediction of pharmacokinetic properties of new drugs. The aim of the present workshop was to discuss the feasibility of PBPK modelling of macromolecules. The classical PBPK approach was discussed with a presentation of the successful example of PBPK modelling of cyclosporine A. PBPK model was performed with transport of the cyclosporine across cell membranes, affinity to plasma proteins and active membrane transporters included to describe drug transport between physiological compartments. For macromolecules, complex PBPK modelling or permeability-limited and/or target-mediated distribution was discussed. It was generally agreed that PBPK modelling was feasible and desirable. The role of the lymphatic system should be considered when absorption after extravascular administration is modelled. Target-mediated drug disposition was regarded as an important feature for generation of PK models. Complex PK-models may not be necessary when a limited number of organs are affected. More mechanistic PK/PD models will be relevant when adverse events/toxicity are included in the PK/PD modelling.",Pharmacology
"Pharmacogenetics attempts to predict treatment response using a patient's ""germline"" genome as the biomarker of interest. This chapter on pharmacogenetic predictors of breast cancer response is divided into four sections. The first introduces readers to genetic variation and describes how variation in the germline genome can affect biology or pharmacology. The second section introduces the translational pathway for pharmacogenetic research and discusses the specific challenges to identifying pharmacogenetic predictors of breast cancer response. The third section is divided into three subsections, each of which discusses a distinct category of pharmacogenetic response predictors; pharmacokinetics, cancer cell sensitivity, and effector cell activation. Within each subsection a specific pharmacogenetic association is described in detail; CYP2D6-tamoxifen, BRCA-PARP inhibitors, and FCGRA-trastuzumab, respectively, followed by a general discussion of other less well-established examples or areas for further research. The chapter concludes with a summary of the current status of pharmacogenetic predictors of breast cancer response and a few predictions for the future of this field.",Pharmacology
"Self-emulsifying drug delivery system (SEDDS) is an isotropic mixture of lipid, surfactant and co-surfactant, which forms a fine emulsion when comes in contact of an aqueous medium with mild agitation. SEDDS is considered as a potential platform for oral delivery of hydrophobic drug in order to overcome their poor and irregular bioavailability challenges. In spite of fewer advantages like improved solubility of drug, bypassing lymphatic transport etc., SEDDS faces different controversial issues such as the use of appropriate terminology (self-microemulsifying drug delivery system; SMEDDS or self-nanoemulsifying drug delivery system; SNEDDS), presence of high amount of surfactant, correlation of in vitro model to in vivo studies, lack of human volunteer study and effect of conversion of SEDDS to final administrable dosage form on pharmacokinetic behavior of the drug. In this review, potential issues or questions on SEDDS are identified and summarized from the pharmacokinetic point of view. Primarily this review includes the conflict between the influences of droplet size, variation in correlation between in vitro lipolysis or ex-vivo intestinal permeation and pharmacokinetic parameters, variation in in vivo results of solid and liquid SEDDS, and potential challenges or limitation of pharmacokinetic studies on human volunteers with orally administered SEDDS. In the past decades, hundreds of in vivo studies on SEDDS have been published. In the present study, only the relevant article on in vivo pharmacokinetic studies with orally administered SEDDS published in past 5-6 years are analyzed for an up to date compilation.",Pharmacology
"The gene coding for the cytochrome P450 (CYP) enzyme 2C9 (CYP2C9) carries numerous inherited polymorphisms. Those coding for R144C (*2) and I359L (*3) amino acid substitutions have both significant functional effects and appreciable high population frequencies, and their in vivo consequences have been studied in humans with regard to drug metabolism. This review summarizes present knowledge about the pharmacokinetics, drug responses, and outcomes of clinical studies in individuals with different CYP2C9 genotypes. Tentative estimates of how CYP2C9 genotyping might be applied to dose adjustments in clinical therapy were based on dose-related pharmacokinetic parameters such as clearance or trough drug concentrations. Mean clearances in homozygous carriers of the *3 allele were below 25% of that of the wild type for S -warfarin, tolbutamide, glipizide, celecoxib, and fluvastatin. In the more frequent heterozygous carriers (genotype *1/*3), the clearances were between 40% and 75%. In these cases in which individual dosages are derived from clinical drug effects, such as for the oral anticoagulants, the pharmacogenetics-based dose adjustments showed a good correlation with the genotype-specific empirically derived doses. In addition to its role in pharmacokinetics, CYP2C9 contributes to the metabolism of fatty acids, prostanoids, and steroid hormones, and it may catalyze potentially toxic bioactivation reactions. However, our current understanding of the role of CYP2C9 in biotransformation of endogenous signaling molecules and in drug toxicity is relatively meager.",Pharmacology
"Given the significant impacts of interindividual genetic variability on drug safety and pharmacokinetics, integrating pharmacogenetic (PGx) considerations into pharmacokinetic (PK) bioequivalence (BE) study design can improve subject safety and data robustness in generic drug development. While PGx information has been often utilized in new drug development, its use in generic drug development has not been fully considered. To understand the current landscape of its utility in generic drug development, product-specific guidances (PSGs) from the US Food and Drug Administration (FDA) containing PGx information were reviewed, along with study protocols submitted by generic drug applicants under abbreviated new drug applications (ANDAs) or controlled correspondences for the identified reference listed drugs (RLDs). Fifteen PSGs (15 RLDs) recommended PGx information as a consideration factor for subject population selection, particularly for drugs associated with inherited enzyme deficiencies or cytochrome P450 polymorphism. The PGx-based considerations in these PSGs aimed to prevent serious adverse events (60%), optimize PK BE study design (7%), or address both factors (33%). Among the 15 RLDs, 5 had submitted ANDAs or correspondences with PK BE study protocols after their respective PSGs were published. Most of these submissions aligned with the PSG recommendations, incorporating PGx-related exclusion criteria. These findings suggest that while the number of submissions is low, generic drug developers are increasingly integrating PGx considerations in PK BE studies, recognizing its potential to enhance safety and efficiency in generic drug development. Continuing efforts from both regulators and industry are critical to expand its application to other drug candidates.",Pharmacology
"Combination antiretroviral therapy (ART) can suppress plasma HIV-RNA to < 50 copies/mL, decrease HIV transmission, reduce mortality, and improve quality of life for people living with HIV. ART cannot, however, eliminate HIV from an infected individual. The primary barrier to cure HIV infection is the multiple reservoir sites, including adipose tissue, bone marrow, central nervous system, liver, lungs, male and female reproductive system, secondary lymph nodes, and gut-associated lymphoid tissue, established 1 to 2 weeks after acquisition of HIV. Additional challenges include understanding the mechanism(s) by which HIV is maintained at low or undetectable levels and developing treatments that will eradicate or produce a sustained suppression of virus without ART. To date, the most extensive clinical investigations of cure strategies have been the shock-and-kill approach using histone deacetylase inhibitors (HDACis) to induce reactivation of latent HIV. Despite evidence for HIV latency reversal, HDACis alone have not decreased the size of the latent reservoir. Clinical pharmacologic explanations for these results include a low inhibitory quotient (i.e., low potency) within the reservoir sites and intrinsic (e.g., sex differences and reservoir size) and extrinsic (physiochemical and pharmacokinetic drug characteristics) factors. We offer an outline of desired clinical pharmacologic attributes for therapeutics intended for clinical HIV cure research and call for research teams to have early and ongoing involvement of clinical pharmacologists. We believe such a collective effort will provide a solid scientific basis and hope for reaching the goal of a cure for HIV infection.",Pharmacology
"The expanding role of oral chemotherapy in oncology is suggested by the abundance of orally formulated agents currently in development. The pharmacoeconomic principles that drive oral drug formulation are discussed. Patient preference for oral therapy is identified as a second major impetus for the design of oral cytotoxics. While the rationale for oral formulations is apparent, substantial patient compliance and pharmacokinetic limitations have been identified for this route of administration. Specific aspects of bioavailability limitations and patient compliance are discussed. Relevant pharmacokinetic data for each orally formulated chemotherapy agent are compared and selected novel oral cytotoxics and cytotoxic modulators are discussed. A review of pharmacokinetic literature suggests substantial variability in bioavailability for many orally formulated cancer cytotoxics. While these findings are observed for all classes of oral drugs, the issue is especially critical for cancer chemotherapy, in which a narrow therapeutic index is frequently observed. Improved bioavailability and reduced interpatient biovariability are therefore desirable for new cytotoxic formulations. Pharmacologic manipulations to improve bioavailability and reduce costs are examined. Oral chemotherapy represents a fundamental change in contemporary oncology practice, driven by pharmacoeconomic issues, patient convenience, and the potential for improved patient quality of life. Novel cytostatic therapies that require protracted drug administration periods will also favor an oral formulation. While the use of oral chemotherapy may initially be limited to metastatic disease palliation, demonstration of equivalent efficacy would allow for its subsequent use in adjuvant settings. This efficacy is contingent on circumventing bioavailability limitations and patient noncompliance. The development of specific, low-toxicity inhibitors of CYP3A4, P-glycoprotein (P-gp), and other drug metabolizing enzymes such as dihydropyrimidine dehydrogenase represents a major innovative step in the successful formulation of oral chemotherapy.",Pharmacology
"Sepsis and septic shock are accompanied by profound changes in the organism that may alter both the pharmacokinetics and the pharmacodynamics of drugs. This review elaborates on the mechanisms by which sepsis-induced pathophysiological changes may influence pharmacological processes. Drug absorption following intramuscular, subcutaneous, transdermal and oral administration may be reduced due to a decreased perfusion of muscles, skin and splanchnic organs. Compromised tissue perfusion may also affect drug distribution, resulting in a decrease of distribution volume. On the other hand, the increase in capillary permeability and interstitial oedema during sepsis and septic shock may enhance drug distribution. Changes in plasma protein binding, body water, tissue mass and pH may also affect drug distribution. For basic drugs that are bound to the acute phase reactant alpha(1)-acid glycoprotein, the increase in plasma concentration of this protein will result in a decreased distribution volume. The opposite may be observed for drugs that are extensively bound to albumin, as the latter protein decreases during septic conditions. For many drugs, the liver is the main organ for metabolism. The determinants of hepatic clearance of drugs are liver blood flow, drug binding in plasma and the activity of the metabolic enzymes; each of these may be influenced by sepsis and septic shock. For high extraction drugs, clearance is mainly flow-dependent, and sepsis-induced liver hypoperfusion may result in a decreased clearance. For low extraction drugs, clearance is determined by the degree of plasma binding and the activity of the metabolic enzymes. Oxidative metabolism via the cytochrome P450 enzyme system is an important clearance mechanism for many drugs, and has been shown to be markedly affected in septic conditions, resulting in decreased drug clearance. The kidneys are an important excretion pathway for many drugs. Renal failure, which often accompanies sepsis and septic shock, will result in accumulation of both parent drug and its metabolites. Changes in drug effect during septic conditions may theoretically result from changes in pharmacodynamics due to changes in the affinity of the receptor for the drug or alterations in the intrinsic activity at the receptor. The lack of valid pharmacological studies in patients with sepsis and septic shock makes drug administration in these patients a difficult challenge. The patient's underlying pathophysiological condition may guide individual dosage selection, which may be guided by measuring plasma concentration or drug effect.",Pharmacology
"Sucralfate, a complex of aluminium hydroxide with sulfated sucrose, forms a strong gastrointestinal tract (GIT) mucosal barrier with excellent anti-ulcer property. Because sucralfate does not undergo any significant oral absorption, sucralfate resides in the GIT for a considerable length of time. The unabsorbed sucralfate may alter the pharmacokinetics of the oral drugs by impeding its absorption and reducing the oral bioavailability. Because of the increased use of sucralfate, it was important to provide a reappraisal of the published clinical drug-drug interaction studies of sucralfate with scores of drugs. This review covers several category of drugs such as non-steroidal anti-inflammatory drugs, fluoroquinolones, histamine H2-receptor blockers, macrolides, anti-fungals, anti-diabetics, salicylic acid derivatives, steroidal anti-inflammatory drugs and provides pharmacokinetic data summary along with study design, objectives and key remarks. While the loss of oral bioavailability was significant for the fluoroquinolone class, it generally varied for other classes of drugs, suggesting that impact of the co-administration of sucralfate is manageable in clinical situations. Given the technology advancement in formulation development, it may be in order feasible to develop appropriate formulation strategies to either avoid or minimize the absorption-related issues when co-administered with sucralfate. It is recommended that consideration of both in vitro and preclinical studies may be in order to gauge the level of interaction of a drug with sucralfate. Such data may aid in the development of appropriate strategies to navigate the co-administration of sucralfate with other drugs in this age of polypharmacy.",Pharmacology
"Cytochrome P450 (CYP) drug oxidases play a pivotal role in the elimination of antipsychotic agents, and therefore influence the toxicity and efficacy of these drugs. Factors that affect CYP function and expression have a major impact on treatment outcomes with antipsychotic agents. In particular, aspects of CYP pharmacogenetics, and the processes of CYP induction and inhibition all influence in-vivo rates of drug elimination. Certain CYPs that mediate the oxidation of antipsychotic drugs exhibit genetic variants that may influence in-vivo activity. Thus, single nucleotide polymorphisms (SNPs) in CYP genes have been shown to encode enzymes that have decreased drug oxidation capacity. Additionally, psychopharmacotherapy has the potential for drug-drug inhibitory interactions involving CYPs, as well as drug-mediated CYP induction. Literature evidence supports a role for CYP1A2 in the clearance of the atypical antipsychotics clozapine and olanzapine; CYP1A2 is inducible by certain drugs and environmental chemicals. Recent studies have suggested that specific CYP1A2 variants possessing individual SNPs, and possibly also SNP combinations (haplotypes), in the 5'-regulatory regions may respond differently to inducing chemicals. CYP2D6 is an important catalyst of the oxidation of chlorpromazine, thioridazine, risperidone and haloperidol. Certain CYP2D6 allelic variants that encode enzymes with decreased drug oxidation capacity are more common in particular ethnic groups, which may lead to adverse effects with standard doses of psychoactive drugs. Thus, genotyping may be useful for dose optimization with certain psychoactive drugs that are substrates for CYP2D6. However, genotyping for inducible CYPs is unlikely to be sufficient to direct therapy with all antipsychotic agents. In-vivo CYP phenotyping with cocktails of drug substrates may assist at the commencement of therapy, but this approach could be complicated by pharmacokinetic interactions if applied when an antipsychotic drug regimen is ongoing.",Pharmacology
"The University of Florida Center for Pharmacometrics and Systems Pharmacology and the Food and Drug Administration Office of Generic Drugs have collaborated on a research project to develop a mechanism- and risk-based strategy that systematically investigates postmarketing reports of therapeutic inequivalence following the switch between brand and generic drug products. In this study we developed and qualified a physiologically based pharmacokinetic model to systematically investigate the influence of drug- and formulation-related properties on the oral absorption and bioequivalence of modified-release products using metoprolol as an example. Our findings show that the properties of the release-controlling polymer are the critical attributes for in vitro dissolution, in vivo absorption, and systemic exposure (ie, pharmacokinetics) and, thus, the bioequivalence of metoprolol extended-release products rather than the properties of the drug itself. Differences in dissolution rate can result in significant differences in maximum plasma concentration but not in area under the concentration-time curve.",Pharmacology
"Although effective treatment for mood and anxiety disorders have been available for more than 40 years, 30-50% of depressed patients and 25% of patients with anxiety disorder do not respond sufficiently to first-line treatment with antidepressants. Genetic factors are supposed to play a major role in both variation of treatment response and incidence of adverse effects to medication. So far, candidate genes of pharmacokinetic and pharmacodynamic pathways of antidepressants have been investigated, and associations between several candidate genes and response to antidepressants are reported. Two functional polymorphisms of the serotonin transporter gene, 5-HTTLPR and STin2 have been investigated in a large number of pharmacogenetic studies of depression; other candidate genes include serotonin receptor genes, brain-derived neurotrophic factor, P-glycoprotein (located in the blood-brain barrier), G-proteins, TPH1 and TPH2, MAOA, the noradrenaline transporter gene, FKBP5, or cytochrome P450 (CYP450) genes. CYP450 genes play a major role in the metabolism of a substantial part of psychotropics, including antidepressants, and the first estimates of dosage adjustments for antidepressants have been provided based on metabolizer status. Genome-wide association studies that use large numbers of single-nucleotide polymorphisms to screen the entire genome for alleles that influence a trait are now feasible, and the results of the first genome-wide association studies of antidepressant treatment outcome will soon be available. The current review not only updates pharmacogenetic research in depression but also focuses on antidepressant treatment response in anxiety disorders.",Pharmacology
"Novel pharmaceutical excipients, and new derivatives of currently used excipients, are new chemical entities and as such have to go through extensive pharmacokinetic and toxicologic evaluations before they can be approved for use in pharmaceutical products. The high cost of these safety studies, long development timelines and risks of failure have hampered development of new excipients and drug delivery systems. Various, relatively simple, methods are used for prediction of pharmacokinetic properties of new drug candidates based on their physicochemical properties. Similar methods can be applied to predict pharmacokinetic and ADME properties of new excipients. Simple methods, like the Rule-of-Five and the Biopharmaceutics Classification System, can be applied for early prediction of pharmacokinetic and ADME properties of new excipients and drug delivery systems although the aims can be different. While the objectives in new drug development are to maximize drug bioavailability and pharmacologic response the objectives in new excipient development can be reduced excipient bioavailability and enhanced rate of elimination. Here pharmacokinetic properties of some currently used excipients are reviewed and shown how some of the simple methods used to predict drug-like properties can be applied to predict desired properties of novel excipients and drug delivery systems.",Pharmacology
"Pharmacokinetic (PK) and pharmacodynamic (PD) publications provide scientific evidence for incorporation in evidence-based veterinary medicine, aiding the clinician in selecting doses and dosing intervals. PK and PD studies have reported wide variations within exotic species, due to physiologic differences in absorption, distribution, metabolism, and excretion. PK studies offer species-specific data to help tailor doses and dosing routes to individual patients, minimize toxicity, and provide a cornerstone for PD studies to determine drug efficacy. This article reviews the application of PK parameters and the challenges in determining the PD activity of drugs, with a particular emphasis on exotic species.",Pharmacology
"During gene therapy the concentration of plasmid DNA or oligonucleotides in the plasma can be quite different from their concentrations in the nucleus or cytosol where they exert their actions. For a better understanding of the apparent discrepancies between pharmacokinetics (PK) and pharmacodynamics (PD), a new concept for intracellular PK with an emphasis on the final efficacy of gene transcription is needed. Here, the conventional PK and intracellular PK and PD of non-viral gene delivery systems are discussed, together with a new concept, referred to as controlled intracellular disposition, which integrates these factors to gain a better understanding of gene expression in the nucleus. The importance of optimizing the system from a transcriptional point of view in the nucleus is also discussed. These new concepts must be integrated to develop an optimized non-viral gene delivery system.",Pharmacology
"Drug-resin complexes usually form in the aqueous phase. For poorly water-soluble drugs, low drug loading limits the use of resin in drug formulation. In this study, we used a new method to prepare azithromycin resinates, improving the drug loading rate, shortening the preparation time and simplifying the process. We used hydro-alcoholic solution as the drug loading solvent and the ion exchange resin as the carrier, and this method enabled the resin to adsorb both the retardant and the drug. The sustained release effect of retardant Eudragit RL, RS100 was analyzed. Drug loading efficiency, release profiles, morphology, physicochemical characterization and pharmacokinetic study were assessed. Preparation of drug resinate by batch method resulted in 14% higher drug loading of azithromycin and 3.5 h shorter loading time as compared to pure water for hydroalcoholic solution as drug loading solvent. Raman mappings demonstrated that the retardant with higher molecular weight was more likely to adsorb to the outer layer of the resin compared to the drug. The in vitro release and in vivo pharmacokinetic study of azithromycin resinates showed a sustained release profile with few gastrointestinal adverse effects. Therefore, the addition of ethanol not only improved the efficiency of drug loading but also showed sustained-release effect with one-pot preparation of azithromycin resinates.",Pharmacology
"Caffeine is a novel excipient that effectively reduces viscosity of high concentration mAb formulations intended for subcutaneous (SQ) delivery. Two preclinical studies were conducted in rats to evaluate pharmacokinetic (PK) parameters of caffeine as well as its effects on the PK profile of a model mAb, namely ipilimumab. Results show that SQ absorption and elimination of caffeine was rapid, with the average T<sub>max</sub> of 0.4 h and T<sub>1/2</sub> of 1.6 h, administered with or without ipilimumab. Furthermore, caffeine did not affect ipilimumab SQ PK profiles. Independent of caffeine concentration, ipilimumab serum T<sub>1/2</sub> was between 2 and 3 days, T<sub>max</sub> was between 3 and 4 days and SQ bioavailability was about 64%. In addition, SQ injection of caffeine at different dose levels showed no irritation at the injection site or adverse effects. Results from the current PK studies warrant further development of caffeine as a viscosity reducing excipient for mAb SQ formulations.",Pharmacology
"In neurology, as in any other clinical specialty, there is a need to develop treatment strategies that allow stratification of therapies to optimize efficacy and minimize toxicity. Pharmacogenomics is one such method for therapy optimization: it aims to elucidate the relationship between human genome sequence variation and differential drug responses. Approaches have focused on candidate approaches investigating absorption-, distribution-, metabolism, and elimination (ADME)-related genes (pharmacokinetic pathways), and potential drug targets (pharmacodynamic pathways). To date, however, only few genetic variants have been incorporated into clinical algorithms. Unfortunately, a large number of studies have thrown up contradictory results due to a number of deficiencies, including small sample sizes, inadequate phenotyping, and genotyping strategies. Thus, there still exists an urgent need to establish biomarkers that could help to select for patients with an optimal benefit to risk relationship. Here we review recent advances, and limitations, in pharmacogenomics for agents used in neuroimmunology, neurodegenerative diseases, ischemic stroke, epilepsy, and primary headaches. Further work is still required in all of these areas, which really needs to progress on several fronts, including better standardized phenotyping, appropriate sample sizes through multicenter collaborations and judicious use of new technological advances such as genome-wide approaches, next generation sequencing and systems biology. In time, this is likely to lead to improvements in the benefit-harm balance of neurological therapies, cost efficiency, and identification of new drugs.",Pharmacology
"Protein kinase inhibitors (PKI) are a growing class of anticancer agents. They are prescribed with flat doses, and their oral administration is associated with interindividual variability in exposure. Patients can be over- or underexposed, due to numerous factors. We reviewed key pharmacokinetic concepts and mechanisms by which PKIs prescription could be altered. Challenging situations that could lead to increased toxicity or to therapeutic failure are described and recommendation for clinicians are proposed. Finally, the interest of therapeutic drug monitoring and indications for its use in daily practice is discussed.",Pharmacology
"Population modeling is a relatively new pharmacological discipline, the development of which has largely been stimulated by the need for accurate models for the pharmacokinetics and dynamics of anesthetic agents. Population-based modeling is now considered superior to older, more traditional modeling methods. Nonlinear mixed-effect modeling - a commonly used population-based modeling approach - estimates intraindividual and interindividual variability, limits the influence of outlying samples and individuals through the use of Bayesian statistical analysis, and provides a potential means of optimizing drug delivery regimens, especially when used to define pharmacokinetic-dynamic models for target-controlled infusion systems. In addition to being used for pharmacokinetic modeling, in which the influence of factors such as age, weight and illness can be studied, it is a powerful tool for the study of the influence of multiple factors on drug pharmacodynamics. Nonlinear mixed-effect population-based modeling has become the gold standard method of pharmacokinetic and pharmacodynamic analysis during new drug development and during subsequent pharmacological studies. Population-based modeling techniques have been applied to numerous aspects of drug delivery in anesthesia, intensive care and pain medicine.",Pharmacology
"Enzymes of the cytochrome P450 (CYP) superfamily are the major determinants of half-life and execute pharmacological effects of many therapeutic drugs. In new drug discovery research, recombinant (human) CYPs are also used for identifying active or inactive metabolites that could lead to increased potency or toxicity of a molecule. In addition, CYP inhibition by anticancer drugs might lead to adverse drug reactions, multiple-drug resistance, and drug-drug interactions. During the discovery and pre-clinical evaluation of a New Chemical Entity (NCE), large amounts of purified recombinant CYPs are required for studying metabolism and pharmacokinetic parameters. Therefore, present research efforts are focused to over-express these human CYPs in bacteria, yeast, insect and mammalian cells, followed by their purification on an industrial scale to facilitate identification of novel anticancer drugs. This review summarizes the merits and limitations of these expression systems for an optimized production of individual CYP isoforms, and their usefulness in the discovery and development of target-based, safe and efficacious NCEs for the treatment of cancer.",Pharmacology
"Curcumin is a natural product with many interesting pharmacological properties. However, these are offset by the particularly poor biopharmaceutical properties. The oral bioavailability of curcumin in humans is very low, mainly due to low solubility, poor stability, and extensive metabolism. This has led to multiple approaches to improve bioavailability, including administration of curcumin with metabolism inhibitors, formulation into nanoparticles, modification of the curcumin structure, and development of curcumin prodrugs. In this paper, we focus on the pharmacokinetic outcomes of these approaches. Pharmacokinetic parameters of curcumin after release from prodrugs are dependent on the linker between curcumin and the promoiety, and the release itself may depend on the physiological and enzymatic environment at the site of cleavage. This is an area in which more data are required for rational design of improved linkers. Cytotoxicity of curcumin prodrugs seems to correlate well with cellular uptake in vitro, but the in vivo relevance is uncertain. We conclude that improved experimental and theoretical models of absorption of curcumin prodrugs, development of accurate analytical methods for simultaneous measurement of plasma levels of prodrug and released curcumin, and acquisition of more pharmacokinetic data in animal models for dose prediction in humans are required to facilitate movement of curcumin prodrugs into clinical trials.",Pharmacology
"Poly(D,L-lactic acid)-glycerol (PDLLA-G)-based nanoparticles (NPs) were fabricated for the intravenous delivery of curcumin (CUR). NPs with a mean diameter of approximately 200 nm, a narrow size distribution, and capable of efficient drug encapsulation were prepared using an emulsification-solvent evaporation method. The stability of NPs was verified in water, phosphate buffered saline (PBS), and serum after 24-h incubation. A sustained drug release pattern was observed, and the amount of CUR released in acidic media (pH 5.5) was higher than in media at physiological pH (pH 7.4). Blank NPs (without drug loading) did not exhibit severe cytotoxicity in MDA-MB-231 human breast adenocarcinoma cells. The in vitro anti-tumor efficacy of CUR-loaded NPs in MDA-MB-231 cells was comparable to that of a solution of CUR. Pharmacokinetic studies in rats showed that the in vivo clearance (CL) of CUR in the NP-treated group was lower than the group treated with CUR solution. Therefore, encapsulation of CUR in PDLLA-G NPs was shown to enable prolonged circulation of the drug in the blood stream and guarantee improved anticancer activity after intravenous injection. These biocompatible NPs could be an efficient nano-sized injectable formulation for CUR delivery.",Pharmacology
"Sustained release nanoformulations of second line anti-tubercular drugs can help in reducing their dosing frequency and improve patient's compliance in multi-drug resistant tuberculosis (MDR TB). The objective of the current study was to investigate the pharmacokinetics and tissues distribution of ethionamide encapsulated in poly (DL-lactide-co-glycolide) (PLGA) nanoparticles. The drug loaded nanoparticles were 286 ± 26 nm in size with narrow size distribution, and zeta-potential was -13 ± 2.5 mV. The drug encapsulation efficiency and loading capacity were 35.2 ± 3.1%w/w and 38.6 ± 2.3%w/w, respectively. Ethionamide-loaded nanoparticles were administered orally to mice at two different doses and the control group received free (unencapsulated) ethionamide. Ethionamide-loaded PLGA nanoparticles produced sustained release of ethionamide for 6 days in plasma against 6 h for free ethionamide. The Ethionamide was detected in organs (lung, liver, and spleen) for up to 5-7 days in the case of encapsulated ethionamide, whereas free ethionamide was cleared within 12 h. Ethionamide-loaded PLGA nanoparticles exhibited significant improvement in pharmacokinetic parameters, i.e. C(max), t(max), AUC₀₋∞, AUMC₀₋∞, and MRT of encapsulated ethionamide as compared with free ethionamide. Drug in nanoparticles also exhibited a dose proportional increase in the AUC₀₋∞ values. The pharmacodynamic parameters such as AUC₀₋₂₄/MIC, C(max)/MIC, and Time > MIC were also improved. PLGA nanoparticles of ethionamide have great potential in reducing dosing frequency of ethionamide in treatment of MDR TB.",Pharmacology
"Cancer is a multifactorial disease that requires treatments able to target multiple intracellular components and signaling pathways. The natural compound, curcumin, was already described as a promising anticancer agent due to its multipotent properties and huge amount of molecular targets in vitro. Its translation to the clinic is, however, limited by its reduced solubility and bioavailability in patients. In order to overcome these pharmacokinetic deficits of curcumin, several strategies, such as the design of synthetic analogs, the combination with specific adjuvants or nano-formulations, have been developed. By taking into account the risk-benefit profile of drug combinations, as well as the knowledge about curcumin's structure-activity relationship, a new concept for the combination of curcumin with scaffolds from different natural products or components has emerged. The concept of a hybrid curcumin molecule is based on the incorporation or combination of curcumin with specific antibodies, adjuvants or other natural products already used or not in conventional chemotherapy, in one single molecule. The high diversity of such conjugations enhances the selectivity and inherent biological activities and properties, as well as the efficacy of the parental compound, with particular emphasis on improving the efficacy of curcumin for future clinical treatments.",Pharmacology
"In this monograph, the potential use of methods based on the Biopharmaceutics Classification System (BCS) framework to evaluate the bioequivalence of solid immediate-release (IR) oral dosage forms containing fexofenadine hydrochloride as a substitute for a pharmacokinetic study in human volunteers is investigated. We assessed the solubility, permeability, dissolution, pharmacokinetics, pharmacodynamics, therapeutic index, bioavailability, drug-excipient interaction, and other properties using BCS recommendations from the ICH, FDA and EMA. The findings unequivocally support fexofenadine's classification to BCS Class IV as it is neither highly soluble nor highly permeable. Further impeding the approval of generic equivalents through the BCS-biowaiver pathway is the reference product's inability to release ≥ 85 % of the drug substance within 30 min in pH 1.2 and pH 4.5 media. According to ICH rules, BCS class IV drugs do not qualify for waiving clinical bioequivalence studies based on the BCS, even though fexofenadine has behaved more like a BCS class I/III than a class IV molecule in pharmacokinetic studies to date and has a wide therapeutic index.",Pharmacology
"Isoflavones are phytoestrogens with potent estrogenic activity; genistein, daidzein and glycitein are the most active isoflavones found in soy beans. Phytoestrogens have similarity in structure with the human female hormone 17-β-estradiol, which can bind to both alpha and beta estrogen receptors, and mimic the action of estrogens on target organs, thereby exerting many health benefits when used in some hormone-dependent diseases. Numerous clinical studies claim benefits of genistein and daidzein in chemoprevention of breast and prostate cancer, cardiovascular disease and osteoporosis as well as in relieving postmenopausal symptoms. The ability of isoflavones to prevent cancer and other chronic diseases largely depends on pharmacokinetic properties of these compounds, in particular absorption and distribution to the target tissue. The chemical form in which isoflavones occur is important because it influences their bioavailability and, therefore, their biological activity. Glucose-conjugated isoflavones are highly polar, water-soluble compounds. They are hardly absorbed by the intestinal epithelium and have weaker biological activities than the corresponding aglycone. Different microbial families of colon can transform glycosylated isoflavones into aglycones. Clinical studies show important differences between the aglycone and conjugated forms of genistein and daidzein. The evaluation of isoflavone metabolism and bioavailability is crucial to understanding their biological effects. Lipid-based formulations such as drug incorporation into oils, emulsions and self-microemulsifying formulations have been introduced to increase bioavailability. Complexation with cyclodextrin also represent a valid method to improve the physicochemical characteristics of these substances in order to be absorbed and distributed to target tissues. We review and discuss pharmacokinetic issues that critically influence the biological activity of isoflavones.",Pharmacology
"Over the past two decades, pharmacokinetic data have clearly demonstrated that development can markedly influence the absorption, distribution, excretion, and metabolism of xenobiotics. With respect to many of the processes that govern drug metabolism, the underlying pharmacogenetic determinants that may control either the affinity or the capacity of a drug or toxicant substrate for the enzymes responsible for its biotransformation appear to be altered as a function of development by mechanisms that are, for the most part, not well defined. Nonetheless, for many xenobiotics, the pharmacogenetic-developmental interface produces a ""pattern"" for drug metabolism that, when characterized, supports the pharmacokinetic properties (eg, drug clearance) reported for many agents across the pediatric age spectrum. With the exception of a few relatively well-characterized adverse drug effects (eg, toxicity of 6-mercaptopurine in patients with absent thiopurine methyltransferase activity, increased incidence of hepatotoxicity to valproic acid in young infants), the relationship of development and pharmacogenetics to enhanced toxicity risk from xenobiotic exposure is poorly defined. However, failure to adequately appreciate the pharmacokinetic consequences of the pharmacogenetic-developmental interface and to individualize therapy accordingly may lead to a clinically significant risk of drug therapy, namely, over- or underdosing.",Pharmacology
"Docetaxel (Taxotere(®)) has been one of the most important chemotherapeutic drugs for cancer treatment since 1996. Although a large number of clinical studies have been conducted in various cancer fields, there is a discrepancy in the standard dose between Japan and Western countries. This article reviews the pharmacokinetic, pharmacodynamic and toxicological profiles of docetaxel, and explains why there exists an ethnic difference in dose, and further discusses which direction we should go forward to solve this problem. The original recommended dose was 100 mg/m(2) every 3 weeks in US and European populations, while a Japanese phase I study suggested the recommended dose as 60 mg/m(2) every 3 weeks. A prospective population pharmacokinetic analysis of docetaxel conducted in both the USA/Europe and Japan, indicated an absence of ethnic difference in the pharmacokinetics. Both analyses demonstrated that docetaxel clearance is related to α1-acid glycoprotein level, hepatic function, age and body surface area. The relationship was observed between increasing docetaxel dose and increased tumor response rates across the dose range of 60 to 100 mg/m(2). The area under the serum concentration time curve (AUC) of docetaxel at the first cycle was significantly related to time to progression. Hematological toxicities were well correlated with the AUC of docetaxel, and severe hematological toxicities were more frequently observed in Japanese patients treated with 60 mg/m(2), compared to the US/European patients treated with 75-100 mg/m(2) dose. The Japanese population seems more susceptible to the toxicity of docetaxel. A docetaxel dose of 75 mg/m(2) is now standard not only in global trials but also in recent Japanese trials. Although the optimal dose of docetaxel is still unclear, we need to continue to seek the appropriate dose of docetaxel depending on patient status and the goals of chemotherapy.",Pharmacology
"Although the three (perhaps four) phases of clinical drug development are well known, it is relatively unappreciated that there are similar phases in pre-clinical development. These consist of 'Phase I' the initial, normally Research Discovery driven pharmacology; 'Phase II' non-good laboratory practice (GLP) dose range finding, followed by pivotal 'Phase III' GLP toxicology. Together with an array of in vitro experiments comparing species, these stages should enable an integrated safety assessment prior to entry into man, documenting to investigators and authorities evidence that the new pharmaceutic is unlikely to cause harm. Following the lessons learned from TeGenero TGN1412 and subsequent updates to regulatory guidelines, there are aspects peculiar to biotherapeutics, especially those that target key body systems, where calculations could be made for doses for human studies using pharmacokinetic and pharmacodynamic models. Two of these are exemplified in this paper. In the first, target-mediated drug disposition, where the binding of the drug to a cellular target quantitatively affects the pharmacokinetics, enables occupancy to be estimated without recourse to independent assays. In the second, assaying captured soluble target, as drug-target complexes, allows estimation of the concentration of the free ligand ensuring that in initial clinical studies, soluble targets are not overly suppressed. To support this methodology, it has been demonstrated using omalizumab, free and total IgE data that such analyses do predict the suppression of the free unbound ligand with reasonable accuracy. Overall, the objective of the process is to deliver a justification, through consideration of drug-target binding, of a safe starting and therapeutically relevant escalation doses for human studies.",Pharmacology
"Bosentan is a dual endothelin-1 (ET-1) receptor antagonist that has affinity for ET-1 receptors A and B. In the EU, oral bosentan (Tracleer) is indicated to improve exercise capacity and symptoms in patients with pulmonary arterial hypertension (PAH) of WHO functional class III; benefits have also been seen in patients with WHO functional class II PAH. Bosentan is available as film-coated tablets, and a new dispersible formulation of bosentan has also recently been approved in the EU for the treatment of PAH in children aged > or =2 years. A noncomparative, multicenter, phase III trial (FUTURE-1), which was primarily designed to investigate the pharmacokinetics of dispersible bosentan in pediatric patients, demonstrated that increasing the dosage of bosentan from 2 to 4 mg/kg twice daily was unlikely to result in increased exposure to bosentan. Exploratory measures of efficacy in FUTURE-1 demonstrated that target dosages of twice-daily dispersible bosentan 4 mg/kg (in patients weighing <30 kg) or 120 mg (in patients weighing > or =30 kg) for 12 weeks were beneficial in pediatric patients (aged > or =2 to <12 years) with WHO functional class II or III PAH. Film-coated bosentan 31.25, 62.5, or 125 mg (in pediatric patients weighing 10-20, >20-40, or >40 kg, respectively) twice daily for 12 weeks significantly (p < 0.05) improved the majority of hemodynamic measures evaluated as an exploratory measure in pediatric patients (aged 3-15 years) with WHO functional class II or III PAH in another noncomparative, multicenter, pharmacokinetic trial (BREATHE-3). However, there was no significant change in peak oxygen consumption or mean walk distance in those patients capable (i.e. children aged > or =8 years) of performing the 6-minute walk test. Bosentan was generally well tolerated in clinical trials of pediatric patients with PAH, with most adverse events being mild or moderate in severity and resolving with continued treatment.",Pharmacology
"Nanoparticulation using fat and supercritical fluid (NUFS<sup>TM</sup>) is a drug delivery platform technology enabling efficient and effective formulation of poorly soluble drugs. We performed experiments to examine whether NUFS™ could improve poor bioavailability and reduce fed-fasted bioavailability variances of erlotinib (Ert). NUFS-Ert was prepared using NUFS™ technology; its physical properties were characterized, and drug release was measured. Furthermore, in vitro and in vivo efficacy tests and pharmacokinetic analysis were performed. NUFS-Ert nanoparticles had an average size of 250 nm and were stable for 2 months at 40 °C, 4 °C, and room temperature. The dissolution rate of NUFS-Ert increased in bio-relevant dissolution media. NUFS-Ert was more potent in inhibiting EGF signaling and in suppressing the proliferation of A549, a human non-small cell lung cancer cell line. Furthermore, A549 xenografts in BALB/c nude mice treated with NUFS-Ert regressed more efficiently than those in the mice treated with vehicle or Tarceva<sup>®</sup>. In addition, experimental lung metastasis was more efficiently inhibited by NUFS-Ert than by Tarceva<sup>®</sup>. The relative bioavailability of NUFS-Ert compared with that of Tarceva<sup>®</sup> was 550% and the ratio of the area under the concentration-time curve (AUC) of fed state to the AUC of fasted state was 1.8 for NUFS-Ert and 5.8 for Tarceva<sup>®</sup>. NUFS-Ert could improve poor bioavailability and reduce fed-fasted bioavailability variances of Ert. NUFS-Ert was more efficacious than Tarceva<sup>®</sup>.",Pharmacology
"The process of treating a patient with an antiarrhythmic drug only begins when a physician chooses the drug to be employed. In the given patient, not only must the drug be chosen, but so must the dose, the formulation, and the method of follow-up. Choosing the proper dose requires an understanding of clinical trial efficacy and safety data for the agent chosen in a population of patients resembling the individual to be treated. It also requires a detailed understanding of pharmacologic principles of drug kinetics (e.g., absorption, distribution, metabolism, and excretion) that might affect the dose needed for the specific patient. The physician must be familiar with subsequent changes in clinical circumstances that might indicate a need for a change in dose or drug. Many circumstances determining drug pharmacokinetics are not under the immediate control of physicians, such as genetic patterns, organ function, and disease circumstances. One, however, is-or should always be-the selection of the drug formulation used. Although generic versions of innovator drugs exist for many agents and often are clinically acceptable, most physicians are unaware of the meager degree of testing that is necessary for the release of a generic drug, and the wide range of attained serum levels that are called bioequivalent by the US Food and Drug Administration (FDA) when one formulation is compared with another. In patients with cardiac arrhythmias, arrhythmia recurrence, proarrhythmia, and death have been reported in association with antiarrhythmic drug formulation substitution. Despite their reported bioequivalence, the generic agents involved were clearly not therapeutically equivalent. Accordingly, this article was written to educate physicians further about the above-noted important pharmacokinetic variables that can affect a patient's outcome when an antiarrhythmic drug is employed, and to provide information on the generic drug approval process and guidelines for the use of formulation substitution.",Pharmacology
"Long-acting nanoformulated antiretroviral therapy (nanoART) that targets monocyte-macrophages could improve the drug's half-life and protein-binding capacities while facilitating cell and tissue depots. To this end, ART nanoparticles that target the folic acid (FA) receptor and permit cell-based drug depots were examined using pharmacokinetic and pharmacodynamic (PD) tests. FA receptor-targeted poloxamer 407 nanocrystals, containing ritonavir-boosted atazanavir (ATV/r), significantly increased drug bioavailability and PD by five and 100 times, respectively. Drug particles administered to human peripheral blood lymphocyte reconstituted NOD.Cg-Prkdc(scid)Il2rg(tm1Wjl)/SzJ mice and infected with HIV-1ADA led to ATV/r drug concentrations that paralleled FA receptor beta staining in both the macrophage-rich parafollicular areas of spleen and lymph nodes. Drug levels were higher in these tissues than what could be achieved by either native drug or untargeted nanoART particles. The data also mirrored potent reductions in viral loads, tissue viral RNA and numbers of HIV-1p24+ cells in infected and treated animals. We conclude that FA-P407 coating of ART nanoparticles readily facilitates drug carriage and antiretroviral responses.",Pharmacology
"The rationale for the use of high-dose, short-course azithromycin treatment regimens is based on the pharmacokinetic properties of azithromycin. Its long elimination half-life (approximately 60 h) and antibacterial potency make short-course (1-day) regimens feasible. Azithromycin is concentrated within phagocytic cells, which deliver it in a targeted manner to sites of infection. In vitro and in vivo models demonstrate that azithromycin is taken up, transported and released at the sites of infection by polymorphonuclear neutrophils and macrophages. Uptake is not saturable, so delivery of the total azithromycin therapeutic regimen as a single dose of azithromycin microspheres should lead to increased uptake and delivery of the drug to sites of infection. By achieving higher drug concentrations at the site of infection, a single, high dose of azithromycin microspheres should maximize efficacy. The new microsphere formulation allows for 'front loading' of the dose to achieve the highest drug levels early in the course of infection while maintaining favorable tolerability.",Pharmacology
"This article describes the European Union stepwise approach used for the development and assessment of second-entry orally inhaled products. This approach is similar to the approach used for systemically acting products. In some cases, in vitro data can be used to show equivalence without performing in vivo studies (e.g., solutions for nebulization in the case of inhalation products, and oral solutions or Biopharmaceutics Classification System-based biowaivers in the case of systemically acting drugs). If equivalence cannot be shown in the first step, the Applicant can show equivalence in a second step by means of conventional pharmacokinetic bioequivalence studies to assess directly systemic exposure and lung deposition indirectly. The dose absorbed from the lungs should be distinguished from the dose absorbed from the gastrointestinal tract. Then the fraction of dose absorbed (area under the curve) represents the dose that reached the site of action, and the peak exposure gives information on the pattern of deposition within the lungs. This information is more discriminative than any pharmacodynamic or clinical endpoint, because these have flat dose-response curves. If equivalence is not shown with pharmacokinetic data, the Applicant can decide to show equivalence by means of pharmacodynamic or clinical trials, but assay sensitivity must be demonstrated within the study and relative potency should be estimated. This article focuses on the in vitro requirements applicable in the European Union for a waiver of in vivo studies and for waiving studies with all drug product strengths or pharmacokinetic studies in patients. The reasons why in the European Union in vitro data alone can be used to show equivalence are discussed, and some examples are given.",Pharmacology
"In the drive to replace chlorofluorinated hydrocarbons (CFCs) by alternative more environmentally friendly propellants in pressurized metered dose inhalers (pMDIs), Chiesi has developed new inhalers using Modulite technology. The aim was to obtain CFC-free pMDIs which are equivalent, in terms of safety and efficacy, to the previous CFC devices at the same dose. When beclometasone dipropionate (BDP) and budesonide Modulite formulations were compared to the equivalent CFC products there was no significant difference in morning serum cortisol or urinary cortisol excretion, at the maximum recommended daily dose (2000 micrograms or 1600 micrograms respectively). Single dose pharmacokinetic studies in both healthy volunteers and asthmatic patients compared systemic exposure (B17MP levels) for BDP-CFC with BDP Modulite and extrafine BDP-HFA (QVAR). B17MP levels for BDP-CFC and BDP Modulite were comparable, but substantially less than that seen with extrafine BDP-HFA. After 6 weeks of treatment in asthmatic patients, B17MP AUC after inhalation of BDP (1000 micrograms twice-daily) from BDP Modulite was comparable with that obtained after BDP-CFC (Becloforte). Plasma profile of BDP and B17MP were similar after inhalation from BDP Modulite with standard actuator or delivered via a spacer, suggesting that pulmonary delivery of BDP to the lung is similar with both actuators.",Pharmacology
"The purpose of this study was to investigate the pharmacokinetic properties of colistin following intrapulmonary administration of colistin sulfate in rats. Colistin was infused or delivered in nebulized form at a dose of 0.35 mg/kg of body weight in rats, and plasma drug concentrations were measured for 4 h after administration. Bronchoalveolar lavages (BAL) were also conducted at 0.5, 2, and 4 h after intravenous (i.v.) administration and administration via nebulized drug to estimate epithelial lining fluid (ELF) drug concentrations. Unbound colistin plasma concentrations at distribution equilibrium (2 h postdosing) were almost identical after i.v. infusion and nebulized drug inhalation. ELF drug concentrations were undetectable in BAL samples after i.v. administration, but they were about 1,800 times higher than unbound plasma drug levels at 2 h and 4 h after administration of the nebulized drug. Simultaneous pharmacokinetic modeling of plasma and ELF drug concentrations was performed with a model characterized by a fixed physiological volume of ELF (VELF), a passive diffusion clearance (QELF) between plasma and ELF, and a nonlinear influx transfer from ELF to the central compartment, which was assessed by reducing the nebulized dose of colistin by 10-fold (0.035 mg kg(-1)). The km was estimated to be 133 μg ml(-1), and the Vmax, in-to-Km ratio was equal to 2.5 × 10(-3) liter h(-1) kg(-1), which was 37 times higher than the QELF (6.7 × 10(-5) liter h(-1) kg(-1)). This study showed that with the higher ELF drug concentrations after administration via nebulized aerosol than after intravenous administration, for antibiotics with low permeability such as colistin, nebulization offers a real potential over intravenous administration for the treatment of pulmonary infections.",Pharmacology
"To evaluate the safety, pharmacokinetics and determine the recommended dose of the selective apoptotic antineoplastic drug, OSI-461 administered on a twice-daily regimen to patients with advanced solid malignancies. In this phase I trial, 33 patients were treated with OSI-461 doses ranging from 400 to 1,200 mg given twice daily in 4-week cycles. Pharmacokinetic studies were performed to characterize the plasma disposition of OSI-461 and the effect of food intake on OSI-461 absorption. Secondary biomarker studies were performed to assess the biologic activity of OSI-461 including the measurement of pGSK-3beta, a PKG substrate, and pharmacogenetic studies to identify polymorphisms of CYP3A that influence drug metabolism and of ABCG2, involved in drug resistance. Thirty-three patients were treated with 86 courses of OSI-461. The dose-limiting toxicities were grade 3 abdominal pain, found in one patient at the 1,000 mg BID fed dose level and all patients at the 1,200 mg BID fed dose level. There was also one episode each of grade 3 fatigue and grade 3 constipation at the 1,000 and 1,200 mg BID fed dose levels, respectively. Other common toxicities included mild to moderate fatigue, nausea, anorexia and mild elevation in bilirubin. Pharmacokinetic studies of OSI-461 revealed approximately a twofold increase in AUC(0-24) when OSI-461 was administered with food. An increase in pGSK-3beta post-dose was seen in the majority of patients and was greater at higher dose levels. No patients exhibited CYP3A4 polymorphisms, while 100% of patients were found to have the CYP3A5*3/CYP3A5*3 polymorphism. Two known polymorphisms of the ABCG2 gene, G34 --> A34 and C421 --> A421, occurred at frequencies of 11.76 and 29%, respectively. Toxicity and pharmacodynamic data show that the recommended oral dose of OSI-461 is 800 mg twice daily administered with food. The drug appears to be well-tolerated, and overall bioavailability appears to be markedly increased when the drug is administered with food. These results support further disease-directed evaluations of OSI-461 at a dose of 800 mg BID in combination with other chemotherapeutic agents.",Pharmacology
"Curcumin exhibits a surprisingly wide range of chemo-preventive and chemo-therapeutic activities. Curcumin has undergone more than 40 clinical trials for the treatment of inflammatory diseases and various human cancers. However, phase I/II clinical trials have shown that curcumin exhibit poor bioavailability in humans. Major reasons resulting in the low plasma and tissue levels of curcumin appear to be its poor absorption, fast metabolism, and rapid systemic elimination. It is suggested that the β-diketone moiety is responsible for the instability and weak pharmacokinetic profiles of curcumin. To attenuate the fast metabolism of curcumin, numerous approaches have been considered, including the adjuvant, the liposomal curcumin, curcumin nanoparticles and phospholipid complex, and structural modification to prepare the analogues without the β-diketone moiety. Particularly, the latter called mono-carbonyl analogs of curcumin (MACs) has been reported to has an enhanced stability in vitro and an improved pharmacokinetic profile in vivo. Thus, MACs have attracted a high attention for development of new curcumin-based agents with both enhanced bioactivities and pharmacokinetic profiles. A number of MACs have shown potential anticancer and anti-inflammatory activity in various models. Several of them have been studied intensively in order to develop novel agents. This review covers 607 MACs as well as their biological activities reported in the past two decades.",Pharmacology
"The objective of this research was to evaluate the impact of changes in the formulation of metoprolol extended-release (ER) tablets on dissolution, pharmacokinetic, and exercise-induced heart rate (EIHR) using a combined physiologically based absorption pharmacokinetic, and population pharmacokinetic/pharmacodynamic modeling and simulation approach. Using a previously developed physiologically based absorption pharmacokinetic model in DDDPlus and GastroPlus, we simulated the changes in drug release and exposure as the result of quantitative changes in the release-controlling excipient, hydroxylpropylmethylcellulose, for 50 and 200 mg. The similarity of dissolution profiles was assessed using the f<sub>2</sub> test, and bioequivalence was tested on the simulated pharmacokinetic profiles. We used the simulated concentration-time profiles following formulation changes as pharmacokinetic input into a population pharmacokinetic/pharmacodynamic model newly developed in NONMEM to determine if changes in pharmacokinetics lead to clinically significant changes in pharmacodynamics. Pharmacodynamic assessment was based on the percentage reduction in the EIHR from baseline. Therapeutic effect was considered similar when the model-predicted EIHR was within 50% to 85% of the average maximum EIHR of healthy 30-year-old subjects. A 40% or more increase in the release rate constant resulted in dissimilarity in dissolution profiles and bioINequivalence in pharmacokinetics for both 50 and 200 mg. Formulation-related differences in drug release of metoprolol ER tablets can lead to differences in pharmacokinetics. However, the evaluated pharmacokinetic differences do not lead to clinically meaningful differences in EIHR, suggesting that EIHR may not be sensitive enough to detect changes in pharmacokinetics of metoprolol ER products.",Pharmacology
"Intra- and inter-ethnic differences in pharmacokinetic and pharmacodynamic profiles of clinically relevant drugs are important issues not only for scenes of appropriate drug use in clinical settings but also for those of the drug development. Pharmacogenomics is extremely useful for understanding these racial differences. In this presentation, I will introduce pharmacogenomic concepts (e.g., single nucleotide polymorphisms (SNPs) and haplotype) for interpretation of racial differences in some drugs; pharmacogenomics of drug transporters such as OATP1B1 (organic anion transporting-polypeptide 1B1) and OCT1 (organic cation transporter 1) in pravastatin, metformin, and rosuvastatin will be discussed as model drugs.",Pharmacology
"Astragalus polysaccharide (APS) (used for intestinal protection) was added to formulate the Tongshu suppository to improve the pharmacokinetics of Aceclofenac, which were assessed in New Zealand rabbits using an orthogonal experimental design. The single-agent Aceclofenac was taken as the control formulation. The concentration-time and drug release curves were drawn, and T max (min), C max (μg·mL(-1)), AUC0→∞ , and MRT were compared using a pharmacokinetic systems program. The formulated Tongshu suppository had moderate hardness, a smooth surface with uniform color, and theoretical drug-loading rate of 8%. Its release rate was in accordance with the drug preparation requirements. The concentration-time curves and drug release curves revealed that the maximum concentrations (C max) were 4.18 ± 1.03 μg·mL(-1) and 3.34 ± 0.41 μg·mL(-1) for the Tongshu and Aceclofenac suppositories, respectively, showing statistically insignificant difference, while the peak times were 34.87 ± 4.69 min and 34.76 ± 6.34 min, respectively, also showing statistically insignificant difference. Compared with the Aceclofenac suppository, the relative bioavailability of the Tongshu suppository was 104.4%, and the difference between them was statistically insignificant. In this experiment, the Tongshu suppository was prepared using the hot-melt method. In vivo pharmacokinetic studies confirmed it had higher bioavailability than the Aceclofenac suppository.",Pharmacology
"Lack of predictability of clinical efficacy and safety is an important problem facing pharmaceutical research today. Translational PK-PD has the ability to integrate data generated from diverse test platforms during discovery and development in a mechanistic framework. Therefore, successful implementation of translational PK-PD modelling and simulation early in the development cycle could have a substantial impact on overall efficiency and success of pharmaceutical research. Three case studies are presented, which outline successful implementation of the translational PK-PD methodology in the rational development of biotherapeutics across various stages of discovery and development. Emerging developments within the field are also discussed.",Pharmacology
"HIV is a worldwide epidemic that can be managed by combination antiretroviral therapy. Effective regimens commonly include the use of a ritonavir-boosted protease inhibitor (PI). In February 2010, the FDA approved heat-stable ritonavir tablets for management of HIV; these do not require refrigeration and may improve patient access. The goal of this article is to review the ritonavir 100 mg heat-stable tablet formulation for the treatment of HIV, focusing on recent pharmacokinetic studies, safety and tolerability data, administration, and storage. With recent FDA approval, it is important that clinicians and pharmacists are knowledgeable about the differences between heat-stable ritonavir tablets and the previous soft-gel-capsule (SGC) formulation. Heat-stable ritonavir tablets are not bioequivalent to previous SGC and differ in regards to storage requirements. Despite this, ritonavir tablets appear to be well tolerated and may provide additional options for selected patients with HIV.",Pharmacology
"Animal-to-man extrapolation and therapeutic dose prediction are illustrated with two molecules designed to treat epilepsy. Synaptic vesicle protein 2A (SV2A) is the primary molecular target for their anticonvulsive effect, but additional mechanisms may also contribute. Brivaracetam (BRV), currently in phase 3 of clinical development, was used as the benchmark compound. A pharmacokinetic/pharmacodynamic model was built in NONMEM, relating the brain tissue concentrations of BRV in mice and the proportion of animals protected against convulsions in the pharmacological model of audiogenic seizures. Brain concentrations were linked with ex vivo binding to predict brain SV2A occupancy. A physiologically based pharmacokinetic model was developed for predicting BRV concentrations in human plasma and brain tissue. Predicted plasma profiles were in good agreement with observations. Predicted human brain concentrations of BRV and the mouse ex vivo binding pharmacokinetic/pharmacodynamic model were used to extrapolate brain SV2A occupancy at the human therapeutic dose. Secondly, for another compound also exhibiting selective affinity for the same target, similar pharmacokinetic/pharmacodynamic models were built from audiogenic seizure mouse data. Various dosing regimens of the new compound were simulated in order to reach the same brain SV2A occupancy as for the reference compound. These estimations support early development. Assumptions and limitations of the approach are discussed.",Pharmacology
"Antithrombotics are one of the most commonly prescribed classes of medication around the world. The thienopyridines are an integral part of antithrombotic therapy and are prescribed for various indications including acute coronary syndrome, peripheral vascular disease and cerebrovascular disease. These drugs have distinct metabolic pathways, which lead to the formation of active metabolites that produce both observed clinical differences as well as pharmacokinetic and pharmacodynamic differences in response. The authors describe the pharmacokinetic and pharmacodynamic behavior of three of the currently available thienopyridines, namely ticlopidine, clopidogrel and prasugrel. The authors also describe and discuss the drug interaction and pharmacogenomic factors which may impact safety and drug efficacy. P2Y(12)-ADP receptor antagonism has proven to be effective at preventing thrombosis. Differences in the activation of these drugs, cytochrome metabolism, concomitant drug use and pharmacogenomics have an impact on thienopyridine use. Clopidogrel remains the thienopyridine drug with the most approved indications for use. Prasugrel has proven to be efficacious but is associated with a higher bleeding risk in comparison to clopidogrel and therefore has to be used in appropriate clinical indications.",Pharmacology
"There is a lack of high-quality data regarding optimal chemotherapy dosage regimens among infants. Dosing regimens for chemotherapy during the first year of life are commonly based on empiric recommendations extrapolated from older children; however, balancing efficacy and toxicity is critical as severe adverse drug reactions may lead to treatment failure or reduced adherence to needed medications. This review describes pharmacokinetic and pharmacogenetic considerations when administering chemotherapeutic agents to infants. Examples of commonly used agents are provided with practical recommendations for dosing adjustments. Optimal chemotherapy for children and infants in particular has lagged behind the remarkable progress in cancer treatment and it is clear that far more basic and clinical research are needed with respect to the mechanistic basis of age-dependent differences in pharmacokinetic parameters. More recent studies which have combined pharmacokinetic data with clinical toxicity and outcome data have resulted in a number of more evidence-based guidelines at least for the initial chemotherapy dosing; however, at present, the dosing of chemotherapy drugs in neonates and infants remains largely empiric.",Pharmacology
"In this research work, nanocrystals (NC) of poorly water-soluble drug genistein (Gen) were formulated to improve its aqueous solubility and bioavailability. Genistein nanocrystals (Gen-NC) were prepared by wet ball milling. The formulation was optimized using Box Behnken Design Expert to evaluate the impact of stabilizer concentration, drug concentration and quantity of zirconium beads (milling media) on NC size, polydispersity and zeta potential. The NCs were surface-decorated with transferrin (Tf) to form Tf modified Gen-NCs (Tf-Gen-NC) for improving cancer cell selectivity and cytotoxicity. The NC formulations were characterized by dynamic light scattering (DLS), scanning electron microscopy (SEM), Fourier transform infrared (FTIR) spectroscopy, X-ray power diffraction (XRD) and differential scanning calorimetry (DSC). The particle size distribution of the optimized formulation varied from 200 to 300 nm with poly dispersibility index (PDI) between 0.1 and 0.3. Tf-Gen-NC and Gen-NC released 96 % and 80 % of the drug content in 20 min at 37 °C, respectively, whereas only 18 % were released with the unprocessed drug. In vitro cytotoxicity was tested in pulmonary adenocarcinoma epithelial cells (A549) and fibroblast cell line (L929). The Tf-Gen-NC presented an enhanced anticancer effect. In vivo pharmacokinetic studies in mice after intraperitoneal administration showed that the C<sub>max</sub> of NC formulations were 2.5-fold higher compared to free Gen. The area under the curve from time of administration to 24 h was 2.5 to 3-fold higher when compared with unprocessed drug. This study shows the interest of Gen-NC in the development of new formulations for Gen as an anticancer drug.",Pharmacology
"Pharmacologic and toxic effects of xenobiotics, such as drugs of abuse, depend on the genotype and phenotype of an individual, and conversely on the isoenzymes involved in their metabolism and transport. The current knowledge of such isoenzymes of frequently abused therapeutics such as opioids (oxycodone, hydrocodone, methadone, fentanyl, buprenorphine, tramadol, heroin, morphine and codeine), anesthetics (γ-hydroxybutyric acid, propofol, ketamine and phencyclidine) and cognitive enhancers (methylphenidate and modafinil), and some important plant-derived hallucinogens (lysergide, salvinorin A, psilocybin and psilocin), as well as of nicotine in humans are summarized in this article. The isoenzymes (e.g., cytochrome P450, glucuronyltransferases, esterases and reductases) involved in the metabolism of drugs and some pharmacokinetic data are discussed. The relevance of such data is discussed for predicting possible interactions with other xenobiotics, understanding pharmacokinetic behavior and pharmacogenomic variations, assessing toxic risks, developing suitable toxicological analysis procedures, and finally for interpretating drug testing results.",Pharmacology
"Sophoraflavanone G (SFG) is promising component in clinical treatment. The purpose of this study was to develop a drug delivery system in order to improve oral bioavailability of SFG. The optimum formulation of Self-microemulsifying Drug Delivery System with SFG (SFG-SMEDDS) was selected by the solubility test, self-emulsifying grading test and ternary phase diagram test. The optimized formulation of SFG-S-SMEDDS was composed of Ethyl Oleate (38.5%, w/w), Cremophor RH40 (47.5%, w/w), PEG 400 (14.0%, w/w), and drug loading (20 mg/g). Mannitol as a solid absorbent was added to SFG-SMEDDS formulation with the mass adsorption ratio of 2:1 (w/w). The vitro release rate of SFG-S-SMEDDS reached 60% in 10 min and 80% in 30 min. After SD rats were given SFG and SFG-S-SMEDDS by oral administration, it was found that the area under the curve of SFG-S-SMEDDS was significantly larger than that of SFG suspension and the relative bioavailability of SFG in rats was 343.84%. In addition, the SFG-S-SMEDDS did not change greatly within 3 months. Therefore, the results show that SFG-S-SMEDDS can significantly improve the oral bioavailability of SFG so as to lay a foundation of further research on the new dosage form of SFG.",Pharmacology
